"","scenario","year","variable","value","units"
"1","GCAM",1750,"CO2_concentration",277.309117699513,"ppmv CO2"
"2","GCAM",1751,"CO2_concentration",277.335763879206,"ppmv CO2"
"3","GCAM",1752,"CO2_concentration",277.362672665396,"ppmv CO2"
"4","GCAM",1753,"CO2_concentration",277.389928633595,"ppmv CO2"
"5","GCAM",1754,"CO2_concentration",277.416866037635,"ppmv CO2"
"6","GCAM",1755,"CO2_concentration",277.442811460026,"ppmv CO2"
"7","GCAM",1756,"CO2_concentration",277.4664087713,"ppmv CO2"
"8","GCAM",1757,"CO2_concentration",277.466315431599,"ppmv CO2"
"9","GCAM",1758,"CO2_concentration",277.471263543619,"ppmv CO2"
"10","GCAM",1759,"CO2_concentration",277.486711949198,"ppmv CO2"
"11","GCAM",1760,"CO2_concentration",277.508775215383,"ppmv CO2"
"12","GCAM",1761,"CO2_concentration",277.533655472078,"ppmv CO2"
"13","GCAM",1762,"CO2_concentration",277.560328910298,"ppmv CO2"
"14","GCAM",1763,"CO2_concentration",277.495099487469,"ppmv CO2"
"15","GCAM",1764,"CO2_concentration",277.42941950081,"ppmv CO2"
"16","GCAM",1765,"CO2_concentration",277.407937583892,"ppmv CO2"
"17","GCAM",1766,"CO2_concentration",277.416999440832,"ppmv CO2"
"18","GCAM",1767,"CO2_concentration",277.408828479435,"ppmv CO2"
"19","GCAM",1768,"CO2_concentration",277.390295703292,"ppmv CO2"
"20","GCAM",1769,"CO2_concentration",277.394438884789,"ppmv CO2"
"21","GCAM",1770,"CO2_concentration",277.417922981938,"ppmv CO2"
"22","GCAM",1771,"CO2_concentration",277.438339299253,"ppmv CO2"
"23","GCAM",1772,"CO2_concentration",277.464264475953,"ppmv CO2"
"24","GCAM",1773,"CO2_concentration",277.49865673669,"ppmv CO2"
"25","GCAM",1774,"CO2_concentration",277.537814256161,"ppmv CO2"
"26","GCAM",1775,"CO2_concentration",277.577733896338,"ppmv CO2"
"27","GCAM",1776,"CO2_concentration",277.618568910294,"ppmv CO2"
"28","GCAM",1777,"CO2_concentration",277.659913438031,"ppmv CO2"
"29","GCAM",1778,"CO2_concentration",277.700695000564,"ppmv CO2"
"30","GCAM",1779,"CO2_concentration",277.740667850476,"ppmv CO2"
"31","GCAM",1780,"CO2_concentration",277.780605297288,"ppmv CO2"
"32","GCAM",1781,"CO2_concentration",277.819546229204,"ppmv CO2"
"33","GCAM",1782,"CO2_concentration",277.858825691267,"ppmv CO2"
"34","GCAM",1783,"CO2_concentration",277.898074621129,"ppmv CO2"
"35","GCAM",1784,"CO2_concentration",277.754701923254,"ppmv CO2"
"36","GCAM",1785,"CO2_concentration",277.366203753454,"ppmv CO2"
"37","GCAM",1786,"CO2_concentration",277.114059670238,"ppmv CO2"
"38","GCAM",1787,"CO2_concentration",277.008703582785,"ppmv CO2"
"39","GCAM",1788,"CO2_concentration",277.002322924627,"ppmv CO2"
"40","GCAM",1789,"CO2_concentration",277.051006284084,"ppmv CO2"
"41","GCAM",1790,"CO2_concentration",277.125931050425,"ppmv CO2"
"42","GCAM",1791,"CO2_concentration",277.210780628152,"ppmv CO2"
"43","GCAM",1792,"CO2_concentration",277.299192576494,"ppmv CO2"
"44","GCAM",1793,"CO2_concentration",277.387914086287,"ppmv CO2"
"45","GCAM",1794,"CO2_concentration",277.475406997157,"ppmv CO2"
"46","GCAM",1795,"CO2_concentration",277.560221644997,"ppmv CO2"
"47","GCAM",1796,"CO2_concentration",277.64403275158,"ppmv CO2"
"48","GCAM",1797,"CO2_concentration",277.714881827357,"ppmv CO2"
"49","GCAM",1798,"CO2_concentration",277.770402069408,"ppmv CO2"
"50","GCAM",1799,"CO2_concentration",277.830141712397,"ppmv CO2"
"51","GCAM",1800,"CO2_concentration",277.901061753189,"ppmv CO2"
"52","GCAM",1801,"CO2_concentration",277.979346440446,"ppmv CO2"
"53","GCAM",1802,"CO2_concentration",278.061709487892,"ppmv CO2"
"54","GCAM",1803,"CO2_concentration",278.146681468548,"ppmv CO2"
"55","GCAM",1804,"CO2_concentration",278.231952493295,"ppmv CO2"
"56","GCAM",1805,"CO2_concentration",278.31839087599,"ppmv CO2"
"57","GCAM",1806,"CO2_concentration",278.404883587186,"ppmv CO2"
"58","GCAM",1807,"CO2_concentration",278.489140990554,"ppmv CO2"
"59","GCAM",1808,"CO2_concentration",278.571912044923,"ppmv CO2"
"60","GCAM",1809,"CO2_concentration",278.651798947714,"ppmv CO2"
"61","GCAM",1810,"CO2_concentration",278.37177857505,"ppmv CO2"
"62","GCAM",1811,"CO2_concentration",278.090066282886,"ppmv CO2"
"63","GCAM",1812,"CO2_concentration",277.962909430391,"ppmv CO2"
"64","GCAM",1813,"CO2_concentration",277.968199062601,"ppmv CO2"
"65","GCAM",1814,"CO2_concentration",278.049506972342,"ppmv CO2"
"66","GCAM",1815,"CO2_concentration",278.167135808757,"ppmv CO2"
"67","GCAM",1816,"CO2_concentration",277.974754767661,"ppmv CO2"
"68","GCAM",1817,"CO2_concentration",277.563498473814,"ppmv CO2"
"69","GCAM",1818,"CO2_concentration",277.339142203908,"ppmv CO2"
"70","GCAM",1819,"CO2_concentration",277.323310673076,"ppmv CO2"
"71","GCAM",1820,"CO2_concentration",277.433967949598,"ppmv CO2"
"72","GCAM",1821,"CO2_concentration",277.606272086189,"ppmv CO2"
"73","GCAM",1822,"CO2_concentration",277.795638245826,"ppmv CO2"
"74","GCAM",1823,"CO2_concentration",277.989853347278,"ppmv CO2"
"75","GCAM",1824,"CO2_concentration",278.153982722108,"ppmv CO2"
"76","GCAM",1825,"CO2_concentration",278.327466343892,"ppmv CO2"
"77","GCAM",1826,"CO2_concentration",278.519289534747,"ppmv CO2"
"78","GCAM",1827,"CO2_concentration",278.723855823202,"ppmv CO2"
"79","GCAM",1828,"CO2_concentration",278.935184500719,"ppmv CO2"
"80","GCAM",1829,"CO2_concentration",279.148237798702,"ppmv CO2"
"81","GCAM",1830,"CO2_concentration",279.362431599914,"ppmv CO2"
"82","GCAM",1831,"CO2_concentration",279.579914984558,"ppmv CO2"
"83","GCAM",1832,"CO2_concentration",279.57130438102,"ppmv CO2"
"84","GCAM",1833,"CO2_concentration",279.538133827496,"ppmv CO2"
"85","GCAM",1834,"CO2_concentration",279.611536231808,"ppmv CO2"
"86","GCAM",1835,"CO2_concentration",279.774224259954,"ppmv CO2"
"87","GCAM",1836,"CO2_concentration",279.82240881199,"ppmv CO2"
"88","GCAM",1837,"CO2_concentration",279.877555620173,"ppmv CO2"
"89","GCAM",1838,"CO2_concentration",280.020038903717,"ppmv CO2"
"90","GCAM",1839,"CO2_concentration",280.231510378883,"ppmv CO2"
"91","GCAM",1840,"CO2_concentration",280.480803682441,"ppmv CO2"
"92","GCAM",1841,"CO2_concentration",280.747865084299,"ppmv CO2"
"93","GCAM",1842,"CO2_concentration",281.021796453249,"ppmv CO2"
"94","GCAM",1843,"CO2_concentration",281.298661598269,"ppmv CO2"
"95","GCAM",1844,"CO2_concentration",281.576784956273,"ppmv CO2"
"96","GCAM",1845,"CO2_concentration",281.856346991518,"ppmv CO2"
"97","GCAM",1846,"CO2_concentration",282.13685355526,"ppmv CO2"
"98","GCAM",1847,"CO2_concentration",282.400674227624,"ppmv CO2"
"99","GCAM",1848,"CO2_concentration",282.664059587603,"ppmv CO2"
"100","GCAM",1849,"CO2_concentration",282.934906779126,"ppmv CO2"
"101","GCAM",1850,"CO2_concentration",283.214253127782,"ppmv CO2"
"102","GCAM",1851,"CO2_concentration",283.499535463506,"ppmv CO2"
"103","GCAM",1852,"CO2_concentration",283.781218091903,"ppmv CO2"
"104","GCAM",1853,"CO2_concentration",284.087694679627,"ppmv CO2"
"105","GCAM",1854,"CO2_concentration",284.365223618121,"ppmv CO2"
"106","GCAM",1855,"CO2_concentration",284.625075664619,"ppmv CO2"
"107","GCAM",1856,"CO2_concentration",284.884156111,"ppmv CO2"
"108","GCAM",1857,"CO2_concentration",285.145133073151,"ppmv CO2"
"109","GCAM",1858,"CO2_concentration",285.385862081434,"ppmv CO2"
"110","GCAM",1859,"CO2_concentration",285.627780303254,"ppmv CO2"
"111","GCAM",1860,"CO2_concentration",285.877997413433,"ppmv CO2"
"112","GCAM",1861,"CO2_concentration",286.132180461885,"ppmv CO2"
"113","GCAM",1862,"CO2_concentration",286.382380989138,"ppmv CO2"
"114","GCAM",1863,"CO2_concentration",286.524854042395,"ppmv CO2"
"115","GCAM",1864,"CO2_concentration",286.671521117305,"ppmv CO2"
"116","GCAM",1865,"CO2_concentration",286.853602132382,"ppmv CO2"
"117","GCAM",1866,"CO2_concentration",287.058510885454,"ppmv CO2"
"118","GCAM",1867,"CO2_concentration",287.272503794217,"ppmv CO2"
"119","GCAM",1868,"CO2_concentration",287.488467193795,"ppmv CO2"
"120","GCAM",1869,"CO2_concentration",287.700296876305,"ppmv CO2"
"121","GCAM",1870,"CO2_concentration",287.910095827345,"ppmv CO2"
"122","GCAM",1871,"CO2_concentration",288.115096206757,"ppmv CO2"
"123","GCAM",1872,"CO2_concentration",288.328438597508,"ppmv CO2"
"124","GCAM",1873,"CO2_concentration",288.585287055809,"ppmv CO2"
"125","GCAM",1874,"CO2_concentration",288.813296902486,"ppmv CO2"
"126","GCAM",1875,"CO2_concentration",289.033321802038,"ppmv CO2"
"127","GCAM",1876,"CO2_concentration",289.256798806916,"ppmv CO2"
"128","GCAM",1877,"CO2_concentration",289.477261916601,"ppmv CO2"
"129","GCAM",1878,"CO2_concentration",289.697964606219,"ppmv CO2"
"130","GCAM",1879,"CO2_concentration",289.91623255967,"ppmv CO2"
"131","GCAM",1880,"CO2_concentration",290.135121070607,"ppmv CO2"
"132","GCAM",1881,"CO2_concentration",290.355686116948,"ppmv CO2"
"133","GCAM",1882,"CO2_concentration",290.584811263107,"ppmv CO2"
"134","GCAM",1883,"CO2_concentration",290.790555036164,"ppmv CO2"
"135","GCAM",1884,"CO2_concentration",290.947878188845,"ppmv CO2"
"136","GCAM",1885,"CO2_concentration",290.93144392732,"ppmv CO2"
"137","GCAM",1886,"CO2_concentration",290.970819873327,"ppmv CO2"
"138","GCAM",1887,"CO2_concentration",291.098038462422,"ppmv CO2"
"139","GCAM",1888,"CO2_concentration",291.270142694531,"ppmv CO2"
"140","GCAM",1889,"CO2_concentration",291.480920396539,"ppmv CO2"
"141","GCAM",1890,"CO2_concentration",291.704385272439,"ppmv CO2"
"142","GCAM",1891,"CO2_concentration",291.92780543187,"ppmv CO2"
"143","GCAM",1892,"CO2_concentration",292.132422502415,"ppmv CO2"
"144","GCAM",1893,"CO2_concentration",292.350909025261,"ppmv CO2"
"145","GCAM",1894,"CO2_concentration",292.579719035222,"ppmv CO2"
"146","GCAM",1895,"CO2_concentration",292.824074026084,"ppmv CO2"
"147","GCAM",1896,"CO2_concentration",293.077739373014,"ppmv CO2"
"148","GCAM",1897,"CO2_concentration",293.33394406636,"ppmv CO2"
"149","GCAM",1898,"CO2_concentration",293.594352819163,"ppmv CO2"
"150","GCAM",1899,"CO2_concentration",293.860097664318,"ppmv CO2"
"151","GCAM",1900,"CO2_concentration",294.136875017805,"ppmv CO2"
"152","GCAM",1901,"CO2_concentration",294.418574833627,"ppmv CO2"
"153","GCAM",1902,"CO2_concentration",294.731387865088,"ppmv CO2"
"154","GCAM",1903,"CO2_concentration",295.034508224375,"ppmv CO2"
"155","GCAM",1904,"CO2_concentration",295.282308841021,"ppmv CO2"
"156","GCAM",1905,"CO2_concentration",295.546855115775,"ppmv CO2"
"157","GCAM",1906,"CO2_concentration",295.881520710359,"ppmv CO2"
"158","GCAM",1907,"CO2_concentration",296.251284248578,"ppmv CO2"
"159","GCAM",1908,"CO2_concentration",296.642142347392,"ppmv CO2"
"160","GCAM",1909,"CO2_concentration",297.014787921914,"ppmv CO2"
"161","GCAM",1910,"CO2_concentration",297.396582314269,"ppmv CO2"
"162","GCAM",1911,"CO2_concentration",297.784028500809,"ppmv CO2"
"163","GCAM",1912,"CO2_concentration",298.138500328765,"ppmv CO2"
"164","GCAM",1913,"CO2_concentration",298.437312773805,"ppmv CO2"
"165","GCAM",1914,"CO2_concentration",298.71922970886,"ppmv CO2"
"166","GCAM",1915,"CO2_concentration",298.978131301887,"ppmv CO2"
"167","GCAM",1916,"CO2_concentration",299.248703085363,"ppmv CO2"
"168","GCAM",1917,"CO2_concentration",299.551865667425,"ppmv CO2"
"169","GCAM",1918,"CO2_concentration",299.862714748609,"ppmv CO2"
"170","GCAM",1919,"CO2_concentration",300.161480251849,"ppmv CO2"
"171","GCAM",1920,"CO2_concentration",300.410952783474,"ppmv CO2"
"172","GCAM",1921,"CO2_concentration",300.711875813527,"ppmv CO2"
"173","GCAM",1922,"CO2_concentration",300.98020283031,"ppmv CO2"
"174","GCAM",1923,"CO2_concentration",301.25256552319,"ppmv CO2"
"175","GCAM",1924,"CO2_concentration",301.567281905179,"ppmv CO2"
"176","GCAM",1925,"CO2_concentration",301.88424936729,"ppmv CO2"
"177","GCAM",1926,"CO2_concentration",302.201222111612,"ppmv CO2"
"178","GCAM",1927,"CO2_concentration",302.506187923617,"ppmv CO2"
"179","GCAM",1928,"CO2_concentration",302.864982188938,"ppmv CO2"
"180","GCAM",1929,"CO2_concentration",303.210998563711,"ppmv CO2"
"181","GCAM",1930,"CO2_concentration",303.575837780979,"ppmv CO2"
"182","GCAM",1931,"CO2_concentration",303.93726901738,"ppmv CO2"
"183","GCAM",1932,"CO2_concentration",304.257974994276,"ppmv CO2"
"184","GCAM",1933,"CO2_concentration",304.48178078965,"ppmv CO2"
"185","GCAM",1934,"CO2_concentration",304.732103600915,"ppmv CO2"
"186","GCAM",1935,"CO2_concentration",305.010860576769,"ppmv CO2"
"187","GCAM",1936,"CO2_concentration",305.303659671829,"ppmv CO2"
"188","GCAM",1937,"CO2_concentration",305.634302127171,"ppmv CO2"
"189","GCAM",1938,"CO2_concentration",305.977025739288,"ppmv CO2"
"190","GCAM",1939,"CO2_concentration",306.281890445033,"ppmv CO2"
"191","GCAM",1940,"CO2_concentration",306.610566896068,"ppmv CO2"
"192","GCAM",1941,"CO2_concentration",306.966353131528,"ppmv CO2"
"193","GCAM",1942,"CO2_concentration",307.312297047406,"ppmv CO2"
"194","GCAM",1943,"CO2_concentration",307.657533971074,"ppmv CO2"
"195","GCAM",1944,"CO2_concentration",308.011263014375,"ppmv CO2"
"196","GCAM",1945,"CO2_concentration",308.353286726893,"ppmv CO2"
"197","GCAM",1946,"CO2_concentration",308.601583643942,"ppmv CO2"
"198","GCAM",1947,"CO2_concentration",308.945378127165,"ppmv CO2"
"199","GCAM",1948,"CO2_concentration",309.360537956587,"ppmv CO2"
"200","GCAM",1949,"CO2_concentration",309.803367827238,"ppmv CO2"
"201","GCAM",1950,"CO2_concentration",310.224378748497,"ppmv CO2"
"202","GCAM",1951,"CO2_concentration",310.717247816646,"ppmv CO2"
"203","GCAM",1952,"CO2_concentration",311.34556118531,"ppmv CO2"
"204","GCAM",1953,"CO2_concentration",311.974190675238,"ppmv CO2"
"205","GCAM",1954,"CO2_concentration",312.60319530952,"ppmv CO2"
"206","GCAM",1955,"CO2_concentration",313.259648581754,"ppmv CO2"
"207","GCAM",1956,"CO2_concentration",313.995143125456,"ppmv CO2"
"208","GCAM",1957,"CO2_concentration",314.793588054061,"ppmv CO2"
"209","GCAM",1958,"CO2_concentration",315.614170033747,"ppmv CO2"
"210","GCAM",1959,"CO2_concentration",316.468116503586,"ppmv CO2"
"211","GCAM",1960,"CO2_concentration",317.329299523033,"ppmv CO2"
"212","GCAM",1961,"CO2_concentration",318.21300139293,"ppmv CO2"
"213","GCAM",1962,"CO2_concentration",319.099195665286,"ppmv CO2"
"214","GCAM",1963,"CO2_concentration",319.986033165381,"ppmv CO2"
"215","GCAM",1964,"CO2_concentration",320.836715220306,"ppmv CO2"
"216","GCAM",1965,"CO2_concentration",321.706948074173,"ppmv CO2"
"217","GCAM",1966,"CO2_concentration",322.659631609919,"ppmv CO2"
"218","GCAM",1967,"CO2_concentration",323.710188445018,"ppmv CO2"
"219","GCAM",1968,"CO2_concentration",324.805663317584,"ppmv CO2"
"220","GCAM",1969,"CO2_concentration",325.946502137498,"ppmv CO2"
"221","GCAM",1970,"CO2_concentration",327.16456727271,"ppmv CO2"
"222","GCAM",1971,"CO2_concentration",328.457836590882,"ppmv CO2"
"223","GCAM",1972,"CO2_concentration",329.726785653465,"ppmv CO2"
"224","GCAM",1973,"CO2_concentration",331.014746985279,"ppmv CO2"
"225","GCAM",1974,"CO2_concentration",332.397171684063,"ppmv CO2"
"226","GCAM",1975,"CO2_concentration",333.715085502048,"ppmv CO2"
"227","GCAM",1976,"CO2_concentration",334.969696262272,"ppmv CO2"
"228","GCAM",1977,"CO2_concentration",336.334692276502,"ppmv CO2"
"229","GCAM",1978,"CO2_concentration",337.769095606409,"ppmv CO2"
"230","GCAM",1979,"CO2_concentration",339.248810101993,"ppmv CO2"
"231","GCAM",1980,"CO2_concentration",340.738140849935,"ppmv CO2"
"232","GCAM",1981,"CO2_concentration",342.147922220019,"ppmv CO2"
"233","GCAM",1982,"CO2_concentration",343.482073824909,"ppmv CO2"
"234","GCAM",1983,"CO2_concentration",344.74063243766,"ppmv CO2"
"235","GCAM",1984,"CO2_concentration",345.996090475883,"ppmv CO2"
"236","GCAM",1985,"CO2_concentration",347.319166359121,"ppmv CO2"
"237","GCAM",1986,"CO2_concentration",348.696263158309,"ppmv CO2"
"238","GCAM",1987,"CO2_concentration",350.124128355182,"ppmv CO2"
"239","GCAM",1988,"CO2_concentration",351.598012275507,"ppmv CO2"
"240","GCAM",1989,"CO2_concentration",353.138796712206,"ppmv CO2"
"241","GCAM",1990,"CO2_concentration",354.699271832197,"ppmv CO2"
"242","GCAM",1991,"CO2_concentration",356.182102496883,"ppmv CO2"
"243","GCAM",1992,"CO2_concentration",357.663687728088,"ppmv CO2"
"244","GCAM",1993,"CO2_concentration",358.930639146426,"ppmv CO2"
"245","GCAM",1994,"CO2_concentration",360.133379840674,"ppmv CO2"
"246","GCAM",1995,"CO2_concentration",361.449795897009,"ppmv CO2"
"247","GCAM",1996,"CO2_concentration",362.88588754145,"ppmv CO2"
"248","GCAM",1997,"CO2_concentration",364.404207220241,"ppmv CO2"
"249","GCAM",1998,"CO2_concentration",366.293667188833,"ppmv CO2"
"250","GCAM",1999,"CO2_concentration",367.917208485463,"ppmv CO2"
"251","GCAM",2000,"CO2_concentration",369.501198762049,"ppmv CO2"
"252","GCAM",2001,"CO2_concentration",371.170544787593,"ppmv CO2"
"253","GCAM",2002,"CO2_concentration",372.769264374353,"ppmv CO2"
"254","GCAM",2003,"CO2_concentration",374.477981681151,"ppmv CO2"
"255","GCAM",2004,"CO2_concentration",376.248276840149,"ppmv CO2"
"256","GCAM",2005,"CO2_concentration",378.245515666066,"ppmv CO2"
"257","GCAM",2006,"CO2_concentration",380.222744890952,"ppmv CO2"
"258","GCAM",2007,"CO2_concentration",382.334026119649,"ppmv CO2"
"259","GCAM",2008,"CO2_concentration",384.580535375997,"ppmv CO2"
"260","GCAM",2009,"CO2_concentration",386.961937154495,"ppmv CO2"
"261","GCAM",2010,"CO2_concentration",389.472351986459,"ppmv CO2"
"262","GCAM",2011,"CO2_concentration",392.114011182271,"ppmv CO2"
"263","GCAM",2012,"CO2_concentration",394.835540396781,"ppmv CO2"
"264","GCAM",2013,"CO2_concentration",397.643685441695,"ppmv CO2"
"265","GCAM",2014,"CO2_concentration",400.541665749427,"ppmv CO2"
"266","GCAM",2015,"CO2_concentration",403.526172386968,"ppmv CO2"
"267","GCAM",2016,"CO2_concentration",406.596179823663,"ppmv CO2"
"268","GCAM",2017,"CO2_concentration",409.583940673636,"ppmv CO2"
"269","GCAM",2018,"CO2_concentration",412.495269190687,"ppmv CO2"
"270","GCAM",2019,"CO2_concentration",415.330933084204,"ppmv CO2"
"271","GCAM",2020,"CO2_concentration",418.086424068795,"ppmv CO2"
"272","GCAM",2021,"CO2_concentration",420.757258461848,"ppmv CO2"
"273","GCAM",2022,"CO2_concentration",423.339328233116,"ppmv CO2"
"274","GCAM",2023,"CO2_concentration",426.040410997578,"ppmv CO2"
"275","GCAM",2024,"CO2_concentration",428.854762317329,"ppmv CO2"
"276","GCAM",2025,"CO2_concentration",431.78225335207,"ppmv CO2"
"277","GCAM",2026,"CO2_concentration",434.826673890977,"ppmv CO2"
"278","GCAM",2027,"CO2_concentration",437.88053244254,"ppmv CO2"
"279","GCAM",2028,"CO2_concentration",440.947590291586,"ppmv CO2"
"280","GCAM",2029,"CO2_concentration",444.029492502211,"ppmv CO2"
"281","GCAM",2030,"CO2_concentration",447.127203153242,"ppmv CO2"
"282","GCAM",2031,"CO2_concentration",450.241438735027,"ppmv CO2"
"283","GCAM",2032,"CO2_concentration",453.362520325035,"ppmv CO2"
"284","GCAM",2033,"CO2_concentration",456.491814064904,"ppmv CO2"
"285","GCAM",2034,"CO2_concentration",459.632827463408,"ppmv CO2"
"286","GCAM",2035,"CO2_concentration",462.78646303331,"ppmv CO2"
"287","GCAM",2036,"CO2_concentration",465.952683043904,"ppmv CO2"
"288","GCAM",2037,"CO2_concentration",469.112572518136,"ppmv CO2"
"289","GCAM",2038,"CO2_concentration",472.268716456661,"ppmv CO2"
"290","GCAM",2039,"CO2_concentration",475.421651644797,"ppmv CO2"
"291","GCAM",2040,"CO2_concentration",478.571206694516,"ppmv CO2"
"292","GCAM",2041,"CO2_concentration",481.717401015859,"ppmv CO2"
"293","GCAM",2042,"CO2_concentration",484.858073242364,"ppmv CO2"
"294","GCAM",2043,"CO2_concentration",487.993779734026,"ppmv CO2"
"295","GCAM",2044,"CO2_concentration",491.124935058873,"ppmv CO2"
"296","GCAM",2045,"CO2_concentration",494.25192355645,"ppmv CO2"
"297","GCAM",2046,"CO2_concentration",497.375110918916,"ppmv CO2"
"298","GCAM",2047,"CO2_concentration",500.512812107153,"ppmv CO2"
"299","GCAM",2048,"CO2_concentration",503.665153898409,"ppmv CO2"
"300","GCAM",2049,"CO2_concentration",506.832852339845,"ppmv CO2"
"301","GCAM",2050,"CO2_concentration",510.016535554226,"ppmv CO2"
"302","GCAM",2051,"CO2_concentration",513.21678771284,"ppmv CO2"
"303","GCAM",2052,"CO2_concentration",516.426832701826,"ppmv CO2"
"304","GCAM",2053,"CO2_concentration",519.647494892102,"ppmv CO2"
"305","GCAM",2054,"CO2_concentration",522.879352724855,"ppmv CO2"
"306","GCAM",2055,"CO2_concentration",526.122931018038,"ppmv CO2"
"307","GCAM",2056,"CO2_concentration",529.378901860017,"ppmv CO2"
"308","GCAM",2057,"CO2_concentration",532.654995992921,"ppmv CO2"
"309","GCAM",2058,"CO2_concentration",535.950743189475,"ppmv CO2"
"310","GCAM",2059,"CO2_concentration",539.266061937163,"ppmv CO2"
"311","GCAM",2060,"CO2_concentration",542.601136988569,"ppmv CO2"
"312","GCAM",2061,"CO2_concentration",545.955920531841,"ppmv CO2"
"313","GCAM",2062,"CO2_concentration",549.321188453749,"ppmv CO2"
"314","GCAM",2063,"CO2_concentration",552.696465079359,"ppmv CO2"
"315","GCAM",2064,"CO2_concentration",556.081259067818,"ppmv CO2"
"316","GCAM",2065,"CO2_concentration",559.475822742217,"ppmv CO2"
"317","GCAM",2066,"CO2_concentration",562.879483780531,"ppmv CO2"
"318","GCAM",2067,"CO2_concentration",566.297394232134,"ppmv CO2"
"319","GCAM",2068,"CO2_concentration",569.728783012525,"ppmv CO2"
"320","GCAM",2069,"CO2_concentration",573.173096458157,"ppmv CO2"
"321","GCAM",2070,"CO2_concentration",576.62986675945,"ppmv CO2"
"322","GCAM",2071,"CO2_concentration",580.098667279843,"ppmv CO2"
"323","GCAM",2072,"CO2_concentration",583.580841801611,"ppmv CO2"
"324","GCAM",2073,"CO2_concentration",587.075748707602,"ppmv CO2"
"325","GCAM",2074,"CO2_concentration",590.582786268085,"ppmv CO2"
"326","GCAM",2075,"CO2_concentration",594.101383146468,"ppmv CO2"
"327","GCAM",2076,"CO2_concentration",597.631219526637,"ppmv CO2"
"328","GCAM",2077,"CO2_concentration",601.172191153117,"ppmv CO2"
"329","GCAM",2078,"CO2_concentration",604.724235123435,"ppmv CO2"
"330","GCAM",2079,"CO2_concentration",608.28723175021,"ppmv CO2"
"331","GCAM",2080,"CO2_concentration",611.861008409984,"ppmv CO2"
"332","GCAM",2081,"CO2_concentration",615.445403503397,"ppmv CO2"
"333","GCAM",2082,"CO2_concentration",619.023369793728,"ppmv CO2"
"334","GCAM",2083,"CO2_concentration",622.595512519954,"ppmv CO2"
"335","GCAM",2084,"CO2_concentration",626.16192536662,"ppmv CO2"
"336","GCAM",2085,"CO2_concentration",629.722576739269,"ppmv CO2"
"337","GCAM",2086,"CO2_concentration",633.277986564695,"ppmv CO2"
"338","GCAM",2087,"CO2_concentration",636.837692772417,"ppmv CO2"
"339","GCAM",2088,"CO2_concentration",640.400811184734,"ppmv CO2"
"340","GCAM",2089,"CO2_concentration",643.966638541912,"ppmv CO2"
"341","GCAM",2090,"CO2_concentration",647.534865181052,"ppmv CO2"
"342","GCAM",2091,"CO2_concentration",651.105143829231,"ppmv CO2"
"343","GCAM",2092,"CO2_concentration",654.674529616924,"ppmv CO2"
"344","GCAM",2093,"CO2_concentration",658.243129516283,"ppmv CO2"
"345","GCAM",2094,"CO2_concentration",661.811075424189,"ppmv CO2"
"346","GCAM",2095,"CO2_concentration",665.378163488657,"ppmv CO2"
"347","GCAM",2096,"CO2_concentration",668.944181731385,"ppmv CO2"
"348","GCAM",2097,"CO2_concentration",672.507048597513,"ppmv CO2"
"349","GCAM",2098,"CO2_concentration",676.066783550578,"ppmv CO2"
"350","GCAM",2099,"CO2_concentration",679.623341953706,"ppmv CO2"
"351","GCAM",2100,"CO2_concentration",683.176685256166,"ppmv CO2"
"352","GCAM",1750,"RF_aci",0,"W/m2"
"353","GCAM",1751,"RF_aci",0.00523443511386906,"W/m2"
"354","GCAM",1752,"RF_aci",0.00819157405652227,"W/m2"
"355","GCAM",1753,"RF_aci",0.00534300137399429,"W/m2"
"356","GCAM",1754,"RF_aci",-0.00214585385313504,"W/m2"
"357","GCAM",1755,"RF_aci",0.00153220255322811,"W/m2"
"358","GCAM",1756,"RF_aci",0.00509940750105042,"W/m2"
"359","GCAM",1757,"RF_aci",-0.00590247382048642,"W/m2"
"360","GCAM",1758,"RF_aci",-0.00187606815259456,"W/m2"
"361","GCAM",1759,"RF_aci",-0.00281426506390803,"W/m2"
"362","GCAM",1760,"RF_aci",-0.00748014156901644,"W/m2"
"363","GCAM",1761,"RF_aci",-0.005510643436131,"W/m2"
"364","GCAM",1762,"RF_aci",-0.00164428945480832,"W/m2"
"365","GCAM",1763,"RF_aci",-0.00186028891976259,"W/m2"
"366","GCAM",1764,"RF_aci",0.00921501305283523,"W/m2"
"367","GCAM",1765,"RF_aci",-0.004964786462132,"W/m2"
"368","GCAM",1766,"RF_aci",0.00100639953550513,"W/m2"
"369","GCAM",1767,"RF_aci",0.000249592766700169,"W/m2"
"370","GCAM",1768,"RF_aci",-0.0133863527535537,"W/m2"
"371","GCAM",1769,"RF_aci",-0.00651714502415202,"W/m2"
"372","GCAM",1770,"RF_aci",-0.00674283384956803,"W/m2"
"373","GCAM",1771,"RF_aci",0.00203315288230527,"W/m2"
"374","GCAM",1772,"RF_aci",0.00612212374937815,"W/m2"
"375","GCAM",1773,"RF_aci",0.00438439504985805,"W/m2"
"376","GCAM",1774,"RF_aci",-0.0091784584412668,"W/m2"
"377","GCAM",1775,"RF_aci",-0.00381523539563838,"W/m2"
"378","GCAM",1776,"RF_aci",0.00091210537125036,"W/m2"
"379","GCAM",1777,"RF_aci",-0.00584787339986031,"W/m2"
"380","GCAM",1778,"RF_aci",-0.0105875117436672,"W/m2"
"381","GCAM",1779,"RF_aci",-0.0047222305424301,"W/m2"
"382","GCAM",1780,"RF_aci",-0.0124039607935063,"W/m2"
"383","GCAM",1781,"RF_aci",-0.00874695341376819,"W/m2"
"384","GCAM",1782,"RF_aci",-0.00634393528546473,"W/m2"
"385","GCAM",1783,"RF_aci",-0.00428474009643498,"W/m2"
"386","GCAM",1784,"RF_aci",0.00282289112548451,"W/m2"
"387","GCAM",1785,"RF_aci",-0.00686839524018334,"W/m2"
"388","GCAM",1786,"RF_aci",-0.00204214479785469,"W/m2"
"389","GCAM",1787,"RF_aci",-0.00703567857785403,"W/m2"
"390","GCAM",1788,"RF_aci",-0.019993184222742,"W/m2"
"391","GCAM",1789,"RF_aci",-0.0128009604088969,"W/m2"
"392","GCAM",1790,"RF_aci",-0.0139968042979185,"W/m2"
"393","GCAM",1791,"RF_aci",-0.0052196109340199,"W/m2"
"394","GCAM",1792,"RF_aci",-0.00197435067917101,"W/m2"
"395","GCAM",1793,"RF_aci",-0.0023284452794195,"W/m2"
"396","GCAM",1794,"RF_aci",-0.0161240455041826,"W/m2"
"397","GCAM",1795,"RF_aci",-0.0107543950889232,"W/m2"
"398","GCAM",1796,"RF_aci",-0.00511247263223175,"W/m2"
"399","GCAM",1797,"RF_aci",-0.0121391514182908,"W/m2"
"400","GCAM",1798,"RF_aci",-0.0161172479914478,"W/m2"
"401","GCAM",1799,"RF_aci",-0.0139139442770543,"W/m2"
"402","GCAM",1800,"RF_aci",-0.0179198758482463,"W/m2"
"403","GCAM",1801,"RF_aci",-0.0147889915068659,"W/m2"
"404","GCAM",1802,"RF_aci",-0.0149983475326656,"W/m2"
"405","GCAM",1803,"RF_aci",-0.00993627001232439,"W/m2"
"406","GCAM",1804,"RF_aci",-0.00764649172548015,"W/m2"
"407","GCAM",1805,"RF_aci",-0.0155525919014948,"W/m2"
"408","GCAM",1806,"RF_aci",-0.0132434526816573,"W/m2"
"409","GCAM",1807,"RF_aci",-0.0167327834383554,"W/m2"
"410","GCAM",1808,"RF_aci",-0.0292083078946674,"W/m2"
"411","GCAM",1809,"RF_aci",-0.0230364913856965,"W/m2"
"412","GCAM",1810,"RF_aci",-0.0248938077586935,"W/m2"
"413","GCAM",1811,"RF_aci",-0.018405570021622,"W/m2"
"414","GCAM",1812,"RF_aci",-0.0133089448860521,"W/m2"
"415","GCAM",1813,"RF_aci",-0.0158337372208375,"W/m2"
"416","GCAM",1814,"RF_aci",-0.0290014461021854,"W/m2"
"417","GCAM",1815,"RF_aci",-0.0247949723485772,"W/m2"
"418","GCAM",1816,"RF_aci",-0.0228272207578643,"W/m2"
"419","GCAM",1817,"RF_aci",-0.0258984230262915,"W/m2"
"420","GCAM",1818,"RF_aci",-0.0328153599336694,"W/m2"
"421","GCAM",1819,"RF_aci",-0.0287319602833385,"W/m2"
"422","GCAM",1820,"RF_aci",-0.0344917387167311,"W/m2"
"423","GCAM",1821,"RF_aci",-0.033001178253553,"W/m2"
"424","GCAM",1822,"RF_aci",-0.0312615024755053,"W/m2"
"425","GCAM",1823,"RF_aci",-0.0263382012814525,"W/m2"
"426","GCAM",1824,"RF_aci",-0.0259527830243733,"W/m2"
"427","GCAM",1825,"RF_aci",-0.0323986343898742,"W/m2"
"428","GCAM",1826,"RF_aci",-0.0290164561313104,"W/m2"
"429","GCAM",1827,"RF_aci",-0.0330685368572124,"W/m2"
"430","GCAM",1828,"RF_aci",-0.046881052324447,"W/m2"
"431","GCAM",1829,"RF_aci",-0.0409194979401774,"W/m2"
"432","GCAM",1830,"RF_aci",-0.0450019481489873,"W/m2"
"433","GCAM",1831,"RF_aci",-0.0360777426341444,"W/m2"
"434","GCAM",1832,"RF_aci",-0.0335389953627973,"W/m2"
"435","GCAM",1833,"RF_aci",-0.0359621968527622,"W/m2"
"436","GCAM",1834,"RF_aci",-0.047800577567097,"W/m2"
"437","GCAM",1835,"RF_aci",-0.0427426637329263,"W/m2"
"438","GCAM",1836,"RF_aci",-0.0447874047422733,"W/m2"
"439","GCAM",1837,"RF_aci",-0.0476762969018454,"W/m2"
"440","GCAM",1838,"RF_aci",-0.0538992821946788,"W/m2"
"441","GCAM",1839,"RF_aci",-0.0511543879505989,"W/m2"
"442","GCAM",1840,"RF_aci",-0.0526613665332379,"W/m2"
"443","GCAM",1841,"RF_aci",-0.0570034640037337,"W/m2"
"444","GCAM",1842,"RF_aci",-0.05386348181154,"W/m2"
"445","GCAM",1843,"RF_aci",-0.0467709663757733,"W/m2"
"446","GCAM",1844,"RF_aci",-0.0475848616910987,"W/m2"
"447","GCAM",1845,"RF_aci",-0.0565672620709505,"W/m2"
"448","GCAM",1846,"RF_aci",-0.0530039739836186,"W/m2"
"449","GCAM",1847,"RF_aci",-0.0612599316596811,"W/m2"
"450","GCAM",1848,"RF_aci",-0.0721765910835965,"W/m2"
"451","GCAM",1849,"RF_aci",-0.0681959936767199,"W/m2"
"452","GCAM",1850,"RF_aci",-0.0718477432580241,"W/m2"
"453","GCAM",1851,"RF_aci",-0.0622661774245083,"W/m2"
"454","GCAM",1852,"RF_aci",-0.0580124141064766,"W/m2"
"455","GCAM",1853,"RF_aci",-0.0621400534844382,"W/m2"
"456","GCAM",1854,"RF_aci",-0.078204835225717,"W/m2"
"457","GCAM",1855,"RF_aci",-0.0719368410249949,"W/m2"
"458","GCAM",1856,"RF_aci",-0.0719242244113334,"W/m2"
"459","GCAM",1857,"RF_aci",-0.0794424473659953,"W/m2"
"460","GCAM",1858,"RF_aci",-0.0835766060508871,"W/m2"
"461","GCAM",1859,"RF_aci",-0.08403283342863,"W/m2"
"462","GCAM",1860,"RF_aci",-0.0871584143160035,"W/m2"
"463","GCAM",1861,"RF_aci",-0.0871693402796734,"W/m2"
"464","GCAM",1862,"RF_aci",-0.0865163119976423,"W/m2"
"465","GCAM",1863,"RF_aci",-0.0819619614215713,"W/m2"
"466","GCAM",1864,"RF_aci",-0.084516040871183,"W/m2"
"467","GCAM",1865,"RF_aci",-0.0970093223242752,"W/m2"
"468","GCAM",1866,"RF_aci",-0.0931356967682052,"W/m2"
"469","GCAM",1867,"RF_aci",-0.102828777678734,"W/m2"
"470","GCAM",1868,"RF_aci",-0.114309385844783,"W/m2"
"471","GCAM",1869,"RF_aci",-0.108488113635079,"W/m2"
"472","GCAM",1870,"RF_aci",-0.116812901652072,"W/m2"
"473","GCAM",1871,"RF_aci",-0.109781656153828,"W/m2"
"474","GCAM",1872,"RF_aci",-0.106035444028067,"W/m2"
"475","GCAM",1873,"RF_aci",-0.119967730141611,"W/m2"
"476","GCAM",1874,"RF_aci",-0.125236330698042,"W/m2"
"477","GCAM",1875,"RF_aci",-0.117894810668412,"W/m2"
"478","GCAM",1876,"RF_aci",-0.123444566649305,"W/m2"
"479","GCAM",1877,"RF_aci",-0.127265991439214,"W/m2"
"480","GCAM",1878,"RF_aci",-0.130586792190015,"W/m2"
"481","GCAM",1879,"RF_aci",-0.13879220788144,"W/m2"
"482","GCAM",1880,"RF_aci",-0.141952412985122,"W/m2"
"483","GCAM",1881,"RF_aci",-0.145163950710556,"W/m2"
"484","GCAM",1882,"RF_aci",-0.145205719237893,"W/m2"
"485","GCAM",1883,"RF_aci",-0.140993581824992,"W/m2"
"486","GCAM",1884,"RF_aci",-0.148444314926843,"W/m2"
"487","GCAM",1885,"RF_aci",-0.152567215849294,"W/m2"
"488","GCAM",1886,"RF_aci",-0.151299541238012,"W/m2"
"489","GCAM",1887,"RF_aci",-0.159848615442961,"W/m2"
"490","GCAM",1888,"RF_aci",-0.176632473778212,"W/m2"
"491","GCAM",1889,"RF_aci",-0.172480058312017,"W/m2"
"492","GCAM",1890,"RF_aci",-0.184649840938486,"W/m2"
"493","GCAM",1891,"RF_aci",-0.178822134812833,"W/m2"
"494","GCAM",1892,"RF_aci",-0.176458778333823,"W/m2"
"495","GCAM",1893,"RF_aci",-0.179793875219186,"W/m2"
"496","GCAM",1894,"RF_aci",-0.195748405045498,"W/m2"
"497","GCAM",1895,"RF_aci",-0.196851868122038,"W/m2"
"498","GCAM",1896,"RF_aci",-0.193888795283029,"W/m2"
"499","GCAM",1897,"RF_aci",-0.207897348421928,"W/m2"
"500","GCAM",1898,"RF_aci",-0.213749365491307,"W/m2"
"501","GCAM",1899,"RF_aci",-0.231797699685784,"W/m2"
"502","GCAM",1900,"RF_aci",-0.236926711945634,"W/m2"
"503","GCAM",1901,"RF_aci",-0.238851227856503,"W/m2"
"504","GCAM",1902,"RF_aci",-0.241166264595792,"W/m2"
"505","GCAM",1903,"RF_aci",-0.248819474390627,"W/m2"
"506","GCAM",1904,"RF_aci",-0.262910440795487,"W/m2"
"507","GCAM",1905,"RF_aci",-0.276386711790396,"W/m2"
"508","GCAM",1906,"RF_aci",-0.283309886788696,"W/m2"
"509","GCAM",1907,"RF_aci",-0.313239058398143,"W/m2"
"510","GCAM",1908,"RF_aci",-0.307475638377775,"W/m2"
"511","GCAM",1909,"RF_aci",-0.314329014015023,"W/m2"
"512","GCAM",1910,"RF_aci",-0.332809759890251,"W/m2"
"513","GCAM",1911,"RF_aci",-0.324692408539331,"W/m2"
"514","GCAM",1912,"RF_aci",-0.329132318923755,"W/m2"
"515","GCAM",1913,"RF_aci",-0.349268495302304,"W/m2"
"516","GCAM",1914,"RF_aci",-0.338708921668365,"W/m2"
"517","GCAM",1915,"RF_aci",-0.32972840092669,"W/m2"
"518","GCAM",1916,"RF_aci",-0.34701997065724,"W/m2"
"519","GCAM",1917,"RF_aci",-0.363102194603244,"W/m2"
"520","GCAM",1918,"RF_aci",-0.363942320941978,"W/m2"
"521","GCAM",1919,"RF_aci",-0.326905886458726,"W/m2"
"522","GCAM",1920,"RF_aci",-0.352133120054624,"W/m2"
"523","GCAM",1921,"RF_aci",-0.305637651970611,"W/m2"
"524","GCAM",1922,"RF_aci",-0.311678562184015,"W/m2"
"525","GCAM",1923,"RF_aci",-0.365183849807129,"W/m2"
"526","GCAM",1924,"RF_aci",-0.351397042318955,"W/m2"
"527","GCAM",1925,"RF_aci",-0.354038866700566,"W/m2"
"528","GCAM",1926,"RF_aci",-0.351221915878986,"W/m2"
"529","GCAM",1927,"RF_aci",-0.374658274871816,"W/m2"
"530","GCAM",1928,"RF_aci",-0.373979374621441,"W/m2"
"531","GCAM",1929,"RF_aci",-0.397155058765879,"W/m2"
"532","GCAM",1930,"RF_aci",-0.387128116431574,"W/m2"
"533","GCAM",1931,"RF_aci",-0.335183932248566,"W/m2"
"534","GCAM",1932,"RF_aci",-0.312425489709822,"W/m2"
"535","GCAM",1933,"RF_aci",-0.320841995318648,"W/m2"
"536","GCAM",1934,"RF_aci",-0.355147749824073,"W/m2"
"537","GCAM",1935,"RF_aci",-0.370762813517583,"W/m2"
"538","GCAM",1936,"RF_aci",-0.401365407378639,"W/m2"
"539","GCAM",1937,"RF_aci",-0.417299817416084,"W/m2"
"540","GCAM",1938,"RF_aci",-0.386283324236467,"W/m2"
"541","GCAM",1939,"RF_aci",-0.417521367423372,"W/m2"
"542","GCAM",1940,"RF_aci",-0.437815859349299,"W/m2"
"543","GCAM",1941,"RF_aci",-0.448437552312715,"W/m2"
"544","GCAM",1942,"RF_aci",-0.464520045701618,"W/m2"
"545","GCAM",1943,"RF_aci",-0.465930695781102,"W/m2"
"546","GCAM",1944,"RF_aci",-0.461583667044803,"W/m2"
"547","GCAM",1945,"RF_aci",-0.416261939917195,"W/m2"
"548","GCAM",1946,"RF_aci",-0.408045614940034,"W/m2"
"549","GCAM",1947,"RF_aci",-0.442182696746023,"W/m2"
"550","GCAM",1948,"RF_aci",-0.465061582057333,"W/m2"
"551","GCAM",1949,"RF_aci",-0.45905845455023,"W/m2"
"552","GCAM",1950,"RF_aci",-0.512686671933057,"W/m2"
"553","GCAM",1951,"RF_aci",-0.501734836162967,"W/m2"
"554","GCAM",1952,"RF_aci",-0.515261543934693,"W/m2"
"555","GCAM",1953,"RF_aci",-0.533326963315851,"W/m2"
"556","GCAM",1954,"RF_aci",-0.537596458282247,"W/m2"
"557","GCAM",1955,"RF_aci",-0.573228268905583,"W/m2"
"558","GCAM",1956,"RF_aci",-0.621346225323564,"W/m2"
"559","GCAM",1957,"RF_aci",-0.659030405093114,"W/m2"
"560","GCAM",1958,"RF_aci",-0.643108307274682,"W/m2"
"561","GCAM",1959,"RF_aci",-0.665569540558695,"W/m2"
"562","GCAM",1960,"RF_aci",-0.68440901706391,"W/m2"
"563","GCAM",1961,"RF_aci",-0.75997761805315,"W/m2"
"564","GCAM",1962,"RF_aci",-0.760220367800459,"W/m2"
"565","GCAM",1963,"RF_aci",-0.804457111251563,"W/m2"
"566","GCAM",1964,"RF_aci",-0.794809136951016,"W/m2"
"567","GCAM",1965,"RF_aci",-0.811285567720959,"W/m2"
"568","GCAM",1966,"RF_aci",-0.821450055143555,"W/m2"
"569","GCAM",1967,"RF_aci",-0.831542554573647,"W/m2"
"570","GCAM",1968,"RF_aci",-0.843900783567452,"W/m2"
"571","GCAM",1969,"RF_aci",-0.852041834768705,"W/m2"
"572","GCAM",1970,"RF_aci",-0.893235436563923,"W/m2"
"573","GCAM",1971,"RF_aci",-0.901875031637649,"W/m2"
"574","GCAM",1972,"RF_aci",-0.949790106342896,"W/m2"
"575","GCAM",1973,"RF_aci",-0.953080579769091,"W/m2"
"576","GCAM",1974,"RF_aci",-0.946280416139496,"W/m2"
"577","GCAM",1975,"RF_aci",-0.929306435988934,"W/m2"
"578","GCAM",1976,"RF_aci",-0.976163140199953,"W/m2"
"579","GCAM",1977,"RF_aci",-0.983358353632882,"W/m2"
"580","GCAM",1978,"RF_aci",-0.995525712825903,"W/m2"
"581","GCAM",1979,"RF_aci",-1.00941137618261,"W/m2"
"582","GCAM",1980,"RF_aci",-1.00573602936165,"W/m2"
"583","GCAM",1981,"RF_aci",-0.98087908054375,"W/m2"
"584","GCAM",1982,"RF_aci",-1.01212338803557,"W/m2"
"585","GCAM",1983,"RF_aci",-0.955729792112257,"W/m2"
"586","GCAM",1984,"RF_aci",-0.9753258538002,"W/m2"
"587","GCAM",1985,"RF_aci",-0.98395193119094,"W/m2"
"588","GCAM",1986,"RF_aci",-0.985950203188126,"W/m2"
"589","GCAM",1987,"RF_aci",-1.01525383724902,"W/m2"
"590","GCAM",1988,"RF_aci",-1.02214243397226,"W/m2"
"591","GCAM",1989,"RF_aci",-1.01191710109955,"W/m2"
"592","GCAM",1990,"RF_aci",-1.0235695599234,"W/m2"
"593","GCAM",1991,"RF_aci",-1.10084956934518,"W/m2"
"594","GCAM",1992,"RF_aci",-0.986157649848598,"W/m2"
"595","GCAM",1993,"RF_aci",-0.994765508915051,"W/m2"
"596","GCAM",1994,"RF_aci",-1.042249636363,"W/m2"
"597","GCAM",1995,"RF_aci",-0.991360602340358,"W/m2"
"598","GCAM",1996,"RF_aci",-0.968846197322878,"W/m2"
"599","GCAM",1997,"RF_aci",-1.08535057676219,"W/m2"
"600","GCAM",1998,"RF_aci",-1.06930271789033,"W/m2"
"601","GCAM",1999,"RF_aci",-0.948405052286751,"W/m2"
"602","GCAM",2000,"RF_aci",-0.918149169877596,"W/m2"
"603","GCAM",2001,"RF_aci",-0.922391920760176,"W/m2"
"604","GCAM",2002,"RF_aci",-0.992603562929984,"W/m2"
"605","GCAM",2003,"RF_aci",-1.01991302253999,"W/m2"
"606","GCAM",2004,"RF_aci",-1.02630379349271,"W/m2"
"607","GCAM",2005,"RF_aci",-1.02630379349271,"W/m2"
"608","GCAM",2006,"RF_aci",-0.998997598481457,"W/m2"
"609","GCAM",2007,"RF_aci",-0.971360369933742,"W/m2"
"610","GCAM",2008,"RF_aci",-0.943383982999037,"W/m2"
"611","GCAM",2009,"RF_aci",-0.91506000998334,"W/m2"
"612","GCAM",2010,"RF_aci",-0.88637970510881,"W/m2"
"613","GCAM",2011,"RF_aci",-0.874797164235585,"W/m2"
"614","GCAM",2012,"RF_aci",-0.863155476489519,"W/m2"
"615","GCAM",2013,"RF_aci",-0.851454034695287,"W/m2"
"616","GCAM",2014,"RF_aci",-0.839692222279824,"W/m2"
"617","GCAM",2015,"RF_aci",-0.827869413077368,"W/m2"
"618","GCAM",2016,"RF_aci",-0.801790155502228,"W/m2"
"619","GCAM",2017,"RF_aci",-0.775409109144752,"W/m2"
"620","GCAM",2018,"RF_aci",-0.748719207561749,"W/m2"
"621","GCAM",2019,"RF_aci",-0.721713133173708,"W/m2"
"622","GCAM",2020,"RF_aci",-0.694383305221708,"W/m2"
"623","GCAM",2021,"RF_aci",-0.666721866993675,"W/m2"
"624","GCAM",2022,"RF_aci",-0.653994154348524,"W/m2"
"625","GCAM",2023,"RF_aci",-0.641194984773957,"W/m2"
"626","GCAM",2024,"RF_aci",-0.628323551379463,"W/m2"
"627","GCAM",2025,"RF_aci",-0.6153790335298,"W/m2"
"628","GCAM",2026,"RF_aci",-0.606568941548807,"W/m2"
"629","GCAM",2027,"RF_aci",-0.597724670983793,"W/m2"
"630","GCAM",2028,"RF_aci",-0.588845955611281,"W/m2"
"631","GCAM",2029,"RF_aci",-0.579932526085135,"W/m2"
"632","GCAM",2030,"RF_aci",-0.570984109887523,"W/m2"
"633","GCAM",2031,"RF_aci",-0.564250501828675,"W/m2"
"634","GCAM",2032,"RF_aci",-0.557496946121724,"W/m2"
"635","GCAM",2033,"RF_aci",-0.550723324229557,"W/m2"
"636","GCAM",2034,"RF_aci",-0.543929516555319,"W/m2"
"637","GCAM",2035,"RF_aci",-0.53711540242974,"W/m2"
"638","GCAM",2036,"RF_aci",-0.532709368010122,"W/m2"
"639","GCAM",2037,"RF_aci",-0.528294801663517,"W/m2"
"640","GCAM",2038,"RF_aci",-0.52387167028304,"W/m2"
"641","GCAM",2039,"RF_aci",-0.519439940568735,"W/m2"
"642","GCAM",2040,"RF_aci",-0.514999579026066,"W/m2"
"643","GCAM",2041,"RF_aci",-0.511533870750323,"W/m2"
"644","GCAM",2042,"RF_aci",-0.508062885853936,"W/m2"
"645","GCAM",2043,"RF_aci",-0.504586608244849,"W/m2"
"646","GCAM",2044,"RF_aci",-0.501105021757281,"W/m2"
"647","GCAM",2045,"RF_aci",-0.49761811015127,"W/m2"
"648","GCAM",2046,"RF_aci",-0.495663928550946,"W/m2"
"649","GCAM",2047,"RF_aci",-0.493708070412786,"W/m2"
"650","GCAM",2048,"RF_aci",-0.491750532857638,"W/m2"
"651","GCAM",2049,"RF_aci",-0.489791312998928,"W/m2"
"652","GCAM",2050,"RF_aci",-0.487830407942631,"W/m2"
"653","GCAM",2051,"RF_aci",-0.485722142086923,"W/m2"
"654","GCAM",2052,"RF_aci",-0.483611924753243,"W/m2"
"655","GCAM",2053,"RF_aci",-0.481499752325544,"W/m2"
"656","GCAM",2054,"RF_aci",-0.479385621177717,"W/m2"
"657","GCAM",2055,"RF_aci",-0.477269527673558,"W/m2"
"658","GCAM",2056,"RF_aci",-0.476324626327505,"W/m2"
"659","GCAM",2057,"RF_aci",-0.475379333181801,"W/m2"
"660","GCAM",2058,"RF_aci",-0.474433647911396,"W/m2"
"661","GCAM",2059,"RF_aci",-0.473487570190834,"W/m2"
"662","GCAM",2060,"RF_aci",-0.472541099694254,"W/m2"
"663","GCAM",2061,"RF_aci",-0.471840286022945,"W/m2"
"664","GCAM",2062,"RF_aci",-0.471139256850422,"W/m2"
"665","GCAM",2063,"RF_aci",-0.470438012044111,"W/m2"
"666","GCAM",2064,"RF_aci",-0.469736551471314,"W/m2"
"667","GCAM",2065,"RF_aci",-0.469034874999212,"W/m2"
"668","GCAM",2066,"RF_aci",-0.468842761494906,"W/m2"
"669","GCAM",2067,"RF_aci",-0.46865063179998,"W/m2"
"670","GCAM",2068,"RF_aci",-0.468458485911707,"W/m2"
"671","GCAM",2069,"RF_aci",-0.468266323827356,"W/m2"
"672","GCAM",2070,"RF_aci",-0.468074145544196,"W/m2"
"673","GCAM",2071,"RF_aci",-0.467542912704535,"W/m2"
"674","GCAM",2072,"RF_aci",-0.467011556047353,"W/m2"
"675","GCAM",2073,"RF_aci",-0.466480075514919,"W/m2"
"676","GCAM",2074,"RF_aci",-0.465948471049462,"W/m2"
"677","GCAM",2075,"RF_aci",-0.465416742593169,"W/m2"
"678","GCAM",2076,"RF_aci",-0.464783926806028,"W/m2"
"679","GCAM",2077,"RF_aci",-0.464150935313028,"W/m2"
"680","GCAM",2078,"RF_aci",-0.463517768016571,"W/m2"
"681","GCAM",2079,"RF_aci",-0.462884424818975,"W/m2"
"682","GCAM",2080,"RF_aci",-0.46225090562248,"W/m2"
"683","GCAM",2081,"RF_aci",-0.460639427716394,"W/m2"
"684","GCAM",2082,"RF_aci",-0.459026809909961,"W/m2"
"685","GCAM",2083,"RF_aci",-0.457413050589393,"W/m2"
"686","GCAM",2084,"RF_aci",-0.45579814813747,"W/m2"
"687","GCAM",2085,"RF_aci",-0.454182100933536,"W/m2"
"688","GCAM",2086,"RF_aci",-0.452684383453185,"W/m2"
"689","GCAM",2087,"RF_aci",-0.451185681380878,"W/m2"
"690","GCAM",2088,"RF_aci",-0.449685993421232,"W/m2"
"691","GCAM",2089,"RF_aci",-0.448185318276306,"W/m2"
"692","GCAM",2090,"RF_aci",-0.446683654645593,"W/m2"
"693","GCAM",2091,"RF_aci",-0.444902534093547,"W/m2"
"694","GCAM",2092,"RF_aci",-0.443120020907003,"W/m2"
"695","GCAM",2093,"RF_aci",-0.441336112906491,"W/m2"
"696","GCAM",2094,"RF_aci",-0.439550807907422,"W/m2"
"697","GCAM",2095,"RF_aci",-0.43776410372007,"W/m2"
"698","GCAM",2096,"RF_aci",-0.435814154635219,"W/m2"
"699","GCAM",2097,"RF_aci",-0.433862536270118,"W/m2"
"700","GCAM",2098,"RF_aci",-0.431909245764296,"W/m2"
"701","GCAM",2099,"RF_aci",-0.429954280249926,"W/m2"
"702","GCAM",2100,"RF_aci",-0.427997636851796,"W/m2"
"703","GCAM",1750,"RF_OC",0,"W/m2"
"704","GCAM",1751,"RF_OC",0.00165913871392162,"W/m2"
"705","GCAM",1752,"RF_OC",0.00264738285738463,"W/m2"
"706","GCAM",1753,"RF_OC",0.001698680973589,"W/m2"
"707","GCAM",1754,"RF_OC",-0.000711864982300706,"W/m2"
"708","GCAM",1755,"RF_OC",0.000573347163783655,"W/m2"
"709","GCAM",1756,"RF_OC",0.00161390498912736,"W/m2"
"710","GCAM",1757,"RF_OC",-0.00164760303737871,"W/m2"
"711","GCAM",1758,"RF_OC",-0.000428916449277644,"W/m2"
"712","GCAM",1759,"RF_OC",-0.000809512660763623,"W/m2"
"713","GCAM",1760,"RF_OC",-0.00237958587205654,"W/m2"
"714","GCAM",1761,"RF_OC",-0.0015649301335354,"W/m2"
"715","GCAM",1762,"RF_OC",-0.00050146888632388,"W/m2"
"716","GCAM",1763,"RF_OC",-0.000506768746870626,"W/m2"
"717","GCAM",1764,"RF_OC",0.0031328953947813,"W/m2"
"718","GCAM",1765,"RF_OC",-0.00148809714832228,"W/m2"
"719","GCAM",1766,"RF_OC",0.000569193541119617,"W/m2"
"720","GCAM",1767,"RF_OC",0.000301799821371948,"W/m2"
"721","GCAM",1768,"RF_OC",-0.00394719765122314,"W/m2"
"722","GCAM",1769,"RF_OC",-0.00184158358448952,"W/m2"
"723","GCAM",1770,"RF_OC",-0.00189040793629243,"W/m2"
"724","GCAM",1771,"RF_OC",0.000805318673098673,"W/m2"
"725","GCAM",1772,"RF_OC",0.00213668518635497,"W/m2"
"726","GCAM",1773,"RF_OC",0.00155696368414347,"W/m2"
"727","GCAM",1774,"RF_OC",-0.00274177686048929,"W/m2"
"728","GCAM",1775,"RF_OC",-0.000906402822709651,"W/m2"
"729","GCAM",1776,"RF_OC",0.000497137465441583,"W/m2"
"730","GCAM",1777,"RF_OC",-0.00144666484554135,"W/m2"
"731","GCAM",1778,"RF_OC",-0.0028946709623983,"W/m2"
"732","GCAM",1779,"RF_OC",-0.00115193838189853,"W/m2"
"733","GCAM",1780,"RF_OC",-0.00365663756045895,"W/m2"
"734","GCAM",1781,"RF_OC",-0.00230198473446916,"W/m2"
"735","GCAM",1782,"RF_OC",-0.00169887113759325,"W/m2"
"736","GCAM",1783,"RF_OC",-0.00102253081594177,"W/m2"
"737","GCAM",1784,"RF_OC",0.00140654017657527,"W/m2"
"738","GCAM",1785,"RF_OC",-0.0018263133765062,"W/m2"
"739","GCAM",1786,"RF_OC",-0.000124868617712715,"W/m2"
"740","GCAM",1787,"RF_OC",-0.00168292138802334,"W/m2"
"741","GCAM",1788,"RF_OC",-0.00573878950245518,"W/m2"
"742","GCAM",1789,"RF_OC",-0.0035414871691058,"W/m2"
"743","GCAM",1790,"RF_OC",-0.00390243549215369,"W/m2"
"744","GCAM",1791,"RF_OC",-0.00108140867989739,"W/m2"
"745","GCAM",1792,"RF_OC",6.40047957127521e-06,"W/m2"
"746","GCAM",1793,"RF_OC",-0.000194209410258772,"W/m2"
"747","GCAM",1794,"RF_OC",-0.00459771340637027,"W/m2"
"748","GCAM",1795,"RF_OC",-0.0027900788379234,"W/m2"
"749","GCAM",1796,"RF_OC",-0.00115778131188596,"W/m2"
"750","GCAM",1797,"RF_OC",-0.0031458104651407,"W/m2"
"751","GCAM",1798,"RF_OC",-0.00435047950578638,"W/m2"
"752","GCAM",1799,"RF_OC",-0.00377812974195353,"W/m2"
"753","GCAM",1800,"RF_OC",-0.00509030564456767,"W/m2"
"754","GCAM",1801,"RF_OC",-0.00394721700079501,"W/m2"
"755","GCAM",1802,"RF_OC",-0.00402468185845078,"W/m2"
"756","GCAM",1803,"RF_OC",-0.00245625983198039,"W/m2"
"757","GCAM",1804,"RF_OC",-0.00146454449065428,"W/m2"
"758","GCAM",1805,"RF_OC",-0.00414213241414095,"W/m2"
"759","GCAM",1806,"RF_OC",-0.00322775859296787,"W/m2"
"760","GCAM",1807,"RF_OC",-0.004292119018628,"W/m2"
"761","GCAM",1808,"RF_OC",-0.00822599474591126,"W/m2"
"762","GCAM",1809,"RF_OC",-0.00635907558807113,"W/m2"
"763","GCAM",1810,"RF_OC",-0.00690510570545999,"W/m2"
"764","GCAM",1811,"RF_OC",-0.00474895786117108,"W/m2"
"765","GCAM",1812,"RF_OC",-0.00308428638705464,"W/m2"
"766","GCAM",1813,"RF_OC",-0.00395478909053527,"W/m2"
"767","GCAM",1814,"RF_OC",-0.00815152189589362,"W/m2"
"768","GCAM",1815,"RF_OC",-0.00666233136861838,"W/m2"
"769","GCAM",1816,"RF_OC",-0.00606990751319511,"W/m2"
"770","GCAM",1817,"RF_OC",-0.0068528270706515,"W/m2"
"771","GCAM",1818,"RF_OC",-0.0089826910203544,"W/m2"
"772","GCAM",1819,"RF_OC",-0.00780088920121859,"W/m2"
"773","GCAM",1820,"RF_OC",-0.00971256411098519,"W/m2"
"774","GCAM",1821,"RF_OC",-0.00904965489099031,"W/m2"
"775","GCAM",1822,"RF_OC",-0.00864086481559,"W/m2"
"776","GCAM",1823,"RF_OC",-0.00695203290222059,"W/m2"
"777","GCAM",1824,"RF_OC",-0.00655487320093673,"W/m2"
"778","GCAM",1825,"RF_OC",-0.00872018165792991,"W/m2"
"779","GCAM",1826,"RF_OC",-0.00751628948337299,"W/m2"
"780","GCAM",1827,"RF_OC",-0.00866406604146444,"W/m2"
"781","GCAM",1828,"RF_OC",-0.0130250576186281,"W/m2"
"782","GCAM",1829,"RF_OC",-0.0111895210316305,"W/m2"
"783","GCAM",1830,"RF_OC",-0.0119594668933691,"W/m2"
"784","GCAM",1831,"RF_OC",-0.00916260225029436,"W/m2"
"785","GCAM",1832,"RF_OC",-0.00827366292875979,"W/m2"
"786","GCAM",1833,"RF_OC",-0.00907782453590412,"W/m2"
"787","GCAM",1834,"RF_OC",-0.0128566832825882,"W/m2"
"788","GCAM",1835,"RF_OC",-0.0110383453895455,"W/m2"
"789","GCAM",1836,"RF_OC",-0.011451718238048,"W/m2"
"790","GCAM",1837,"RF_OC",-0.0122130851275239,"W/m2"
"791","GCAM",1838,"RF_OC",-0.0140564408636958,"W/m2"
"792","GCAM",1839,"RF_OC",-0.0131827491329298,"W/m2"
"793","GCAM",1840,"RF_OC",-0.0136309681897092,"W/m2"
"794","GCAM",1841,"RF_OC",-0.0147228164121251,"W/m2"
"795","GCAM",1842,"RF_OC",-0.0137323883939705,"W/m2"
"796","GCAM",1843,"RF_OC",-0.0113441681278643,"W/m2"
"797","GCAM",1844,"RF_OC",-0.0111000789171363,"W/m2"
"798","GCAM",1845,"RF_OC",-0.0137862185184565,"W/m2"
"799","GCAM",1846,"RF_OC",-0.0125016841840301,"W/m2"
"800","GCAM",1847,"RF_OC",-0.0148187353152637,"W/m2"
"801","GCAM",1848,"RF_OC",-0.0182797428737179,"W/m2"
"802","GCAM",1849,"RF_OC",-0.0168323214727312,"W/m2"
"803","GCAM",1850,"RF_OC",-0.0178064540118795,"W/m2"
"804","GCAM",1851,"RF_OC",-0.0145995232468046,"W/m2"
"805","GCAM",1852,"RF_OC",-0.0130167094316562,"W/m2"
"806","GCAM",1853,"RF_OC",-0.0141650509716174,"W/m2"
"807","GCAM",1854,"RF_OC",-0.0185343473593948,"W/m2"
"808","GCAM",1855,"RF_OC",-0.0162996465323544,"W/m2"
"809","GCAM",1856,"RF_OC",-0.0160591829316357,"W/m2"
"810","GCAM",1857,"RF_OC",-0.0182212579598425,"W/m2"
"811","GCAM",1858,"RF_OC",-0.0194239469370154,"W/m2"
"812","GCAM",1859,"RF_OC",-0.0192332042396197,"W/m2"
"813","GCAM",1860,"RF_OC",-0.0196878680493286,"W/m2"
"814","GCAM",1861,"RF_OC",-0.0191538444053502,"W/m2"
"815","GCAM",1862,"RF_OC",-0.0190178424156036,"W/m2"
"816","GCAM",1863,"RF_OC",-0.016938838559249,"W/m2"
"817","GCAM",1864,"RF_OC",-0.0169542560033785,"W/m2"
"818","GCAM",1865,"RF_OC",-0.0206239540763429,"W/m2"
"819","GCAM",1866,"RF_OC",-0.0188819275630017,"W/m2"
"820","GCAM",1867,"RF_OC",-0.0212761230025269,"W/m2"
"821","GCAM",1868,"RF_OC",-0.0246904344057971,"W/m2"
"822","GCAM",1869,"RF_OC",-0.0220479842796653,"W/m2"
"823","GCAM",1870,"RF_OC",-0.0244141147029218,"W/m2"
"824","GCAM",1871,"RF_OC",-0.0212339486244437,"W/m2"
"825","GCAM",1872,"RF_OC",-0.0186939513418105,"W/m2"
"826","GCAM",1873,"RF_OC",-0.0223585632324472,"W/m2"
"827","GCAM",1874,"RF_OC",-0.0247132640173775,"W/m2"
"828","GCAM",1875,"RF_OC",-0.0211833470593154,"W/m2"
"829","GCAM",1876,"RF_OC",-0.0227740136611389,"W/m2"
"830","GCAM",1877,"RF_OC",-0.0233309125355559,"W/m2"
"831","GCAM",1878,"RF_OC",-0.0242222243580719,"W/m2"
"832","GCAM",1879,"RF_OC",-0.0258825975362353,"W/m2"
"833","GCAM",1880,"RF_OC",-0.0248542888228076,"W/m2"
"834","GCAM",1881,"RF_OC",-0.0248564990308569,"W/m2"
"835","GCAM",1882,"RF_OC",-0.023773666555642,"W/m2"
"836","GCAM",1883,"RF_OC",-0.0208981348826705,"W/m2"
"837","GCAM",1884,"RF_OC",-0.0228236646625317,"W/m2"
"838","GCAM",1885,"RF_OC",-0.0240857377961001,"W/m2"
"839","GCAM",1886,"RF_OC",-0.0231948278936645,"W/m2"
"840","GCAM",1887,"RF_OC",-0.0248647475867551,"W/m2"
"841","GCAM",1888,"RF_OC",-0.027794687885154,"W/m2"
"842","GCAM",1889,"RF_OC",-0.0263020197528727,"W/m2"
"843","GCAM",1890,"RF_OC",-0.0277454709676995,"W/m2"
"844","GCAM",1891,"RF_OC",-0.0240396318028578,"W/m2"
"845","GCAM",1892,"RF_OC",-0.0224368768443362,"W/m2"
"846","GCAM",1893,"RF_OC",-0.0239036925390411,"W/m2"
"847","GCAM",1894,"RF_OC",-0.0281174928841372,"W/m2"
"848","GCAM",1895,"RF_OC",-0.0261080334393332,"W/m2"
"849","GCAM",1896,"RF_OC",-0.0238962059205885,"W/m2"
"850","GCAM",1897,"RF_OC",-0.0264904271107164,"W/m2"
"851","GCAM",1898,"RF_OC",-0.0259746407585733,"W/m2"
"852","GCAM",1899,"RF_OC",-0.0283262468934346,"W/m2"
"853","GCAM",1900,"RF_OC",-0.0275707037765886,"W/m2"
"854","GCAM",1901,"RF_OC",-0.0258845631195649,"W/m2"
"855","GCAM",1902,"RF_OC",-0.0250544493796991,"W/m2"
"856","GCAM",1903,"RF_OC",-0.0229563431390614,"W/m2"
"857","GCAM",1904,"RF_OC",-0.026964151081636,"W/m2"
"858","GCAM",1905,"RF_OC",-0.0275846664148284,"W/m2"
"859","GCAM",1906,"RF_OC",-0.026648994161109,"W/m2"
"860","GCAM",1907,"RF_OC",-0.0300932140438318,"W/m2"
"861","GCAM",1908,"RF_OC",-0.0313598985263602,"W/m2"
"862","GCAM",1909,"RF_OC",-0.0298701209125719,"W/m2"
"863","GCAM",1910,"RF_OC",-0.0330266453381658,"W/m2"
"864","GCAM",1911,"RF_OC",-0.029216183038277,"W/m2"
"865","GCAM",1912,"RF_OC",-0.027122873313032,"W/m2"
"866","GCAM",1913,"RF_OC",-0.0292143971112372,"W/m2"
"867","GCAM",1914,"RF_OC",-0.0329635522148304,"W/m2"
"868","GCAM",1915,"RF_OC",-0.0295609972141795,"W/m2"
"869","GCAM",1916,"RF_OC",-0.0285798972273758,"W/m2"
"870","GCAM",1917,"RF_OC",-0.0303051001209133,"W/m2"
"871","GCAM",1918,"RF_OC",-0.0315313666795405,"W/m2"
"872","GCAM",1919,"RF_OC",-0.0315293588731386,"W/m2"
"873","GCAM",1920,"RF_OC",-0.0317456440946039,"W/m2"
"874","GCAM",1921,"RF_OC",-0.0281814380293487,"W/m2"
"875","GCAM",1922,"RF_OC",-0.0257990676770157,"W/m2"
"876","GCAM",1923,"RF_OC",-0.0318445070158796,"W/m2"
"877","GCAM",1924,"RF_OC",-0.0277503333485222,"W/m2"
"878","GCAM",1925,"RF_OC",-0.0275877910503267,"W/m2"
"879","GCAM",1926,"RF_OC",-0.0264317199330503,"W/m2"
"880","GCAM",1927,"RF_OC",-0.0283698150173345,"W/m2"
"881","GCAM",1928,"RF_OC",-0.0286287975038232,"W/m2"
"882","GCAM",1929,"RF_OC",-0.030929238501258,"W/m2"
"883","GCAM",1930,"RF_OC",-0.0352695310341029,"W/m2"
"884","GCAM",1931,"RF_OC",-0.0277769851412593,"W/m2"
"885","GCAM",1932,"RF_OC",-0.0302042165148782,"W/m2"
"886","GCAM",1933,"RF_OC",-0.0292931064282779,"W/m2"
"887","GCAM",1934,"RF_OC",-0.0336692141216357,"W/m2"
"888","GCAM",1935,"RF_OC",-0.0326477822588613,"W/m2"
"889","GCAM",1936,"RF_OC",-0.0366265507868598,"W/m2"
"890","GCAM",1937,"RF_OC",-0.0346173871598481,"W/m2"
"891","GCAM",1938,"RF_OC",-0.0309859036583785,"W/m2"
"892","GCAM",1939,"RF_OC",-0.0357081944137407,"W/m2"
"893","GCAM",1940,"RF_OC",-0.0327956508540868,"W/m2"
"894","GCAM",1941,"RF_OC",-0.0321277422044805,"W/m2"
"895","GCAM",1942,"RF_OC",-0.0356655256605036,"W/m2"
"896","GCAM",1943,"RF_OC",-0.034066977055433,"W/m2"
"897","GCAM",1944,"RF_OC",-0.0350499818858506,"W/m2"
"898","GCAM",1945,"RF_OC",-0.0332066014181067,"W/m2"
"899","GCAM",1946,"RF_OC",-0.031127600829395,"W/m2"
"900","GCAM",1947,"RF_OC",-0.0303912020636188,"W/m2"
"901","GCAM",1948,"RF_OC",-0.0333343718308841,"W/m2"
"902","GCAM",1949,"RF_OC",-0.0360947120427159,"W/m2"
"903","GCAM",1950,"RF_OC",-0.0426596705352346,"W/m2"
"904","GCAM",1951,"RF_OC",-0.0317186897565743,"W/m2"
"905","GCAM",1952,"RF_OC",-0.0353050635114666,"W/m2"
"906","GCAM",1953,"RF_OC",-0.0394248908027531,"W/m2"
"907","GCAM",1954,"RF_OC",-0.0397695902267244,"W/m2"
"908","GCAM",1955,"RF_OC",-0.0394953748858961,"W/m2"
"909","GCAM",1956,"RF_OC",-0.0466235917907592,"W/m2"
"910","GCAM",1957,"RF_OC",-0.0536834092405259,"W/m2"
"911","GCAM",1958,"RF_OC",-0.0435620515302117,"W/m2"
"912","GCAM",1959,"RF_OC",-0.0428591882634689,"W/m2"
"913","GCAM",1960,"RF_OC",-0.0424216617032136,"W/m2"
"914","GCAM",1961,"RF_OC",-0.0507824066753436,"W/m2"
"915","GCAM",1962,"RF_OC",-0.0455062621684181,"W/m2"
"916","GCAM",1963,"RF_OC",-0.0586993146920776,"W/m2"
"917","GCAM",1964,"RF_OC",-0.0444012179864937,"W/m2"
"918","GCAM",1965,"RF_OC",-0.0461461966550435,"W/m2"
"919","GCAM",1966,"RF_OC",-0.0447643310268756,"W/m2"
"920","GCAM",1967,"RF_OC",-0.0521389295541608,"W/m2"
"921","GCAM",1968,"RF_OC",-0.0472727260377327,"W/m2"
"922","GCAM",1969,"RF_OC",-0.0426255778069745,"W/m2"
"923","GCAM",1970,"RF_OC",-0.0469807359367223,"W/m2"
"924","GCAM",1971,"RF_OC",-0.049639006324064,"W/m2"
"925","GCAM",1972,"RF_OC",-0.0645825046673238,"W/m2"
"926","GCAM",1973,"RF_OC",-0.0513082727448543,"W/m2"
"927","GCAM",1974,"RF_OC",-0.0522307508330652,"W/m2"
"928","GCAM",1975,"RF_OC",-0.0492195805194265,"W/m2"
"929","GCAM",1976,"RF_OC",-0.0573955058775071,"W/m2"
"930","GCAM",1977,"RF_OC",-0.0572771425602252,"W/m2"
"931","GCAM",1978,"RF_OC",-0.0613296599951537,"W/m2"
"932","GCAM",1979,"RF_OC",-0.0625645449940445,"W/m2"
"933","GCAM",1980,"RF_OC",-0.0626931094440539,"W/m2"
"934","GCAM",1981,"RF_OC",-0.0603913453075183,"W/m2"
"935","GCAM",1982,"RF_OC",-0.0821686460557911,"W/m2"
"936","GCAM",1983,"RF_OC",-0.0577401814028351,"W/m2"
"937","GCAM",1984,"RF_OC",-0.063293655442444,"W/m2"
"938","GCAM",1985,"RF_OC",-0.0665367181371817,"W/m2"
"939","GCAM",1986,"RF_OC",-0.0670472192370641,"W/m2"
"940","GCAM",1987,"RF_OC",-0.0756311911215999,"W/m2"
"941","GCAM",1988,"RF_OC",-0.0752031873057711,"W/m2"
"942","GCAM",1989,"RF_OC",-0.0697336697129627,"W/m2"
"943","GCAM",1990,"RF_OC",-0.0763584094125286,"W/m2"
"944","GCAM",1991,"RF_OC",-0.121397869502896,"W/m2"
"945","GCAM",1992,"RF_OC",-0.0717683868843298,"W/m2"
"946","GCAM",1993,"RF_OC",-0.0811613826286897,"W/m2"
"947","GCAM",1994,"RF_OC",-0.113378768131955,"W/m2"
"948","GCAM",1995,"RF_OC",-0.0914154465584628,"W/m2"
"949","GCAM",1996,"RF_OC",-0.0850005123444319,"W/m2"
"950","GCAM",1997,"RF_OC",-0.146683300488316,"W/m2"
"951","GCAM",1998,"RF_OC",-0.143293255370301,"W/m2"
"952","GCAM",1999,"RF_OC",-0.0961167760892147,"W/m2"
"953","GCAM",2000,"RF_OC",-0.0803091181781157,"W/m2"
"954","GCAM",2001,"RF_OC",-0.0796429037052615,"W/m2"
"955","GCAM",2002,"RF_OC",-0.117638830484225,"W/m2"
"956","GCAM",2003,"RF_OC",-0.121187990847788,"W/m2"
"957","GCAM",2004,"RF_OC",-0.108169631320523,"W/m2"
"958","GCAM",2005,"RF_OC",-0.108169631320523,"W/m2"
"959","GCAM",2006,"RF_OC",-0.101442373079149,"W/m2"
"960","GCAM",2007,"RF_OC",-0.0947151148377755,"W/m2"
"961","GCAM",2008,"RF_OC",-0.0879878565964017,"W/m2"
"962","GCAM",2009,"RF_OC",-0.0812605983550279,"W/m2"
"963","GCAM",2010,"RF_OC",-0.0745333401136541,"W/m2"
"964","GCAM",2011,"RF_OC",-0.0766959009329755,"W/m2"
"965","GCAM",2012,"RF_OC",-0.0788584617522969,"W/m2"
"966","GCAM",2013,"RF_OC",-0.0810210225716183,"W/m2"
"967","GCAM",2014,"RF_OC",-0.0831835833909397,"W/m2"
"968","GCAM",2015,"RF_OC",-0.0853461442102612,"W/m2"
"969","GCAM",2016,"RF_OC",-0.0813073100315949,"W/m2"
"970","GCAM",2017,"RF_OC",-0.0772684758529286,"W/m2"
"971","GCAM",2018,"RF_OC",-0.0732296416742623,"W/m2"
"972","GCAM",2019,"RF_OC",-0.069190807495596,"W/m2"
"973","GCAM",2020,"RF_OC",-0.0651519733169297,"W/m2"
"974","GCAM",2021,"RF_OC",-0.0611131391382634,"W/m2"
"975","GCAM",2022,"RF_OC",-0.059397065582853,"W/m2"
"976","GCAM",2023,"RF_OC",-0.0576809920274427,"W/m2"
"977","GCAM",2024,"RF_OC",-0.0559649184720323,"W/m2"
"978","GCAM",2025,"RF_OC",-0.054248844916622,"W/m2"
"979","GCAM",2026,"RF_OC",-0.0527637484772453,"W/m2"
"980","GCAM",2027,"RF_OC",-0.0512786520378685,"W/m2"
"981","GCAM",2028,"RF_OC",-0.0497935555984918,"W/m2"
"982","GCAM",2029,"RF_OC",-0.0483084591591151,"W/m2"
"983","GCAM",2030,"RF_OC",-0.0468233627197383,"W/m2"
"984","GCAM",2031,"RF_OC",-0.0458316098004031,"W/m2"
"985","GCAM",2032,"RF_OC",-0.0448398568810679,"W/m2"
"986","GCAM",2033,"RF_OC",-0.0438481039617327,"W/m2"
"987","GCAM",2034,"RF_OC",-0.0428563510423975,"W/m2"
"988","GCAM",2035,"RF_OC",-0.0418645981230623,"W/m2"
"989","GCAM",2036,"RF_OC",-0.0411443754261153,"W/m2"
"990","GCAM",2037,"RF_OC",-0.0404241527291683,"W/m2"
"991","GCAM",2038,"RF_OC",-0.0397039300322213,"W/m2"
"992","GCAM",2039,"RF_OC",-0.0389837073352742,"W/m2"
"993","GCAM",2040,"RF_OC",-0.0382634846383273,"W/m2"
"994","GCAM",2041,"RF_OC",-0.0376988772662684,"W/m2"
"995","GCAM",2042,"RF_OC",-0.0371342698942096,"W/m2"
"996","GCAM",2043,"RF_OC",-0.0365696625221508,"W/m2"
"997","GCAM",2044,"RF_OC",-0.036005055150092,"W/m2"
"998","GCAM",2045,"RF_OC",-0.0354404477780332,"W/m2"
"999","GCAM",2046,"RF_OC",-0.0351631870468422,"W/m2"
"1000","GCAM",2047,"RF_OC",-0.0348859263156511,"W/m2"
"1001","GCAM",2048,"RF_OC",-0.03460866558446,"W/m2"
"1002","GCAM",2049,"RF_OC",-0.034331404853269,"W/m2"
"1003","GCAM",2050,"RF_OC",-0.0340541441220779,"W/m2"
"1004","GCAM",2051,"RF_OC",-0.0337449630656944,"W/m2"
"1005","GCAM",2052,"RF_OC",-0.0334357820093109,"W/m2"
"1006","GCAM",2053,"RF_OC",-0.0331266009529274,"W/m2"
"1007","GCAM",2054,"RF_OC",-0.0328174198965439,"W/m2"
"1008","GCAM",2055,"RF_OC",-0.0325082388401604,"W/m2"
"1009","GCAM",2056,"RF_OC",-0.0322223478270902,"W/m2"
"1010","GCAM",2057,"RF_OC",-0.03193645681402,"W/m2"
"1011","GCAM",2058,"RF_OC",-0.0316505658009497,"W/m2"
"1012","GCAM",2059,"RF_OC",-0.0313646747878795,"W/m2"
"1013","GCAM",2060,"RF_OC",-0.0310787837748093,"W/m2"
"1014","GCAM",2061,"RF_OC",-0.030769178032695,"W/m2"
"1015","GCAM",2062,"RF_OC",-0.0304595722905808,"W/m2"
"1016","GCAM",2063,"RF_OC",-0.0301499665484666,"W/m2"
"1017","GCAM",2064,"RF_OC",-0.0298403608063524,"W/m2"
"1018","GCAM",2065,"RF_OC",-0.0295307550642382,"W/m2"
"1019","GCAM",2066,"RF_OC",-0.0292984499871086,"W/m2"
"1020","GCAM",2067,"RF_OC",-0.0290661449099791,"W/m2"
"1021","GCAM",2068,"RF_OC",-0.0288338398328495,"W/m2"
"1022","GCAM",2069,"RF_OC",-0.0286015347557199,"W/m2"
"1023","GCAM",2070,"RF_OC",-0.0283692296785904,"W/m2"
"1024","GCAM",2071,"RF_OC",-0.0280719172941448,"W/m2"
"1025","GCAM",2072,"RF_OC",-0.0277746049096993,"W/m2"
"1026","GCAM",2073,"RF_OC",-0.0274772925252536,"W/m2"
"1027","GCAM",2074,"RF_OC",-0.0271799801408081,"W/m2"
"1028","GCAM",2075,"RF_OC",-0.0268826677563625,"W/m2"
"1029","GCAM",2076,"RF_OC",-0.0266555930319774,"W/m2"
"1030","GCAM",2077,"RF_OC",-0.0264285183075924,"W/m2"
"1031","GCAM",2078,"RF_OC",-0.0262014435832073,"W/m2"
"1032","GCAM",2079,"RF_OC",-0.0259743688588222,"W/m2"
"1033","GCAM",2080,"RF_OC",-0.0257472941344371,"W/m2"
"1034","GCAM",2081,"RF_OC",-0.0254644404486697,"W/m2"
"1035","GCAM",2082,"RF_OC",-0.0251815867629024,"W/m2"
"1036","GCAM",2083,"RF_OC",-0.024898733077135,"W/m2"
"1037","GCAM",2084,"RF_OC",-0.0246158793913677,"W/m2"
"1038","GCAM",2085,"RF_OC",-0.0243330257056003,"W/m2"
"1039","GCAM",2086,"RF_OC",-0.0240397620563773,"W/m2"
"1040","GCAM",2087,"RF_OC",-0.0237464984071543,"W/m2"
"1041","GCAM",2088,"RF_OC",-0.0234532347579313,"W/m2"
"1042","GCAM",2089,"RF_OC",-0.0231599711087083,"W/m2"
"1043","GCAM",2090,"RF_OC",-0.0228667074594854,"W/m2"
"1044","GCAM",2091,"RF_OC",-0.0225533016135576,"W/m2"
"1045","GCAM",2092,"RF_OC",-0.0222398957676299,"W/m2"
"1046","GCAM",2093,"RF_OC",-0.0219264899217022,"W/m2"
"1047","GCAM",2094,"RF_OC",-0.0216130840757745,"W/m2"
"1048","GCAM",2095,"RF_OC",-0.0212996782298468,"W/m2"
"1049","GCAM",2096,"RF_OC",-0.0210062269026635,"W/m2"
"1050","GCAM",2097,"RF_OC",-0.0207127755754801,"W/m2"
"1051","GCAM",2098,"RF_OC",-0.0204193242482968,"W/m2"
"1052","GCAM",2099,"RF_OC",-0.0201258729211134,"W/m2"
"1053","GCAM",2100,"RF_OC",-0.0198324215939301,"W/m2"
"1054","GCAM",1750,"RF_H2O_strat",0,"W/m2"
"1055","GCAM",1751,"RF_H2O_strat",0.000134056072796011,"W/m2"
"1056","GCAM",1752,"RF_H2O_strat",0.00025023388539273,"W/m2"
"1057","GCAM",1753,"RF_H2O_strat",0.000358510280939868,"W/m2"
"1058","GCAM",1754,"RF_H2O_strat",0.000464928776919301,"W/m2"
"1059","GCAM",1755,"RF_H2O_strat",0.000556426750332194,"W/m2"
"1060","GCAM",1756,"RF_H2O_strat",0.000635004653318145,"W/m2"
"1061","GCAM",1757,"RF_H2O_strat",0.000719118171394429,"W/m2"
"1062","GCAM",1758,"RF_H2O_strat",0.000789557427344365,"W/m2"
"1063","GCAM",1759,"RF_H2O_strat",0.000856439291171793,"W/m2"
"1064","GCAM",1760,"RF_H2O_strat",0.000922727525481525,"W/m2"
"1065","GCAM",1761,"RF_H2O_strat",0.000980367638450473,"W/m2"
"1066","GCAM",1762,"RF_H2O_strat",0.00102986362994421,"W/m2"
"1067","GCAM",1763,"RF_H2O_strat",0.00107484795028847,"W/m2"
"1068","GCAM",1764,"RF_H2O_strat",0.00110348228338559,"W/m2"
"1069","GCAM",1765,"RF_H2O_strat",0.00114755570306665,"W/m2"
"1070","GCAM",1766,"RF_H2O_strat",0.00118221232488685,"W/m2"
"1071","GCAM",1767,"RF_H2O_strat",0.00121544924232603,"W/m2"
"1072","GCAM",1768,"RF_H2O_strat",0.00126290475298057,"W/m2"
"1073","GCAM",1769,"RF_H2O_strat",0.001298597888852,"W/m2"
"1074","GCAM",1770,"RF_H2O_strat",0.00133230321581672,"W/m2"
"1075","GCAM",1771,"RF_H2O_strat",0.00135414530921483,"W/m2"
"1076","GCAM",1772,"RF_H2O_strat",0.00137069469926953,"W/m2"
"1077","GCAM",1773,"RF_H2O_strat",0.00138982683443423,"W/m2"
"1078","GCAM",1774,"RF_H2O_strat",0.00142573373878795,"W/m2"
"1079","GCAM",1775,"RF_H2O_strat",0.00145311912610039,"W/m2"
"1080","GCAM",1776,"RF_H2O_strat",0.00147425532133359,"W/m2"
"1081","GCAM",1777,"RF_H2O_strat",0.00150337814021739,"W/m2"
"1082","GCAM",1778,"RF_H2O_strat",0.00153616753337819,"W/m2"
"1083","GCAM",1779,"RF_H2O_strat",0.00156221580056206,"W/m2"
"1084","GCAM",1780,"RF_H2O_strat",0.00159678357103631,"W/m2"
"1085","GCAM",1781,"RF_H2O_strat",0.00162485066273197,"W/m2"
"1086","GCAM",1782,"RF_H2O_strat",0.00165056372968952,"W/m2"
"1087","GCAM",1783,"RF_H2O_strat",0.00167246237341326,"W/m2"
"1088","GCAM",1784,"RF_H2O_strat",0.00168601267642803,"W/m2"
"1089","GCAM",1785,"RF_H2O_strat",0.00171182539271691,"W/m2"
"1090","GCAM",1786,"RF_H2O_strat",0.00173269550375658,"W/m2"
"1091","GCAM",1787,"RF_H2O_strat",0.00175921038530678,"W/m2"
"1092","GCAM",1788,"RF_H2O_strat",0.00180079731300749,"W/m2"
"1093","GCAM",1789,"RF_H2O_strat",0.00183145950943362,"W/m2"
"1094","GCAM",1790,"RF_H2O_strat",0.00186273916802741,"W/m2"
"1095","GCAM",1791,"RF_H2O_strat",0.00188265247378637,"W/m2"
"1096","GCAM",1792,"RF_H2O_strat",0.00189868949196081,"W/m2"
"1097","GCAM",1793,"RF_H2O_strat",0.0019167605701243,"W/m2"
"1098","GCAM",1794,"RF_H2O_strat",0.00195289451270076,"W/m2"
"1099","GCAM",1795,"RF_H2O_strat",0.00198139193021261,"W/m2"
"1100","GCAM",1796,"RF_H2O_strat",0.00200334432119019,"W/m2"
"1101","GCAM",1797,"RF_H2O_strat",0.00203394429382972,"W/m2"
"1102","GCAM",1798,"RF_H2O_strat",0.00206785306970946,"W/m2"
"1103","GCAM",1799,"RF_H2O_strat",0.00209989916475153,"W/m2"
"1104","GCAM",1800,"RF_H2O_strat",0.00213627748656612,"W/m2"
"1105","GCAM",1801,"RF_H2O_strat",0.00216734179778827,"W/m2"
"1106","GCAM",1802,"RF_H2O_strat",0.00219897557172955,"W/m2"
"1107","GCAM",1803,"RF_H2O_strat",0.0022237200185638,"W/m2"
"1108","GCAM",1804,"RF_H2O_strat",0.00224619937684268,"W/m2"
"1109","GCAM",1805,"RF_H2O_strat",0.00227861146815303,"W/m2"
"1110","GCAM",1806,"RF_H2O_strat",0.00230936332572138,"W/m2"
"1111","GCAM",1807,"RF_H2O_strat",0.0023434728604955,"W/m2"
"1112","GCAM",1808,"RF_H2O_strat",0.00239254118743859,"W/m2"
"1113","GCAM",1809,"RF_H2O_strat",0.00243178238094265,"W/m2"
"1114","GCAM",1810,"RF_H2O_strat",0.00247222984734671,"W/m2"
"1115","GCAM",1811,"RF_H2O_strat",0.00250383741479914,"W/m2"
"1116","GCAM",1812,"RF_H2O_strat",0.00252883243213853,"W/m2"
"1117","GCAM",1813,"RF_H2O_strat",0.00255855403346475,"W/m2"
"1118","GCAM",1814,"RF_H2O_strat",0.00260535412270661,"W/m2"
"1119","GCAM",1815,"RF_H2O_strat",0.00264532951409447,"W/m2"
"1120","GCAM",1816,"RF_H2O_strat",0.00268231623604274,"W/m2"
"1121","GCAM",1817,"RF_H2O_strat",0.00272284420110589,"W/m2"
"1122","GCAM",1818,"RF_H2O_strat",0.00277001001970437,"W/m2"
"1123","GCAM",1819,"RF_H2O_strat",0.00281278734541072,"W/m2"
"1124","GCAM",1820,"RF_H2O_strat",0.00286216602097528,"W/m2"
"1125","GCAM",1821,"RF_H2O_strat",0.0029074669007786,"W/m2"
"1126","GCAM",1822,"RF_H2O_strat",0.00295091746072012,"W/m2"
"1127","GCAM",1823,"RF_H2O_strat",0.0029863588945153,"W/m2"
"1128","GCAM",1824,"RF_H2O_strat",0.00302199936169981,"W/m2"
"1129","GCAM",1825,"RF_H2O_strat",0.00306478697547833,"W/m2"
"1130","GCAM",1826,"RF_H2O_strat",0.00310498040360205,"W/m2"
"1131","GCAM",1827,"RF_H2O_strat",0.00314892164903318,"W/m2"
"1132","GCAM",1828,"RF_H2O_strat",0.00320954299778674,"W/m2"
"1133","GCAM",1829,"RF_H2O_strat",0.00326016547528224,"W/m2"
"1134","GCAM",1830,"RF_H2O_strat",0.00331257914916746,"W/m2"
"1135","GCAM",1831,"RF_H2O_strat",0.00335357495017729,"W/m2"
"1136","GCAM",1832,"RF_H2O_strat",0.00339115099361146,"W/m2"
"1137","GCAM",1833,"RF_H2O_strat",0.0034329628971724,"W/m2"
"1138","GCAM",1834,"RF_H2O_strat",0.00348992533172737,"W/m2"
"1139","GCAM",1835,"RF_H2O_strat",0.0035387232534604,"W/m2"
"1140","GCAM",1836,"RF_H2O_strat",0.00358902749683147,"W/m2"
"1141","GCAM",1837,"RF_H2O_strat",0.00364200802043394,"W/m2"
"1142","GCAM",1838,"RF_H2O_strat",0.00370088444323975,"W/m2"
"1143","GCAM",1839,"RF_H2O_strat",0.00375638213346939,"W/m2"
"1144","GCAM",1840,"RF_H2O_strat",0.00381275304205583,"W/m2"
"1145","GCAM",1841,"RF_H2O_strat",0.00387227238620782,"W/m2"
"1146","GCAM",1842,"RF_H2O_strat",0.00392756057418556,"W/m2"
"1147","GCAM",1843,"RF_H2O_strat",0.00397260149130753,"W/m2"
"1148","GCAM",1844,"RF_H2O_strat",0.00401833982969773,"W/m2"
"1149","GCAM",1845,"RF_H2O_strat",0.00407348220692785,"W/m2"
"1150","GCAM",1846,"RF_H2O_strat",0.00412562684950884,"W/m2"
"1151","GCAM",1847,"RF_H2O_strat",0.00418605858671876,"W/m2"
"1152","GCAM",1848,"RF_H2O_strat",0.00425961680336295,"W/m2"
"1153","GCAM",1849,"RF_H2O_strat",0.00432514890665822,"W/m2"
"1154","GCAM",1850,"RF_H2O_strat",0.00439321578270751,"W/m2"
"1155","GCAM",1851,"RF_H2O_strat",0.00444744419250085,"W/m2"
"1156","GCAM",1852,"RF_H2O_strat",0.00449544893508127,"W/m2"
"1157","GCAM",1853,"RF_H2O_strat",0.00454886931379906,"W/m2"
"1158","GCAM",1854,"RF_H2O_strat",0.00461972071647274,"W/m2"
"1159","GCAM",1855,"RF_H2O_strat",0.00468038723277061,"W/m2"
"1160","GCAM",1856,"RF_H2O_strat",0.00474012913459982,"W/m2"
"1161","GCAM",1857,"RF_H2O_strat",0.00480768598338048,"W/m2"
"1162","GCAM",1858,"RF_H2O_strat",0.00487795892705563,"W/m2"
"1163","GCAM",1859,"RF_H2O_strat",0.00494722718490595,"W/m2"
"1164","GCAM",1860,"RF_H2O_strat",0.00501657013186229,"W/m2"
"1165","GCAM",1861,"RF_H2O_strat",0.00509025973864116,"W/m2"
"1166","GCAM",1862,"RF_H2O_strat",0.00517001367624024,"W/m2"
"1167","GCAM",1863,"RF_H2O_strat",0.00524593324115995,"W/m2"
"1168","GCAM",1864,"RF_H2O_strat",0.00532833256710596,"W/m2"
"1169","GCAM",1865,"RF_H2O_strat",0.00542910548648506,"W/m2"
"1170","GCAM",1866,"RF_H2O_strat",0.00552820473482534,"W/m2"
"1171","GCAM",1867,"RF_H2O_strat",0.00563937960937456,"W/m2"
"1172","GCAM",1868,"RF_H2O_strat",0.00576613554464949,"W/m2"
"1173","GCAM",1869,"RF_H2O_strat",0.00588234885347046,"W/m2"
"1174","GCAM",1870,"RF_H2O_strat",0.00600838422995517,"W/m2"
"1175","GCAM",1871,"RF_H2O_strat",0.0061232779567344,"W/m2"
"1176","GCAM",1872,"RF_H2O_strat",0.00623023227898278,"W/m2"
"1177","GCAM",1873,"RF_H2O_strat",0.00635554954227604,"W/m2"
"1178","GCAM",1874,"RF_H2O_strat",0.00649197612473859,"W/m2"
"1179","GCAM",1875,"RF_H2O_strat",0.00661510991197215,"W/m2"
"1180","GCAM",1876,"RF_H2O_strat",0.00674648280648342,"W/m2"
"1181","GCAM",1877,"RF_H2O_strat",0.00688060500001955,"W/m2"
"1182","GCAM",1878,"RF_H2O_strat",0.00701832507489721,"W/m2"
"1183","GCAM",1879,"RF_H2O_strat",0.0071639743157645,"W/m2"
"1184","GCAM",1880,"RF_H2O_strat",0.00730354179583944,"W/m2"
"1185","GCAM",1881,"RF_H2O_strat",0.007443992622993,"W/m2"
"1186","GCAM",1882,"RF_H2O_strat",0.00758119039176099,"W/m2"
"1187","GCAM",1883,"RF_H2O_strat",0.007706889036636,"W/m2"
"1188","GCAM",1884,"RF_H2O_strat",0.00784321107544214,"W/m2"
"1189","GCAM",1885,"RF_H2O_strat",0.00798447919249429,"W/m2"
"1190","GCAM",1886,"RF_H2O_strat",0.00812446141641483,"W/m2"
"1191","GCAM",1887,"RF_H2O_strat",0.00827104071485587,"W/m2"
"1192","GCAM",1888,"RF_H2O_strat",0.00842849114436448,"W/m2"
"1193","GCAM",1889,"RF_H2O_strat",0.00857850868375707,"W/m2"
"1194","GCAM",1890,"RF_H2O_strat",0.00873317606976719,"W/m2"
"1195","GCAM",1891,"RF_H2O_strat",0.00887290734669932,"W/m2"
"1196","GCAM",1892,"RF_H2O_strat",0.00900798299893134,"W/m2"
"1197","GCAM",1893,"RF_H2O_strat",0.00915177070111812,"W/m2"
"1198","GCAM",1894,"RF_H2O_strat",0.00931325813493408,"W/m2"
"1199","GCAM",1895,"RF_H2O_strat",0.00946671041881302,"W/m2"
"1200","GCAM",1896,"RF_H2O_strat",0.00961135904672433,"W/m2"
"1201","GCAM",1897,"RF_H2O_strat",0.00976681229856105,"W/m2"
"1202","GCAM",1898,"RF_H2O_strat",0.00991909267195409,"W/m2"
"1203","GCAM",1899,"RF_H2O_strat",0.0100816710770483,"W/m2"
"1204","GCAM",1900,"RF_H2O_strat",0.0102387222864722,"W/m2"
"1205","GCAM",1901,"RF_H2O_strat",0.0103867376026963,"W/m2"
"1206","GCAM",1902,"RF_H2O_strat",0.0105309171875989,"W/m2"
"1207","GCAM",1903,"RF_H2O_strat",0.0106643169213674,"W/m2"
"1208","GCAM",1904,"RF_H2O_strat",0.0108142981682293,"W/m2"
"1209","GCAM",1905,"RF_H2O_strat",0.01096510284277,"W/m2"
"1210","GCAM",1906,"RF_H2O_strat",0.0111112242793818,"W/m2"
"1211","GCAM",1907,"RF_H2O_strat",0.0112680914597034,"W/m2"
"1212","GCAM",1908,"RF_H2O_strat",0.0114283034655174,"W/m2"
"1213","GCAM",1909,"RF_H2O_strat",0.0115797481412008,"W/m2"
"1214","GCAM",1910,"RF_H2O_strat",0.011741860234667,"W/m2"
"1215","GCAM",1911,"RF_H2O_strat",0.0118885488200126,"W/m2"
"1216","GCAM",1912,"RF_H2O_strat",0.0120280340555813,"W/m2"
"1217","GCAM",1913,"RF_H2O_strat",0.0121780015655998,"W/m2"
"1218","GCAM",1914,"RF_H2O_strat",0.0123456446536021,"W/m2"
"1219","GCAM",1915,"RF_H2O_strat",0.0124988877733684,"W/m2"
"1220","GCAM",1916,"RF_H2O_strat",0.0126482170943915,"W/m2"
"1221","GCAM",1917,"RF_H2O_strat",0.0128034586974684,"W/m2"
"1222","GCAM",1918,"RF_H2O_strat",0.0129644156427412,"W/m2"
"1223","GCAM",1919,"RF_H2O_strat",0.0131314503831558,"W/m2"
"1224","GCAM",1920,"RF_H2O_strat",0.0132947938411693,"W/m2"
"1225","GCAM",1921,"RF_H2O_strat",0.0134446194936853,"W/m2"
"1226","GCAM",1922,"RF_H2O_strat",0.0135841597006595,"W/m2"
"1227","GCAM",1923,"RF_H2O_strat",0.0137476664178092,"W/m2"
"1228","GCAM",1924,"RF_H2O_strat",0.0138898595801345,"W/m2"
"1229","GCAM",1925,"RF_H2O_strat",0.0140324993962012,"W/m2"
"1230","GCAM",1926,"RF_H2O_strat",0.0141698727862955,"W/m2"
"1231","GCAM",1927,"RF_H2O_strat",0.0143154738610441,"W/m2"
"1232","GCAM",1928,"RF_H2O_strat",0.0144622584795357,"W/m2"
"1233","GCAM",1929,"RF_H2O_strat",0.0146163776994273,"W/m2"
"1234","GCAM",1930,"RF_H2O_strat",0.0147916841236122,"W/m2"
"1235","GCAM",1931,"RF_H2O_strat",0.0149390000517152,"W/m2"
"1236","GCAM",1932,"RF_H2O_strat",0.0151030616484299,"W/m2"
"1237","GCAM",1933,"RF_H2O_strat",0.0152640209660924,"W/m2"
"1238","GCAM",1934,"RF_H2O_strat",0.0154411819799856,"W/m2"
"1239","GCAM",1935,"RF_H2O_strat",0.0156119245655642,"W/m2"
"1240","GCAM",1936,"RF_H2O_strat",0.0157959865148294,"W/m2"
"1241","GCAM",1937,"RF_H2O_strat",0.0159669572139255,"W/m2"
"1242","GCAM",1938,"RF_H2O_strat",0.0161280197133302,"W/m2"
"1243","GCAM",1939,"RF_H2O_strat",0.0163054666109769,"W/m2"
"1244","GCAM",1940,"RF_H2O_strat",0.0164611641339478,"W/m2"
"1245","GCAM",1941,"RF_H2O_strat",0.0166303283243817,"W/m2"
"1246","GCAM",1942,"RF_H2O_strat",0.0168254271076689,"W/m2"
"1247","GCAM",1943,"RF_H2O_strat",0.0170249197972868,"W/m2"
"1248","GCAM",1944,"RF_H2O_strat",0.0172422436524731,"W/m2"
"1249","GCAM",1945,"RF_H2O_strat",0.0174706862845343,"W/m2"
"1250","GCAM",1946,"RF_H2O_strat",0.0176979633348398,"W/m2"
"1251","GCAM",1947,"RF_H2O_strat",0.0179248908667087,"W/m2"
"1252","GCAM",1948,"RF_H2O_strat",0.0181725169857792,"W/m2"
"1253","GCAM",1949,"RF_H2O_strat",0.0184542088030543,"W/m2"
"1254","GCAM",1950,"RF_H2O_strat",0.0187349057135691,"W/m2"
"1255","GCAM",1951,"RF_H2O_strat",0.0190060107029001,"W/m2"
"1256","GCAM",1952,"RF_H2O_strat",0.0193411007096381,"W/m2"
"1257","GCAM",1953,"RF_H2O_strat",0.0197278675181223,"W/m2"
"1258","GCAM",1954,"RF_H2O_strat",0.0201487173802436,"W/m2"
"1259","GCAM",1955,"RF_H2O_strat",0.0205839912745476,"W/m2"
"1260","GCAM",1956,"RF_H2O_strat",0.0210780347886073,"W/m2"
"1261","GCAM",1957,"RF_H2O_strat",0.0216128753834723,"W/m2"
"1262","GCAM",1958,"RF_H2O_strat",0.0220955727252072,"W/m2"
"1263","GCAM",1959,"RF_H2O_strat",0.0225910272533146,"W/m2"
"1264","GCAM",1960,"RF_H2O_strat",0.0230974296308221,"W/m2"
"1265","GCAM",1961,"RF_H2O_strat",0.0237069522425933,"W/m2"
"1266","GCAM",1962,"RF_H2O_strat",0.0242454950490193,"W/m2"
"1267","GCAM",1963,"RF_H2O_strat",0.0249201043954913,"W/m2"
"1268","GCAM",1964,"RF_H2O_strat",0.0254478881437644,"W/m2"
"1269","GCAM",1965,"RF_H2O_strat",0.0260254863293043,"W/m2"
"1270","GCAM",1966,"RF_H2O_strat",0.0265875300223663,"W/m2"
"1271","GCAM",1967,"RF_H2O_strat",0.02719368407477,"W/m2"
"1272","GCAM",1968,"RF_H2O_strat",0.0277443852338781,"W/m2"
"1273","GCAM",1969,"RF_H2O_strat",0.0282963174733848,"W/m2"
"1274","GCAM",1970,"RF_H2O_strat",0.0288710101605399,"W/m2"
"1275","GCAM",1971,"RF_H2O_strat",0.0294616122149087,"W/m2"
"1276","GCAM",1972,"RF_H2O_strat",0.0301575706252564,"W/m2"
"1277","GCAM",1973,"RF_H2O_strat",0.0307400621850377,"W/m2"
"1278","GCAM",1974,"RF_H2O_strat",0.0312855403856513,"W/m2"
"1279","GCAM",1975,"RF_H2O_strat",0.0317854048302018,"W/m2"
"1280","GCAM",1976,"RF_H2O_strat",0.0323489590125764,"W/m2"
"1281","GCAM",1977,"RF_H2O_strat",0.0329130701843382,"W/m2"
"1282","GCAM",1978,"RF_H2O_strat",0.0334510857837761,"W/m2"
"1283","GCAM",1979,"RF_H2O_strat",0.0340049016341115,"W/m2"
"1284","GCAM",1980,"RF_H2O_strat",0.0345282009597427,"W/m2"
"1285","GCAM",1981,"RF_H2O_strat",0.0349402586220536,"W/m2"
"1286","GCAM",1982,"RF_H2O_strat",0.0355625116770314,"W/m2"
"1287","GCAM",1983,"RF_H2O_strat",0.0359063208942716,"W/m2"
"1288","GCAM",1984,"RF_H2O_strat",0.0362715290791398,"W/m2"
"1289","GCAM",1985,"RF_H2O_strat",0.0366091089660629,"W/m2"
"1290","GCAM",1986,"RF_H2O_strat",0.0370032231183198,"W/m2"
"1291","GCAM",1987,"RF_H2O_strat",0.037440499703654,"W/m2"
"1292","GCAM",1988,"RF_H2O_strat",0.0378440892121873,"W/m2"
"1293","GCAM",1989,"RF_H2O_strat",0.0382267274750821,"W/m2"
"1294","GCAM",1990,"RF_H2O_strat",0.0386361889934463,"W/m2"
"1295","GCAM",1991,"RF_H2O_strat",0.0394549019517352,"W/m2"
"1296","GCAM",1992,"RF_H2O_strat",0.0396022876227754,"W/m2"
"1297","GCAM",1993,"RF_H2O_strat",0.0397320559289274,"W/m2"
"1298","GCAM",1994,"RF_H2O_strat",0.0401774345578223,"W/m2"
"1299","GCAM",1995,"RF_H2O_strat",0.0403316523874944,"W/m2"
"1300","GCAM",1996,"RF_H2O_strat",0.0404677507610718,"W/m2"
"1301","GCAM",1997,"RF_H2O_strat",0.041357693462117,"W/m2"
"1302","GCAM",1998,"RF_H2O_strat",0.0417023939940076,"W/m2"
"1303","GCAM",1999,"RF_H2O_strat",0.0417624061705384,"W/m2"
"1304","GCAM",2000,"RF_H2O_strat",0.0417421127314201,"W/m2"
"1305","GCAM",2001,"RF_H2O_strat",0.0417687737104316,"W/m2"
"1306","GCAM",2002,"RF_H2O_strat",0.0420782585652684,"W/m2"
"1307","GCAM",2003,"RF_H2O_strat",0.0423897657013897,"W/m2"
"1308","GCAM",2004,"RF_H2O_strat",0.0427806235548598,"W/m2"
"1309","GCAM",2005,"RF_H2O_strat",0.0431361189520189,"W/m2"
"1310","GCAM",2006,"RF_H2O_strat",0.0434391208091626,"W/m2"
"1311","GCAM",2007,"RF_H2O_strat",0.0436935659937185,"W/m2"
"1312","GCAM",2008,"RF_H2O_strat",0.0439046505155842,"W/m2"
"1313","GCAM",2009,"RF_H2O_strat",0.0440775161351457,"W/m2"
"1314","GCAM",2010,"RF_H2O_strat",0.044216875939413,"W/m2"
"1315","GCAM",2011,"RF_H2O_strat",0.0444151996582954,"W/m2"
"1316","GCAM",2012,"RF_H2O_strat",0.0446690239242159,"W/m2"
"1317","GCAM",2013,"RF_H2O_strat",0.0449709894980508,"W/m2"
"1318","GCAM",2014,"RF_H2O_strat",0.0453184950138519,"W/m2"
"1319","GCAM",2015,"RF_H2O_strat",0.0457075429565106,"W/m2"
"1320","GCAM",2016,"RF_H2O_strat",0.0460874560719182,"W/m2"
"1321","GCAM",2017,"RF_H2O_strat",0.0464590825082303,"W/m2"
"1322","GCAM",2018,"RF_H2O_strat",0.046823683074804,"W/m2"
"1323","GCAM",2019,"RF_H2O_strat",0.047182105557972,"W/m2"
"1324","GCAM",2020,"RF_H2O_strat",0.0475350474053829,"W/m2"
"1325","GCAM",2021,"RF_H2O_strat",0.0478830378650249,"W/m2"
"1326","GCAM",2022,"RF_H2O_strat",0.048292008578373,"W/m2"
"1327","GCAM",2023,"RF_H2O_strat",0.0487561409011423,"W/m2"
"1328","GCAM",2024,"RF_H2O_strat",0.0492689858648428,"W/m2"
"1329","GCAM",2025,"RF_H2O_strat",0.049825676758626,"W/m2"
"1330","GCAM",2026,"RF_H2O_strat",0.0503964656576139,"W/m2"
"1331","GCAM",2027,"RF_H2O_strat",0.0509807777352683,"W/m2"
"1332","GCAM",2028,"RF_H2O_strat",0.0515776099058933,"W/m2"
"1333","GCAM",2029,"RF_H2O_strat",0.0521860378951754,"W/m2"
"1334","GCAM",2030,"RF_H2O_strat",0.0528052117584884,"W/m2"
"1335","GCAM",2031,"RF_H2O_strat",0.0534295116340957,"W/m2"
"1336","GCAM",2032,"RF_H2O_strat",0.0540586931529541,"W/m2"
"1337","GCAM",2033,"RF_H2O_strat",0.054692512383134,"W/m2"
"1338","GCAM",2034,"RF_H2O_strat",0.0553307506760785,"W/m2"
"1339","GCAM",2035,"RF_H2O_strat",0.0559732445603125,"W/m2"
"1340","GCAM",2036,"RF_H2O_strat",0.0566088196325276,"W/m2"
"1341","GCAM",2037,"RF_H2O_strat",0.0572382686240148,"W/m2"
"1342","GCAM",2038,"RF_H2O_strat",0.0578622236578916,"W/m2"
"1343","GCAM",2039,"RF_H2O_strat",0.0584813165768327,"W/m2"
"1344","GCAM",2040,"RF_H2O_strat",0.0590960974503712,"W/m2"
"1345","GCAM",2041,"RF_H2O_strat",0.0596964633896895,"W/m2"
"1346","GCAM",2042,"RF_H2O_strat",0.0602837529633259,"W/m2"
"1347","GCAM",2043,"RF_H2O_strat",0.0608592643400423,"W/m2"
"1348","GCAM",2044,"RF_H2O_strat",0.0614241194766259,"W/m2"
"1349","GCAM",2045,"RF_H2O_strat",0.0619793230444981,"W/m2"
"1350","GCAM",2046,"RF_H2O_strat",0.0625394391715243,"W/m2"
"1351","GCAM",2047,"RF_H2O_strat",0.0631040348337814,"W/m2"
"1352","GCAM",2048,"RF_H2O_strat",0.0636726873818975,"W/m2"
"1353","GCAM",2049,"RF_H2O_strat",0.0642450477068797,"W/m2"
"1354","GCAM",2050,"RF_H2O_strat",0.064820810877475,"W/m2"
"1355","GCAM",2051,"RF_H2O_strat",0.0653965916463725,"W/m2"
"1356","GCAM",2052,"RF_H2O_strat",0.0659724150782224,"W/m2"
"1357","GCAM",2053,"RF_H2O_strat",0.066548351796926,"W/m2"
"1358","GCAM",2054,"RF_H2O_strat",0.0671244345150326,"W/m2"
"1359","GCAM",2055,"RF_H2O_strat",0.0677006861977321,"W/m2"
"1360","GCAM",2056,"RF_H2O_strat",0.0682762736370756,"W/m2"
"1361","GCAM",2057,"RF_H2O_strat",0.068851272233663,"W/m2"
"1362","GCAM",2058,"RF_H2O_strat",0.0694256933302213,"W/m2"
"1363","GCAM",2059,"RF_H2O_strat",0.069999579728204,"W/m2"
"1364","GCAM",2060,"RF_H2O_strat",0.0705729782345724,"W/m2"
"1365","GCAM",2061,"RF_H2O_strat",0.0711420834175638,"W/m2"
"1366","GCAM",2062,"RF_H2O_strat",0.071707274678006,"W/m2"
"1367","GCAM",2063,"RF_H2O_strat",0.0722688901498088,"W/m2"
"1368","GCAM",2064,"RF_H2O_strat",0.0728272355522598,"W/m2"
"1369","GCAM",2065,"RF_H2O_strat",0.0733825888940586,"W/m2"
"1370","GCAM",2066,"RF_H2O_strat",0.0739301855965747,"W/m2"
"1371","GCAM",2067,"RF_H2O_strat",0.0744706897049408,"W/m2"
"1372","GCAM",2068,"RF_H2O_strat",0.0750046792112552,"W/m2"
"1373","GCAM",2069,"RF_H2O_strat",0.0755326943335274,"W/m2"
"1374","GCAM",2070,"RF_H2O_strat",0.0760552295838296,"W/m2"
"1375","GCAM",2071,"RF_H2O_strat",0.0765668255377791,"W/m2"
"1376","GCAM",2072,"RF_H2O_strat",0.0770684062560757,"W/m2"
"1377","GCAM",2073,"RF_H2O_strat",0.0775608305353783,"W/m2"
"1378","GCAM",2074,"RF_H2O_strat",0.0780448683612364,"W/m2"
"1379","GCAM",2075,"RF_H2O_strat",0.0785212179171881,"W/m2"
"1380","GCAM",2076,"RF_H2O_strat",0.0789793116354642,"W/m2"
"1381","GCAM",2077,"RF_H2O_strat",0.0794207038296095,"W/m2"
"1382","GCAM",2078,"RF_H2O_strat",0.0798468100110912,"W/m2"
"1383","GCAM",2079,"RF_H2O_strat",0.0802589118656097,"W/m2"
"1384","GCAM",2080,"RF_H2O_strat",0.0806581756032759,"W/m2"
"1385","GCAM",2081,"RF_H2O_strat",0.0810363001503756,"W/m2"
"1386","GCAM",2082,"RF_H2O_strat",0.0813950656698436,"W/m2"
"1387","GCAM",2083,"RF_H2O_strat",0.0817361398400577,"W/m2"
"1388","GCAM",2084,"RF_H2O_strat",0.0820610071993585,"W/m2"
"1389","GCAM",2085,"RF_H2O_strat",0.082371012870106,"W/m2"
"1390","GCAM",2086,"RF_H2O_strat",0.082671124970186,"W/m2"
"1391","GCAM",2087,"RF_H2O_strat",0.0829621518341009,"W/m2"
"1392","GCAM",2088,"RF_H2O_strat",0.083244861825732,"W/m2"
"1393","GCAM",2089,"RF_H2O_strat",0.0835198993828083,"W/m2"
"1394","GCAM",2090,"RF_H2O_strat",0.083787851999599,"W/m2"
"1395","GCAM",2091,"RF_H2O_strat",0.0840461893825757,"W/m2"
"1396","GCAM",2092,"RF_H2O_strat",0.0842956775908402,"W/m2"
"1397","GCAM",2093,"RF_H2O_strat",0.0845370308112291,"W/m2"
"1398","GCAM",2094,"RF_H2O_strat",0.0847708972903639,"W/m2"
"1399","GCAM",2095,"RF_H2O_strat",0.0849978706832906,"W/m2"
"1400","GCAM",2096,"RF_H2O_strat",0.0852148431009933,"W/m2"
"1401","GCAM",2097,"RF_H2O_strat",0.0854226138384898,"W/m2"
"1402","GCAM",2098,"RF_H2O_strat",0.0856219243658633,"W/m2"
"1403","GCAM",2099,"RF_H2O_strat",0.0858134447057688,"W/m2"
"1404","GCAM",2100,"RF_H2O_strat",0.0859977857475532,"W/m2"
"1405","GCAM",1750,"RF_O3_trop",0,"W/m2"
"1406","GCAM",1751,"RF_O3_trop",0.00027372811894999,"W/m2"
"1407","GCAM",1752,"RF_O3_trop",0.000844648784409818,"W/m2"
"1408","GCAM",1753,"RF_O3_trop",0.00157548184565992,"W/m2"
"1409","GCAM",1754,"RF_O3_trop",0.00284983251332993,"W/m2"
"1410","GCAM",1755,"RF_O3_trop",0.0034859762794599,"W/m2"
"1411","GCAM",1756,"RF_O3_trop",0.00306942663843968,"W/m2"
"1412","GCAM",1757,"RF_O3_trop",0.00563968559164563,"W/m2"
"1413","GCAM",1758,"RF_O3_trop",0.00552400130919883,"W/m2"
"1414","GCAM",1759,"RF_O3_trop",0.00555943608573428,"W/m2"
"1415","GCAM",1760,"RF_O3_trop",0.00612161995141602,"W/m2"
"1416","GCAM",1761,"RF_O3_trop",0.00688535237734111,"W/m2"
"1417","GCAM",1762,"RF_O3_trop",0.00605722243871365,"W/m2"
"1418","GCAM",1763,"RF_O3_trop",0.00659646303906669,"W/m2"
"1419","GCAM",1764,"RF_O3_trop",0.00607705420357041,"W/m2"
"1420","GCAM",1765,"RF_O3_trop",0.00741080389082471,"W/m2"
"1421","GCAM",1766,"RF_O3_trop",0.00738631673919565,"W/m2"
"1422","GCAM",1767,"RF_O3_trop",0.00758110392274847,"W/m2"
"1423","GCAM",1768,"RF_O3_trop",0.00964739642663393,"W/m2"
"1424","GCAM",1769,"RF_O3_trop",0.00866263107487275,"W/m2"
"1425","GCAM",1770,"RF_O3_trop",0.00895049898925793,"W/m2"
"1426","GCAM",1771,"RF_O3_trop",0.00808220577965768,"W/m2"
"1427","GCAM",1772,"RF_O3_trop",0.00777689947776516,"W/m2"
"1428","GCAM",1773,"RF_O3_trop",0.0078826139849193,"W/m2"
"1429","GCAM",1774,"RF_O3_trop",0.00950757531490631,"W/m2"
"1430","GCAM",1775,"RF_O3_trop",0.00956140540743045,"W/m2"
"1431","GCAM",1776,"RF_O3_trop",0.00850609607302077,"W/m2"
"1432","GCAM",1777,"RF_O3_trop",0.0101336862405452,"W/m2"
"1433","GCAM",1778,"RF_O3_trop",0.0111318464283896,"W/m2"
"1434","GCAM",1779,"RF_O3_trop",0.00997958193761184,"W/m2"
"1435","GCAM",1780,"RF_O3_trop",0.0106343991431743,"W/m2"
"1436","GCAM",1781,"RF_O3_trop",0.0109342337941045,"W/m2"
"1437","GCAM",1782,"RF_O3_trop",0.0101378307026267,"W/m2"
"1438","GCAM",1783,"RF_O3_trop",0.010108137007607,"W/m2"
"1439","GCAM",1784,"RF_O3_trop",0.0101392693094688,"W/m2"
"1440","GCAM",1785,"RF_O3_trop",0.0106880430412499,"W/m2"
"1441","GCAM",1786,"RF_O3_trop",0.010637301049524,"W/m2"
"1442","GCAM",1787,"RF_O3_trop",0.0114330973406855,"W/m2"
"1443","GCAM",1788,"RF_O3_trop",0.0133966399900434,"W/m2"
"1444","GCAM",1789,"RF_O3_trop",0.0123386059249284,"W/m2"
"1445","GCAM",1790,"RF_O3_trop",0.0127587555832236,"W/m2"
"1446","GCAM",1791,"RF_O3_trop",0.0118046192791534,"W/m2"
"1447","GCAM",1792,"RF_O3_trop",0.0117393289438263,"W/m2"
"1448","GCAM",1793,"RF_O3_trop",0.0115061334934186,"W/m2"
"1449","GCAM",1794,"RF_O3_trop",0.0131773835369777,"W/m2"
"1450","GCAM",1795,"RF_O3_trop",0.0131637138505534,"W/m2"
"1451","GCAM",1796,"RF_O3_trop",0.0118571024294196,"W/m2"
"1452","GCAM",1797,"RF_O3_trop",0.0136855764968489,"W/m2"
"1453","GCAM",1798,"RF_O3_trop",0.0145695846038367,"W/m2"
"1454","GCAM",1799,"RF_O3_trop",0.0137730869677903,"W/m2"
"1455","GCAM",1800,"RF_O3_trop",0.0140883468805413,"W/m2"
"1456","GCAM",1801,"RF_O3_trop",0.0144670123126682,"W/m2"
"1457","GCAM",1802,"RF_O3_trop",0.0139555496844075,"W/m2"
"1458","GCAM",1803,"RF_O3_trop",0.0135586286064351,"W/m2"
"1459","GCAM",1804,"RF_O3_trop",0.0142399275345446,"W/m2"
"1460","GCAM",1805,"RF_O3_trop",0.0146376489063931,"W/m2"
"1461","GCAM",1806,"RF_O3_trop",0.0149834665449249,"W/m2"
"1462","GCAM",1807,"RF_O3_trop",0.015541241297214,"W/m2"
"1463","GCAM",1808,"RF_O3_trop",0.0176098812064212,"W/m2"
"1464","GCAM",1809,"RF_O3_trop",0.0166345498137312,"W/m2"
"1465","GCAM",1810,"RF_O3_trop",0.0171081214479183,"W/m2"
"1466","GCAM",1811,"RF_O3_trop",0.0166584693791503,"W/m2"
"1467","GCAM",1812,"RF_O3_trop",0.0162292552152956,"W/m2"
"1468","GCAM",1813,"RF_O3_trop",0.0163362097196202,"W/m2"
"1469","GCAM",1814,"RF_O3_trop",0.0180340816981355,"W/m2"
"1470","GCAM",1815,"RF_O3_trop",0.0182341847526606,"W/m2"
"1471","GCAM",1816,"RF_O3_trop",0.0175792785175353,"W/m2"
"1472","GCAM",1817,"RF_O3_trop",0.0187531213538368,"W/m2"
"1473","GCAM",1818,"RF_O3_trop",0.0202294958003042,"W/m2"
"1474","GCAM",1819,"RF_O3_trop",0.0193153172497533,"W/m2"
"1475","GCAM",1820,"RF_O3_trop",0.0198787213702403,"W/m2"
"1476","GCAM",1821,"RF_O3_trop",0.0205250999089419,"W/m2"
"1477","GCAM",1822,"RF_O3_trop",0.0196437959515952,"W/m2"
"1478","GCAM",1823,"RF_O3_trop",0.0193858435448666,"W/m2"
"1479","GCAM",1824,"RF_O3_trop",0.0203366234209139,"W/m2"
"1480","GCAM",1825,"RF_O3_trop",0.0206246620495494,"W/m2"
"1481","GCAM",1826,"RF_O3_trop",0.0206972610314979,"W/m2"
"1482","GCAM",1827,"RF_O3_trop",0.0214678681620257,"W/m2"
"1483","GCAM",1828,"RF_O3_trop",0.023595447662105,"W/m2"
"1484","GCAM",1829,"RF_O3_trop",0.0227786584603928,"W/m2"
"1485","GCAM",1830,"RF_O3_trop",0.0234660003319445,"W/m2"
"1486","GCAM",1831,"RF_O3_trop",0.0226357282950256,"W/m2"
"1487","GCAM",1832,"RF_O3_trop",0.0226950353259028,"W/m2"
"1488","GCAM",1833,"RF_O3_trop",0.0227978242870051,"W/m2"
"1489","GCAM",1834,"RF_O3_trop",0.0243388761832894,"W/m2"
"1490","GCAM",1835,"RF_O3_trop",0.0243809453032933,"W/m2"
"1491","GCAM",1836,"RF_O3_trop",0.0241936479832632,"W/m2"
"1492","GCAM",1837,"RF_O3_trop",0.0254633367956569,"W/m2"
"1493","GCAM",1838,"RF_O3_trop",0.0267912112212254,"W/m2"
"1494","GCAM",1839,"RF_O3_trop",0.0261216508679905,"W/m2"
"1495","GCAM",1840,"RF_O3_trop",0.0258893130555129,"W/m2"
"1496","GCAM",1841,"RF_O3_trop",0.0275347939615018,"W/m2"
"1497","GCAM",1842,"RF_O3_trop",0.026651999178511,"W/m2"
"1498","GCAM",1843,"RF_O3_trop",0.0258900962185353,"W/m2"
"1499","GCAM",1844,"RF_O3_trop",0.0269579264799196,"W/m2"
"1500","GCAM",1845,"RF_O3_trop",0.0275946444650863,"W/m2"
"1501","GCAM",1846,"RF_O3_trop",0.0276929079443151,"W/m2"
"1502","GCAM",1847,"RF_O3_trop",0.0290029688499294,"W/m2"
"1503","GCAM",1848,"RF_O3_trop",0.0307752932554572,"W/m2"
"1504","GCAM",1849,"RF_O3_trop",0.0304363760273949,"W/m2"
"1505","GCAM",1850,"RF_O3_trop",0.0310338945339761,"W/m2"
"1506","GCAM",1851,"RF_O3_trop",0.0302018469313334,"W/m2"
"1507","GCAM",1852,"RF_O3_trop",0.0298393533573291,"W/m2"
"1508","GCAM",1853,"RF_O3_trop",0.0303867432718581,"W/m2"
"1509","GCAM",1854,"RF_O3_trop",0.0323283905907694,"W/m2"
"1510","GCAM",1855,"RF_O3_trop",0.032184204493054,"W/m2"
"1511","GCAM",1856,"RF_O3_trop",0.031596281434652,"W/m2"
"1512","GCAM",1857,"RF_O3_trop",0.0337988495316059,"W/m2"
"1513","GCAM",1858,"RF_O3_trop",0.0349185062596176,"W/m2"
"1514","GCAM",1859,"RF_O3_trop",0.0344666512191314,"W/m2"
"1515","GCAM",1860,"RF_O3_trop",0.0345130727689462,"W/m2"
"1516","GCAM",1861,"RF_O3_trop",0.0355025150544988,"W/m2"
"1517","GCAM",1862,"RF_O3_trop",0.0350996381486399,"W/m2"
"1518","GCAM",1863,"RF_O3_trop",0.0346753755059392,"W/m2"
"1519","GCAM",1864,"RF_O3_trop",0.0359349036199963,"W/m2"
"1520","GCAM",1865,"RF_O3_trop",0.0375101648559124,"W/m2"
"1521","GCAM",1866,"RF_O3_trop",0.0376636616389654,"W/m2"
"1522","GCAM",1867,"RF_O3_trop",0.0392868156205226,"W/m2"
"1523","GCAM",1868,"RF_O3_trop",0.0414299029772844,"W/m2"
"1524","GCAM",1869,"RF_O3_trop",0.040802564854693,"W/m2"
"1525","GCAM",1870,"RF_O3_trop",0.0423680777915212,"W/m2"
"1526","GCAM",1871,"RF_O3_trop",0.0420899788295264,"W/m2"
"1527","GCAM",1872,"RF_O3_trop",0.0416209775258947,"W/m2"
"1528","GCAM",1873,"RF_O3_trop",0.0438059405047388,"W/m2"
"1529","GCAM",1874,"RF_O3_trop",0.045329584112394,"W/m2"
"1530","GCAM",1875,"RF_O3_trop",0.0450034820963001,"W/m2"
"1531","GCAM",1876,"RF_O3_trop",0.0456962323530943,"W/m2"
"1532","GCAM",1877,"RF_O3_trop",0.0474423180803096,"W/m2"
"1533","GCAM",1878,"RF_O3_trop",0.0489076921788372,"W/m2"
"1534","GCAM",1879,"RF_O3_trop",0.0495903756137783,"W/m2"
"1535","GCAM",1880,"RF_O3_trop",0.0497111272898787,"W/m2"
"1536","GCAM",1881,"RF_O3_trop",0.0514371115641743,"W/m2"
"1537","GCAM",1882,"RF_O3_trop",0.051143908164446,"W/m2"
"1538","GCAM",1883,"RF_O3_trop",0.0508500070361613,"W/m2"
"1539","GCAM",1884,"RF_O3_trop",0.0529988883409491,"W/m2"
"1540","GCAM",1885,"RF_O3_trop",0.0537649799641731,"W/m2"
"1541","GCAM",1886,"RF_O3_trop",0.0546660238724066,"W/m2"
"1542","GCAM",1887,"RF_O3_trop",0.0562269078434805,"W/m2"
"1543","GCAM",1888,"RF_O3_trop",0.0583267280527295,"W/m2"
"1544","GCAM",1889,"RF_O3_trop",0.0587204823379222,"W/m2"
"1545","GCAM",1890,"RF_O3_trop",0.0602730821630069,"W/m2"
"1546","GCAM",1891,"RF_O3_trop",0.059921889521434,"W/m2"
"1547","GCAM",1892,"RF_O3_trop",0.0600120673162925,"W/m2"
"1548","GCAM",1893,"RF_O3_trop",0.0611052490797293,"W/m2"
"1549","GCAM",1894,"RF_O3_trop",0.0637669699076666,"W/m2"
"1550","GCAM",1895,"RF_O3_trop",0.0644307213123063,"W/m2"
"1551","GCAM",1896,"RF_O3_trop",0.0634913121494591,"W/m2"
"1552","GCAM",1897,"RF_O3_trop",0.0666514878772624,"W/m2"
"1553","GCAM",1898,"RF_O3_trop",0.0677635390283213,"W/m2"
"1554","GCAM",1899,"RF_O3_trop",0.068929568226588,"W/m2"
"1555","GCAM",1900,"RF_O3_trop",0.069463190031992,"W/m2"
"1556","GCAM",1901,"RF_O3_trop",0.0706422741667279,"W/m2"
"1557","GCAM",1902,"RF_O3_trop",0.0710426696844251,"W/m2"
"1558","GCAM",1903,"RF_O3_trop",0.0713649209654317,"W/m2"
"1559","GCAM",1904,"RF_O3_trop",0.074132981617933,"W/m2"
"1560","GCAM",1905,"RF_O3_trop",0.0760829422865905,"W/m2"
"1561","GCAM",1906,"RF_O3_trop",0.0768884628741373,"W/m2"
"1562","GCAM",1907,"RF_O3_trop",0.0802919711917389,"W/m2"
"1563","GCAM",1908,"RF_O3_trop",0.0815283888534672,"W/m2"
"1564","GCAM",1909,"RF_O3_trop",0.0824423904075757,"W/m2"
"1565","GCAM",1910,"RF_O3_trop",0.0849442883069427,"W/m2"
"1566","GCAM",1911,"RF_O3_trop",0.0848609332447368,"W/m2"
"1567","GCAM",1912,"RF_O3_trop",0.0852543392307672,"W/m2"
"1568","GCAM",1913,"RF_O3_trop",0.0878961127003859,"W/m2"
"1569","GCAM",1914,"RF_O3_trop",0.0894993936384472,"W/m2"
"1570","GCAM",1915,"RF_O3_trop",0.0894459321852428,"W/m2"
"1571","GCAM",1916,"RF_O3_trop",0.0906845207335214,"W/m2"
"1572","GCAM",1917,"RF_O3_trop",0.0942674666024188,"W/m2"
"1573","GCAM",1918,"RF_O3_trop",0.0959127823744339,"W/m2"
"1574","GCAM",1919,"RF_O3_trop",0.0954315002470463,"W/m2"
"1575","GCAM",1920,"RF_O3_trop",0.0987705980177138,"W/m2"
"1576","GCAM",1921,"RF_O3_trop",0.0977291871728985,"W/m2"
"1577","GCAM",1922,"RF_O3_trop",0.0987335525964121,"W/m2"
"1578","GCAM",1923,"RF_O3_trop",0.105619226844525,"W/m2"
"1579","GCAM",1924,"RF_O3_trop",0.1039555173706,"W/m2"
"1580","GCAM",1925,"RF_O3_trop",0.105886751557854,"W/m2"
"1581","GCAM",1926,"RF_O3_trop",0.106729577742684,"W/m2"
"1582","GCAM",1927,"RF_O3_trop",0.110765029657432,"W/m2"
"1583","GCAM",1928,"RF_O3_trop",0.111891338885633,"W/m2"
"1584","GCAM",1929,"RF_O3_trop",0.115108185140587,"W/m2"
"1585","GCAM",1930,"RF_O3_trop",0.116274918836272,"W/m2"
"1586","GCAM",1931,"RF_O3_trop",0.111480678406685,"W/m2"
"1587","GCAM",1932,"RF_O3_trop",0.112300021283775,"W/m2"
"1588","GCAM",1933,"RF_O3_trop",0.11266789617865,"W/m2"
"1589","GCAM",1934,"RF_O3_trop",0.117505893456747,"W/m2"
"1590","GCAM",1935,"RF_O3_trop",0.119284369726242,"W/m2"
"1591","GCAM",1936,"RF_O3_trop",0.124628908737768,"W/m2"
"1592","GCAM",1937,"RF_O3_trop",0.126508402177189,"W/m2"
"1593","GCAM",1938,"RF_O3_trop",0.123810388019558,"W/m2"
"1594","GCAM",1939,"RF_O3_trop",0.128637238738079,"W/m2"
"1595","GCAM",1940,"RF_O3_trop",0.130713727972491,"W/m2"
"1596","GCAM",1941,"RF_O3_trop",0.132844124117154,"W/m2"
"1597","GCAM",1942,"RF_O3_trop",0.135011027608361,"W/m2"
"1598","GCAM",1943,"RF_O3_trop",0.137566429172819,"W/m2"
"1599","GCAM",1944,"RF_O3_trop",0.140932142788527,"W/m2"
"1600","GCAM",1945,"RF_O3_trop",0.140761000589096,"W/m2"
"1601","GCAM",1946,"RF_O3_trop",0.141403075880257,"W/m2"
"1602","GCAM",1947,"RF_O3_trop",0.146487035354425,"W/m2"
"1603","GCAM",1948,"RF_O3_trop",0.152821701399164,"W/m2"
"1604","GCAM",1949,"RF_O3_trop",0.152460933364285,"W/m2"
"1605","GCAM",1950,"RF_O3_trop",0.162362694205055,"W/m2"
"1606","GCAM",1951,"RF_O3_trop",0.161663026669514,"W/m2"
"1607","GCAM",1952,"RF_O3_trop",0.165884654160964,"W/m2"
"1608","GCAM",1953,"RF_O3_trop",0.17174606066138,"W/m2"
"1609","GCAM",1954,"RF_O3_trop",0.17549919039081,"W/m2"
"1610","GCAM",1955,"RF_O3_trop",0.183584907984924,"W/m2"
"1611","GCAM",1956,"RF_O3_trop",0.193512960501439,"W/m2"
"1612","GCAM",1957,"RF_O3_trop",0.201562945035648,"W/m2"
"1613","GCAM",1958,"RF_O3_trop",0.200079518025255,"W/m2"
"1614","GCAM",1959,"RF_O3_trop",0.20489806181921,"W/m2"
"1615","GCAM",1960,"RF_O3_trop",0.210501320249749,"W/m2"
"1616","GCAM",1961,"RF_O3_trop",0.218831096309171,"W/m2"
"1617","GCAM",1962,"RF_O3_trop",0.222421291153114,"W/m2"
"1618","GCAM",1963,"RF_O3_trop",0.23621330206006,"W/m2"
"1619","GCAM",1964,"RF_O3_trop",0.238187194145666,"W/m2"
"1620","GCAM",1965,"RF_O3_trop",0.246509026257094,"W/m2"
"1621","GCAM",1966,"RF_O3_trop",0.253008323691646,"W/m2"
"1622","GCAM",1967,"RF_O3_trop",0.264980147894409,"W/m2"
"1623","GCAM",1968,"RF_O3_trop",0.27304007028592,"W/m2"
"1624","GCAM",1969,"RF_O3_trop",0.27930370304241,"W/m2"
"1625","GCAM",1970,"RF_O3_trop",0.293447044712533,"W/m2"
"1626","GCAM",1971,"RF_O3_trop",0.30083147839816,"W/m2"
"1627","GCAM",1972,"RF_O3_trop",0.316806196093924,"W/m2"
"1628","GCAM",1973,"RF_O3_trop",0.320629621057998,"W/m2"
"1629","GCAM",1974,"RF_O3_trop",0.321086609308143,"W/m2"
"1630","GCAM",1975,"RF_O3_trop",0.319873607363033,"W/m2"
"1631","GCAM",1976,"RF_O3_trop",0.332684968209643,"W/m2"
"1632","GCAM",1977,"RF_O3_trop",0.339522829337103,"W/m2"
"1633","GCAM",1978,"RF_O3_trop",0.34942740975985,"W/m2"
"1634","GCAM",1979,"RF_O3_trop",0.355641750102068,"W/m2"
"1635","GCAM",1980,"RF_O3_trop",0.355273043089295,"W/m2"
"1636","GCAM",1981,"RF_O3_trop",0.351733705668224,"W/m2"
"1637","GCAM",1982,"RF_O3_trop",0.360543476369115,"W/m2"
"1638","GCAM",1983,"RF_O3_trop",0.34895265268644,"W/m2"
"1639","GCAM",1984,"RF_O3_trop",0.357557634285094,"W/m2"
"1640","GCAM",1985,"RF_O3_trop",0.362343718265798,"W/m2"
"1641","GCAM",1986,"RF_O3_trop",0.366618214164205,"W/m2"
"1642","GCAM",1987,"RF_O3_trop",0.377008725542056,"W/m2"
"1643","GCAM",1988,"RF_O3_trop",0.385258380811242,"W/m2"
"1644","GCAM",1989,"RF_O3_trop",0.386822738652058,"W/m2"
"1645","GCAM",1990,"RF_O3_trop",0.389470068601944,"W/m2"
"1646","GCAM",1991,"RF_O3_trop",0.413872683809242,"W/m2"
"1647","GCAM",1992,"RF_O3_trop",0.39276809002802,"W/m2"
"1648","GCAM",1993,"RF_O3_trop",0.400615502182924,"W/m2"
"1649","GCAM",1994,"RF_O3_trop",0.413913083171278,"W/m2"
"1650","GCAM",1995,"RF_O3_trop",0.407024794355656,"W/m2"
"1651","GCAM",1996,"RF_O3_trop",0.40547947001057,"W/m2"
"1652","GCAM",1997,"RF_O3_trop",0.437120596506477,"W/m2"
"1653","GCAM",1998,"RF_O3_trop",0.430397744352576,"W/m2"
"1654","GCAM",1999,"RF_O3_trop",0.412824162907783,"W/m2"
"1655","GCAM",2000,"RF_O3_trop",0.410570918209296,"W/m2"
"1656","GCAM",2001,"RF_O3_trop",0.411135267892267,"W/m2"
"1657","GCAM",2002,"RF_O3_trop",0.421939168315323,"W/m2"
"1658","GCAM",2003,"RF_O3_trop",0.425155716768756,"W/m2"
"1659","GCAM",2004,"RF_O3_trop",0.436433220812385,"W/m2"
"1660","GCAM",2005,"RF_O3_trop",0.43741240054725,"W/m2"
"1661","GCAM",2006,"RF_O3_trop",0.434157229847941,"W/m2"
"1662","GCAM",2007,"RF_O3_trop",0.43076635814969,"W/m2"
"1663","GCAM",2008,"RF_O3_trop",0.427255256451234,"W/m2"
"1664","GCAM",2009,"RF_O3_trop",0.423638862480662,"W/m2"
"1665","GCAM",2010,"RF_O3_trop",0.419930649659607,"W/m2"
"1666","GCAM",2011,"RF_O3_trop",0.420502350504178,"W/m2"
"1667","GCAM",2012,"RF_O3_trop",0.421222252605729,"W/m2"
"1668","GCAM",2013,"RF_O3_trop",0.422069158177105,"W/m2"
"1669","GCAM",2014,"RF_O3_trop",0.423034641075237,"W/m2"
"1670","GCAM",2015,"RF_O3_trop",0.424106490529866,"W/m2"
"1671","GCAM",2016,"RF_O3_trop",0.420261724262935,"W/m2"
"1672","GCAM",2017,"RF_O3_trop",0.416390324866423,"W/m2"
"1673","GCAM",2018,"RF_O3_trop",0.412495946967445,"W/m2"
"1674","GCAM",2019,"RF_O3_trop",0.408581095692673,"W/m2"
"1675","GCAM",2020,"RF_O3_trop",0.404647837137413,"W/m2"
"1676","GCAM",2021,"RF_O3_trop",0.400697763247356,"W/m2"
"1677","GCAM",2022,"RF_O3_trop",0.394209069140429,"W/m2"
"1678","GCAM",2023,"RF_O3_trop",0.387856344087145,"W/m2"
"1679","GCAM",2024,"RF_O3_trop",0.381620851592652,"W/m2"
"1680","GCAM",2025,"RF_O3_trop",0.375488073718649,"W/m2"
"1681","GCAM",2026,"RF_O3_trop",0.372281767365273,"W/m2"
"1682","GCAM",2027,"RF_O3_trop",0.369099394722201,"W/m2"
"1683","GCAM",2028,"RF_O3_trop",0.365937909094405,"W/m2"
"1684","GCAM",2029,"RF_O3_trop",0.362794528893726,"W/m2"
"1685","GCAM",2030,"RF_O3_trop",0.359666721167008,"W/m2"
"1686","GCAM",2031,"RF_O3_trop",0.357597908207707,"W/m2"
"1687","GCAM",2032,"RF_O3_trop",0.355529947146116,"W/m2"
"1688","GCAM",2033,"RF_O3_trop",0.353462158932264,"W/m2"
"1689","GCAM",2034,"RF_O3_trop",0.351393943169183,"W/m2"
"1690","GCAM",2035,"RF_O3_trop",0.349324845955281,"W/m2"
"1691","GCAM",2036,"RF_O3_trop",0.348493113974364,"W/m2"
"1692","GCAM",2037,"RF_O3_trop",0.347636672254628,"W/m2"
"1693","GCAM",2038,"RF_O3_trop",0.346757418522591,"W/m2"
"1694","GCAM",2039,"RF_O3_trop",0.345857196674168,"W/m2"
"1695","GCAM",2040,"RF_O3_trop",0.344937614210519,"W/m2"
"1696","GCAM",2041,"RF_O3_trop",0.34532392138148,"W/m2"
"1697","GCAM",2042,"RF_O3_trop",0.345672126652808,"W/m2"
"1698","GCAM",2043,"RF_O3_trop",0.345985786912698,"W/m2"
"1699","GCAM",2044,"RF_O3_trop",0.346267971699723,"W/m2"
"1700","GCAM",2045,"RF_O3_trop",0.34652141106779,"W/m2"
"1701","GCAM",2046,"RF_O3_trop",0.347360256474139,"W/m2"
"1702","GCAM",2047,"RF_O3_trop",0.348201686313448,"W/m2"
"1703","GCAM",2048,"RF_O3_trop",0.349044697801741,"W/m2"
"1704","GCAM",2049,"RF_O3_trop",0.349888469196695,"W/m2"
"1705","GCAM",2050,"RF_O3_trop",0.35073229202135,"W/m2"
"1706","GCAM",2051,"RF_O3_trop",0.351686509298106,"W/m2"
"1707","GCAM",2052,"RF_O3_trop",0.352633667187971,"W/m2"
"1708","GCAM",2053,"RF_O3_trop",0.353573995400525,"W/m2"
"1709","GCAM",2054,"RF_O3_trop",0.354507639554385,"W/m2"
"1710","GCAM",2055,"RF_O3_trop",0.355434722134552,"W/m2"
"1711","GCAM",2056,"RF_O3_trop",0.356662245892605,"W/m2"
"1712","GCAM",2057,"RF_O3_trop",0.357881813517559,"W/m2"
"1713","GCAM",2058,"RF_O3_trop",0.359093544350065,"W/m2"
"1714","GCAM",2059,"RF_O3_trop",0.360297619434606,"W/m2"
"1715","GCAM",2060,"RF_O3_trop",0.361494224300122,"W/m2"
"1716","GCAM",2061,"RF_O3_trop",0.362697594659245,"W/m2"
"1717","GCAM",2062,"RF_O3_trop",0.363886899261304,"W/m2"
"1718","GCAM",2063,"RF_O3_trop",0.365063004020922,"W/m2"
"1719","GCAM",2064,"RF_O3_trop",0.366226691930767,"W/m2"
"1720","GCAM",2065,"RF_O3_trop",0.367378674714647,"W/m2"
"1721","GCAM",2066,"RF_O3_trop",0.368577079852447,"W/m2"
"1722","GCAM",2067,"RF_O3_trop",0.36975618444805,"W/m2"
"1723","GCAM",2068,"RF_O3_trop",0.370917371882736,"W/m2"
"1724","GCAM",2069,"RF_O3_trop",0.372061923289607,"W/m2"
"1725","GCAM",2070,"RF_O3_trop",0.373191005465951,"W/m2"
"1726","GCAM",2071,"RF_O3_trop",0.374258915587455,"W/m2"
"1727","GCAM",2072,"RF_O3_trop",0.375303212600796,"W/m2"
"1728","GCAM",2073,"RF_O3_trop",0.376325824369519,"W/m2"
"1729","GCAM",2074,"RF_O3_trop",0.377328472664468,"W/m2"
"1730","GCAM",2075,"RF_O3_trop",0.378312710888901,"W/m2"
"1731","GCAM",2076,"RF_O3_trop",0.3792328635283,"W/m2"
"1732","GCAM",2077,"RF_O3_trop",0.38011840195767,"W/m2"
"1733","GCAM",2078,"RF_O3_trop",0.380972346281365,"W/m2"
"1734","GCAM",2079,"RF_O3_trop",0.38179741149478,"W/m2"
"1735","GCAM",2080,"RF_O3_trop",0.382596050286876,"W/m2"
"1736","GCAM",2081,"RF_O3_trop",0.383170057834496,"W/m2"
"1737","GCAM",2082,"RF_O3_trop",0.38370632044015,"W/m2"
"1738","GCAM",2083,"RF_O3_trop",0.384208229683607,"W/m2"
"1739","GCAM",2084,"RF_O3_trop",0.384678787642671,"W/m2"
"1740","GCAM",2085,"RF_O3_trop",0.385120696232838,"W/m2"
"1741","GCAM",2086,"RF_O3_trop",0.385583442867283,"W/m2"
"1742","GCAM",2087,"RF_O3_trop",0.386028370701675,"W/m2"
"1743","GCAM",2088,"RF_O3_trop",0.386456994647519,"W/m2"
"1744","GCAM",2089,"RF_O3_trop",0.386870588724321,"W/m2"
"1745","GCAM",2090,"RF_O3_trop",0.387270309956953,"W/m2"
"1746","GCAM",2091,"RF_O3_trop",0.387628128634519,"W/m2"
"1747","GCAM",2092,"RF_O3_trop",0.387969124886818,"W/m2"
"1748","GCAM",2093,"RF_O3_trop",0.388294676524144,"W/m2"
"1749","GCAM",2094,"RF_O3_trop",0.388606029598744,"W/m2"
"1750","GCAM",2095,"RF_O3_trop",0.388904320693361,"W/m2"
"1751","GCAM",2096,"RF_O3_trop",0.389122836979626,"W/m2"
"1752","GCAM",2097,"RF_O3_trop",0.389324371334436,"W/m2"
"1753","GCAM",2098,"RF_O3_trop",0.389510321174795,"W/m2"
"1754","GCAM",2099,"RF_O3_trop",0.389681945189289,"W/m2"
"1755","GCAM",2100,"RF_O3_trop",0.389840387011869,"W/m2"
"1756","GCAM",1750,"RF_BC",0,"W/m2"
"1757","GCAM",1751,"RF_BC",-0.00158666183615097,"W/m2"
"1758","GCAM",1752,"RF_BC",-0.00213677606515095,"W/m2"
"1759","GCAM",1753,"RF_BC",-0.00164895124300626,"W/m2"
"1760","GCAM",1754,"RF_BC",0.000100841244100064,"W/m2"
"1761","GCAM",1755,"RF_BC",8.95619134925751e-05,"W/m2"
"1762","GCAM",1756,"RF_BC",-0.0018427850495753,"W/m2"
"1763","GCAM",1757,"RF_BC",0.00320290897241404,"W/m2"
"1764","GCAM",1758,"RF_BC",0.00145866955257329,"W/m2"
"1765","GCAM",1759,"RF_BC",0.00124511348985334,"W/m2"
"1766","GCAM",1760,"RF_BC",0.001918015626381,"W/m2"
"1767","GCAM",1761,"RF_BC",0.00255363526386923,"W/m2"
"1768","GCAM",1762,"RF_BC",0.00025400520167243,"W/m2"
"1769","GCAM",1763,"RF_BC",0.000591306412328574,"W/m2"
"1770","GCAM",1764,"RF_BC",-0.00167458177165009,"W/m2"
"1771","GCAM",1765,"RF_BC",0.00164953086232361,"W/m2"
"1772","GCAM",1766,"RF_BC",0.000810370008094918,"W/m2"
"1773","GCAM",1767,"RF_BC",0.000938141964805544,"W/m2"
"1774","GCAM",1768,"RF_BC",0.00545141579337508,"W/m2"
"1775","GCAM",1769,"RF_BC",0.0025457643579628,"W/m2"
"1776","GCAM",1770,"RF_BC",0.00265631077703421,"W/m2"
"1777","GCAM",1771,"RF_BC",0.000200462068945556,"W/m2"
"1778","GCAM",1772,"RF_BC",-0.000682899228632045,"W/m2"
"1779","GCAM",1773,"RF_BC",-0.000320281950054735,"W/m2"
"1780","GCAM",1774,"RF_BC",0.00364848429771994,"W/m2"
"1781","GCAM",1775,"RF_BC",0.0032714287760281,"W/m2"
"1782","GCAM",1776,"RF_BC",0.000917861100218215,"W/m2"
"1783","GCAM",1777,"RF_BC",0.00462839876766291,"W/m2"
"1784","GCAM",1778,"RF_BC",0.00640101577707042,"W/m2"
"1785","GCAM",1779,"RF_BC",0.0039495999816829,"W/m2"
"1786","GCAM",1780,"RF_BC",0.00584324943632236,"W/m2"
"1787","GCAM",1781,"RF_BC",0.00585433679517269,"W/m2"
"1788","GCAM",1782,"RF_BC",0.00400751874212554,"W/m2"
"1789","GCAM",1783,"RF_BC",0.00338184721392809,"W/m2"
"1790","GCAM",1784,"RF_BC",0.00273150757038701,"W/m2"
"1791","GCAM",1785,"RF_BC",0.00434707693011693,"W/m2"
"1792","GCAM",1786,"RF_BC",0.00389006114820778,"W/m2"
"1793","GCAM",1787,"RF_BC",0.00558215928896152,"W/m2"
"1794","GCAM",1788,"RF_BC",0.0100553815887449,"W/m2"
"1795","GCAM",1789,"RF_BC",0.00701813728170822,"W/m2"
"1796","GCAM",1790,"RF_BC",0.00757836553570926,"W/m2"
"1797","GCAM",1791,"RF_BC",0.00477775943647085,"W/m2"
"1798","GCAM",1792,"RF_BC",0.00407956192358869,"W/m2"
"1799","GCAM",1793,"RF_BC",0.00354458536374594,"W/m2"
"1800","GCAM",1794,"RF_BC",0.00741271294041246,"W/m2"
"1801","GCAM",1795,"RF_BC",0.00670058821502145,"W/m2"
"1802","GCAM",1796,"RF_BC",0.00353697176130247,"W/m2"
"1803","GCAM",1797,"RF_BC",0.00738920629890366,"W/m2"
"1804","GCAM",1798,"RF_BC",0.00870358359469006,"W/m2"
"1805","GCAM",1799,"RF_BC",0.0069943504738326,"W/m2"
"1806","GCAM",1800,"RF_BC",0.00754880079943801,"W/m2"
"1807","GCAM",1801,"RF_BC",0.0077676993735741,"W/m2"
"1808","GCAM",1802,"RF_BC",0.00670061299381114,"W/m2"
"1809","GCAM",1803,"RF_BC",0.00525240558268877,"W/m2"
"1810","GCAM",1804,"RF_BC",0.00635610006968951,"W/m2"
"1811","GCAM",1805,"RF_BC",0.00748930251887897,"W/m2"
"1812","GCAM",1806,"RF_BC",0.00798616751203376,"W/m2"
"1813","GCAM",1807,"RF_BC",0.00907499076572921,"W/m2"
"1814","GCAM",1808,"RF_BC",0.0136772359679249,"W/m2"
"1815","GCAM",1809,"RF_BC",0.0108357318376911,"W/m2"
"1816","GCAM",1810,"RF_BC",0.0116072639029284,"W/m2"
"1817","GCAM",1811,"RF_BC",0.00988338306877565,"W/m2"
"1818","GCAM",1812,"RF_BC",0.00831725493027477,"W/m2"
"1819","GCAM",1813,"RF_BC",0.00857206288809742,"W/m2"
"1820","GCAM",1814,"RF_BC",0.0123771929465169,"W/m2"
"1821","GCAM",1815,"RF_BC",0.0121054566688055,"W/m2"
"1822","GCAM",1816,"RF_BC",0.0104256914042607,"W/m2"
"1823","GCAM",1817,"RF_BC",0.012671018174108,"W/m2"
"1824","GCAM",1818,"RF_BC",0.015181437568341,"W/m2"
"1825","GCAM",1819,"RF_BC",0.0131786584921792,"W/m2"
"1826","GCAM",1820,"RF_BC",0.0142591723575715,"W/m2"
"1827","GCAM",1821,"RF_BC",0.0150533077241629,"W/m2"
"1828","GCAM",1822,"RF_BC",0.0130755605900582,"W/m2"
"1829","GCAM",1823,"RF_BC",0.0117955347434886,"W/m2"
"1830","GCAM",1824,"RF_BC",0.0136140964825402,"W/m2"
"1831","GCAM",1825,"RF_BC",0.014364823624561,"W/m2"
"1832","GCAM",1826,"RF_BC",0.0142540676714459,"W/m2"
"1833","GCAM",1827,"RF_BC",0.0158742012459172,"W/m2"
"1834","GCAM",1828,"RF_BC",0.0206279207859983,"W/m2"
"1835","GCAM",1829,"RF_BC",0.0179841375391702,"W/m2"
"1836","GCAM",1830,"RF_BC",0.0195030198061173,"W/m2"
"1837","GCAM",1831,"RF_BC",0.0168327408166182,"W/m2"
"1838","GCAM",1832,"RF_BC",0.0163548022845158,"W/m2"
"1839","GCAM",1833,"RF_BC",0.0165525269358303,"W/m2"
"1840","GCAM",1834,"RF_BC",0.0200960270141334,"W/m2"
"1841","GCAM",1835,"RF_BC",0.0196496836740732,"W/m2"
"1842","GCAM",1836,"RF_BC",0.0195686788090548,"W/m2"
"1843","GCAM",1837,"RF_BC",0.0218691606740783,"W/m2"
"1844","GCAM",1838,"RF_BC",0.0242385731724942,"W/m2"
"1845","GCAM",1839,"RF_BC",0.0226628459990954,"W/m2"
"1846","GCAM",1840,"RF_BC",0.0221033680059736,"W/m2"
"1847","GCAM",1841,"RF_BC",0.0250801647110374,"W/m2"
"1848","GCAM",1842,"RF_BC",0.022441390739222,"W/m2"
"1849","GCAM",1843,"RF_BC",0.0200124180771357,"W/m2"
"1850","GCAM",1844,"RF_BC",0.0221000710219632,"W/m2"
"1851","GCAM",1845,"RF_BC",0.0238592360224032,"W/m2"
"1852","GCAM",1846,"RF_BC",0.0238481792538628,"W/m2"
"1853","GCAM",1847,"RF_BC",0.0270359888109728,"W/m2"
"1854","GCAM",1848,"RF_BC",0.0306286943926887,"W/m2"
"1855","GCAM",1849,"RF_BC",0.0290335463319752,"W/m2"
"1856","GCAM",1850,"RF_BC",0.0302297226062906,"W/m2"
"1857","GCAM",1851,"RF_BC",0.0273921750356852,"W/m2"
"1858","GCAM",1852,"RF_BC",0.0261750492526383,"W/m2"
"1859","GCAM",1853,"RF_BC",0.0274636474109057,"W/m2"
"1860","GCAM",1854,"RF_BC",0.0327155246561537,"W/m2"
"1861","GCAM",1855,"RF_BC",0.0316436357254559,"W/m2"
"1862","GCAM",1856,"RF_BC",0.0303769602181807,"W/m2"
"1863","GCAM",1857,"RF_BC",0.0344017617829309,"W/m2"
"1864","GCAM",1858,"RF_BC",0.0359133998302168,"W/m2"
"1865","GCAM",1859,"RF_BC",0.0351521933676357,"W/m2"
"1866","GCAM",1860,"RF_BC",0.0351650605205313,"W/m2"
"1867","GCAM",1861,"RF_BC",0.0365613537488969,"W/m2"
"1868","GCAM",1862,"RF_BC",0.0351752946715721,"W/m2"
"1869","GCAM",1863,"RF_BC",0.0339430308361907,"W/m2"
"1870","GCAM",1864,"RF_BC",0.0364008645296939,"W/m2"
"1871","GCAM",1865,"RF_BC",0.0397501798111494,"W/m2"
"1872","GCAM",1866,"RF_BC",0.0391177632154045,"W/m2"
"1873","GCAM",1867,"RF_BC",0.0423571642562398,"W/m2"
"1874","GCAM",1868,"RF_BC",0.046451916152668,"W/m2"
"1875","GCAM",1869,"RF_BC",0.0438887007573073,"W/m2"
"1876","GCAM",1870,"RF_BC",0.0468389391340972,"W/m2"
"1877","GCAM",1871,"RF_BC",0.0447078077155531,"W/m2"
"1878","GCAM",1872,"RF_BC",0.0430130372972855,"W/m2"
"1879","GCAM",1873,"RF_BC",0.047505224567426,"W/m2"
"1880","GCAM",1874,"RF_BC",0.0491928046024233,"W/m2"
"1881","GCAM",1875,"RF_BC",0.046985077985481,"W/m2"
"1882","GCAM",1876,"RF_BC",0.0476004708502243,"W/m2"
"1883","GCAM",1877,"RF_BC",0.0500562472655555,"W/m2"
"1884","GCAM",1878,"RF_BC",0.0515542988725535,"W/m2"
"1885","GCAM",1879,"RF_BC",0.0531011943914511,"W/m2"
"1886","GCAM",1880,"RF_BC",0.052584762392758,"W/m2"
"1887","GCAM",1881,"RF_BC",0.055248173442567,"W/m2"
"1888","GCAM",1882,"RF_BC",0.0540647068353345,"W/m2"
"1889","GCAM",1883,"RF_BC",0.0523875555415124,"W/m2"
"1890","GCAM",1884,"RF_BC",0.0562240946317371,"W/m2"
"1891","GCAM",1885,"RF_BC",0.0568307862456683,"W/m2"
"1892","GCAM",1886,"RF_BC",0.057628415677056,"W/m2"
"1893","GCAM",1887,"RF_BC",0.0604665896784552,"W/m2"
"1894","GCAM",1888,"RF_BC",0.0655049846864494,"W/m2"
"1895","GCAM",1889,"RF_BC",0.0643033593774674,"W/m2"
"1896","GCAM",1890,"RF_BC",0.0677855847020348,"W/m2"
"1897","GCAM",1891,"RF_BC",0.0656133372246913,"W/m2"
"1898","GCAM",1892,"RF_BC",0.0646775974613646,"W/m2"
"1899","GCAM",1893,"RF_BC",0.0656293156484004,"W/m2"
"1900","GCAM",1894,"RF_BC",0.0707178906431881,"W/m2"
"1901","GCAM",1895,"RF_BC",0.0714237813316374,"W/m2"
"1902","GCAM",1896,"RF_BC",0.0685247205433771,"W/m2"
"1903","GCAM",1897,"RF_BC",0.074779025321701,"W/m2"
"1904","GCAM",1898,"RF_BC",0.0765779237500214,"W/m2"
"1905","GCAM",1899,"RF_BC",0.0803433473306874,"W/m2"
"1906","GCAM",1900,"RF_BC",0.0807258661923265,"W/m2"
"1907","GCAM",1901,"RF_BC",0.0820754096358348,"W/m2"
"1908","GCAM",1902,"RF_BC",0.0819852694441449,"W/m2"
"1909","GCAM",1903,"RF_BC",0.0824862647677702,"W/m2"
"1910","GCAM",1904,"RF_BC",0.0872550302060787,"W/m2"
"1911","GCAM",1905,"RF_BC",0.0911683187873714,"W/m2"
"1912","GCAM",1906,"RF_BC",0.0927003723221535,"W/m2"
"1913","GCAM",1907,"RF_BC",0.100691716429893,"W/m2"
"1914","GCAM",1908,"RF_BC",0.100782355198931,"W/m2"
"1915","GCAM",1909,"RF_BC",0.101687421055834,"W/m2"
"1916","GCAM",1910,"RF_BC",0.106640589033547,"W/m2"
"1917","GCAM",1911,"RF_BC",0.103978109679002,"W/m2"
"1918","GCAM",1912,"RF_BC",0.102904123875159,"W/m2"
"1919","GCAM",1913,"RF_BC",0.107938980305944,"W/m2"
"1920","GCAM",1914,"RF_BC",0.106436910256206,"W/m2"
"1921","GCAM",1915,"RF_BC",0.10374949666978,"W/m2"
"1922","GCAM",1916,"RF_BC",0.105146131819898,"W/m2"
"1923","GCAM",1917,"RF_BC",0.110395006680509,"W/m2"
"1924","GCAM",1918,"RF_BC",0.110663264156647,"W/m2"
"1925","GCAM",1919,"RF_BC",0.103768869596087,"W/m2"
"1926","GCAM",1920,"RF_BC",0.109540091497347,"W/m2"
"1927","GCAM",1921,"RF_BC",0.0998465128079884,"W/m2"
"1928","GCAM",1922,"RF_BC",0.0996620143465685,"W/m2"
"1929","GCAM",1923,"RF_BC",0.113897843296101,"W/m2"
"1930","GCAM",1924,"RF_BC",0.107100459676886,"W/m2"
"1931","GCAM",1925,"RF_BC",0.108109362967829,"W/m2"
"1932","GCAM",1926,"RF_BC",0.103880150821225,"W/m2"
"1933","GCAM",1927,"RF_BC",0.111925194397973,"W/m2"
"1934","GCAM",1928,"RF_BC",0.110506005184766,"W/m2"
"1935","GCAM",1929,"RF_BC",0.114470679355924,"W/m2"
"1936","GCAM",1930,"RF_BC",0.115582328153726,"W/m2"
"1937","GCAM",1931,"RF_BC",0.102271410125527,"W/m2"
"1938","GCAM",1932,"RF_BC",0.102394501509365,"W/m2"
"1939","GCAM",1933,"RF_BC",0.100661977284151,"W/m2"
"1940","GCAM",1934,"RF_BC",0.109834645272445,"W/m2"
"1941","GCAM",1935,"RF_BC",0.110418404691293,"W/m2"
"1942","GCAM",1936,"RF_BC",0.119694152253066,"W/m2"
"1943","GCAM",1937,"RF_BC",0.120026689422092,"W/m2"
"1944","GCAM",1938,"RF_BC",0.113789290547793,"W/m2"
"1945","GCAM",1939,"RF_BC",0.12217283448812,"W/m2"
"1946","GCAM",1940,"RF_BC",0.123158431603071,"W/m2"
"1947","GCAM",1941,"RF_BC",0.124693735693564,"W/m2"
"1948","GCAM",1942,"RF_BC",0.128774509670373,"W/m2"
"1949","GCAM",1943,"RF_BC",0.128767644285197,"W/m2"
"1950","GCAM",1944,"RF_BC",0.128587813751803,"W/m2"
"1951","GCAM",1945,"RF_BC",0.119591862727027,"W/m2"
"1952","GCAM",1946,"RF_BC",0.119674253352245,"W/m2"
"1953","GCAM",1947,"RF_BC",0.121755746021734,"W/m2"
"1954","GCAM",1948,"RF_BC",0.129370196180817,"W/m2"
"1955","GCAM",1949,"RF_BC",0.127596448543337,"W/m2"
"1956","GCAM",1950,"RF_BC",0.142637061480463,"W/m2"
"1957","GCAM",1951,"RF_BC",0.135042188481112,"W/m2"
"1958","GCAM",1952,"RF_BC",0.139251638648866,"W/m2"
"1959","GCAM",1953,"RF_BC",0.147035558486389,"W/m2"
"1960","GCAM",1954,"RF_BC",0.151823541153352,"W/m2"
"1961","GCAM",1955,"RF_BC",0.158889158044681,"W/m2"
"1962","GCAM",1956,"RF_BC",0.175407694037139,"W/m2"
"1963","GCAM",1957,"RF_BC",0.190742513143817,"W/m2"
"1964","GCAM",1958,"RF_BC",0.189207599383124,"W/m2"
"1965","GCAM",1959,"RF_BC",0.197271837708799,"W/m2"
"1966","GCAM",1960,"RF_BC",0.203750771795001,"W/m2"
"1967","GCAM",1961,"RF_BC",0.203238252609877,"W/m2"
"1968","GCAM",1962,"RF_BC",0.202483606523452,"W/m2"
"1969","GCAM",1963,"RF_BC",0.213308657233946,"W/m2"
"1970","GCAM",1964,"RF_BC",0.201943221737311,"W/m2"
"1971","GCAM",1965,"RF_BC",0.202588286947244,"W/m2"
"1972","GCAM",1966,"RF_BC",0.203556738033817,"W/m2"
"1973","GCAM",1967,"RF_BC",0.210280478770789,"W/m2"
"1974","GCAM",1968,"RF_BC",0.208997744883504,"W/m2"
"1975","GCAM",1969,"RF_BC",0.211151106069534,"W/m2"
"1976","GCAM",1970,"RF_BC",0.22045063590492,"W/m2"
"1977","GCAM",1971,"RF_BC",0.230288083312578,"W/m2"
"1978","GCAM",1972,"RF_BC",0.247365291987493,"W/m2"
"1979","GCAM",1973,"RF_BC",0.242555026483008,"W/m2"
"1980","GCAM",1974,"RF_BC",0.247396620743683,"W/m2"
"1981","GCAM",1975,"RF_BC",0.24910734301871,"W/m2"
"1982","GCAM",1976,"RF_BC",0.264374727734942,"W/m2"
"1983","GCAM",1977,"RF_BC",0.271762526177097,"W/m2"
"1984","GCAM",1978,"RF_BC",0.286186978107,"W/m2"
"1985","GCAM",1979,"RF_BC",0.292457469948997,"W/m2"
"1986","GCAM",1980,"RF_BC",0.288699490351018,"W/m2"
"1987","GCAM",1981,"RF_BC",0.286106345626318,"W/m2"
"1988","GCAM",1982,"RF_BC",0.307658550391954,"W/m2"
"1989","GCAM",1983,"RF_BC",0.289147493997713,"W/m2"
"1990","GCAM",1984,"RF_BC",0.301256961381852,"W/m2"
"1991","GCAM",1985,"RF_BC",0.308137739678169,"W/m2"
"1992","GCAM",1986,"RF_BC",0.313945535009134,"W/m2"
"1993","GCAM",1987,"RF_BC",0.325851838733761,"W/m2"
"1994","GCAM",1988,"RF_BC",0.338400629269212,"W/m2"
"1995","GCAM",1989,"RF_BC",0.333521417868111,"W/m2"
"1996","GCAM",1990,"RF_BC",0.345530053651442,"W/m2"
"1997","GCAM",1991,"RF_BC",0.37766997909341,"W/m2"
"1998","GCAM",1992,"RF_BC",0.336373234636841,"W/m2"
"1999","GCAM",1993,"RF_BC",0.346989403982103,"W/m2"
"2000","GCAM",1994,"RF_BC",0.3702744341502,"W/m2"
"2001","GCAM",1995,"RF_BC",0.365002987217174,"W/m2"
"2002","GCAM",1996,"RF_BC",0.356901986619316,"W/m2"
"2003","GCAM",1997,"RF_BC",0.394162720685126,"W/m2"
"2004","GCAM",1998,"RF_BC",0.403259227231566,"W/m2"
"2005","GCAM",1999,"RF_BC",0.357657010007518,"W/m2"
"2006","GCAM",2000,"RF_BC",0.342277882209944,"W/m2"
"2007","GCAM",2001,"RF_BC",0.35086178737976,"W/m2"
"2008","GCAM",2002,"RF_BC",0.379901214459335,"W/m2"
"2009","GCAM",2003,"RF_BC",0.392368739824751,"W/m2"
"2010","GCAM",2004,"RF_BC",0.411576638689711,"W/m2"
"2011","GCAM",2005,"RF_BC",0.411576638689711,"W/m2"
"2012","GCAM",2006,"RF_BC",0.401936829774811,"W/m2"
"2013","GCAM",2007,"RF_BC",0.392297020859911,"W/m2"
"2014","GCAM",2008,"RF_BC",0.382657211945012,"W/m2"
"2015","GCAM",2009,"RF_BC",0.373017403030112,"W/m2"
"2016","GCAM",2010,"RF_BC",0.363377594115212,"W/m2"
"2017","GCAM",2011,"RF_BC",0.361676507196391,"W/m2"
"2018","GCAM",2012,"RF_BC",0.359975420277569,"W/m2"
"2019","GCAM",2013,"RF_BC",0.358274333358748,"W/m2"
"2020","GCAM",2014,"RF_BC",0.356573246439926,"W/m2"
"2021","GCAM",2015,"RF_BC",0.354872159521105,"W/m2"
"2022","GCAM",2016,"RF_BC",0.346592972052413,"W/m2"
"2023","GCAM",2017,"RF_BC",0.338313784583721,"W/m2"
"2024","GCAM",2018,"RF_BC",0.330034597115029,"W/m2"
"2025","GCAM",2019,"RF_BC",0.321755409646336,"W/m2"
"2026","GCAM",2020,"RF_BC",0.313476222177644,"W/m2"
"2027","GCAM",2021,"RF_BC",0.305197034708952,"W/m2"
"2028","GCAM",2022,"RF_BC",0.297663545484408,"W/m2"
"2029","GCAM",2023,"RF_BC",0.290130056259863,"W/m2"
"2030","GCAM",2024,"RF_BC",0.282596567035318,"W/m2"
"2031","GCAM",2025,"RF_BC",0.275063077810773,"W/m2"
"2032","GCAM",2026,"RF_BC",0.268373777484045,"W/m2"
"2033","GCAM",2027,"RF_BC",0.261684477157316,"W/m2"
"2034","GCAM",2028,"RF_BC",0.254995176830588,"W/m2"
"2035","GCAM",2029,"RF_BC",0.24830587650386,"W/m2"
"2036","GCAM",2030,"RF_BC",0.241616576177131,"W/m2"
"2037","GCAM",2031,"RF_BC",0.23665854366674,"W/m2"
"2038","GCAM",2032,"RF_BC",0.231700511156348,"W/m2"
"2039","GCAM",2033,"RF_BC",0.226742478645956,"W/m2"
"2040","GCAM",2034,"RF_BC",0.221784446135564,"W/m2"
"2041","GCAM",2035,"RF_BC",0.216826413625173,"W/m2"
"2042","GCAM",2036,"RF_BC",0.212627927294775,"W/m2"
"2043","GCAM",2037,"RF_BC",0.208429440964378,"W/m2"
"2044","GCAM",2038,"RF_BC",0.204230954633981,"W/m2"
"2045","GCAM",2039,"RF_BC",0.200032468303584,"W/m2"
"2046","GCAM",2040,"RF_BC",0.195833981973186,"W/m2"
"2047","GCAM",2041,"RF_BC",0.193312604832052,"W/m2"
"2048","GCAM",2042,"RF_BC",0.190791227690918,"W/m2"
"2049","GCAM",2043,"RF_BC",0.188269850549783,"W/m2"
"2050","GCAM",2044,"RF_BC",0.185748473408649,"W/m2"
"2051","GCAM",2045,"RF_BC",0.183227096267515,"W/m2"
"2052","GCAM",2046,"RF_BC",0.181539278678641,"W/m2"
"2053","GCAM",2047,"RF_BC",0.179851461089768,"W/m2"
"2054","GCAM",2048,"RF_BC",0.178163643500895,"W/m2"
"2055","GCAM",2049,"RF_BC",0.176475825912021,"W/m2"
"2056","GCAM",2050,"RF_BC",0.174788008323148,"W/m2"
"2057","GCAM",2051,"RF_BC",0.173474835153561,"W/m2"
"2058","GCAM",2052,"RF_BC",0.172161661983973,"W/m2"
"2059","GCAM",2053,"RF_BC",0.170848488814386,"W/m2"
"2060","GCAM",2054,"RF_BC",0.169535315644799,"W/m2"
"2061","GCAM",2055,"RF_BC",0.168222142475211,"W/m2"
"2062","GCAM",2056,"RF_BC",0.167179914412369,"W/m2"
"2063","GCAM",2057,"RF_BC",0.166137686349526,"W/m2"
"2064","GCAM",2058,"RF_BC",0.165095458286684,"W/m2"
"2065","GCAM",2059,"RF_BC",0.164053230223842,"W/m2"
"2066","GCAM",2060,"RF_BC",0.163011002160999,"W/m2"
"2067","GCAM",2061,"RF_BC",0.16207440144879,"W/m2"
"2068","GCAM",2062,"RF_BC",0.161137800736581,"W/m2"
"2069","GCAM",2063,"RF_BC",0.160201200024372,"W/m2"
"2070","GCAM",2064,"RF_BC",0.159264599312163,"W/m2"
"2071","GCAM",2065,"RF_BC",0.158327998599954,"W/m2"
"2072","GCAM",2066,"RF_BC",0.157505267043594,"W/m2"
"2073","GCAM",2067,"RF_BC",0.156682535487234,"W/m2"
"2074","GCAM",2068,"RF_BC",0.155859803930874,"W/m2"
"2075","GCAM",2069,"RF_BC",0.155037072374513,"W/m2"
"2076","GCAM",2070,"RF_BC",0.154214340818153,"W/m2"
"2077","GCAM",2071,"RF_BC",0.153276930831187,"W/m2"
"2078","GCAM",2072,"RF_BC",0.152339520844221,"W/m2"
"2079","GCAM",2073,"RF_BC",0.151402110857255,"W/m2"
"2080","GCAM",2074,"RF_BC",0.150464700870289,"W/m2"
"2081","GCAM",2075,"RF_BC",0.149527290883323,"W/m2"
"2082","GCAM",2076,"RF_BC",0.148594207302087,"W/m2"
"2083","GCAM",2077,"RF_BC",0.147661123720852,"W/m2"
"2084","GCAM",2078,"RF_BC",0.146728040139617,"W/m2"
"2085","GCAM",2079,"RF_BC",0.145794956558382,"W/m2"
"2086","GCAM",2080,"RF_BC",0.144861872977147,"W/m2"
"2087","GCAM",2081,"RF_BC",0.143797035631513,"W/m2"
"2088","GCAM",2082,"RF_BC",0.142732198285878,"W/m2"
"2089","GCAM",2083,"RF_BC",0.141667360940244,"W/m2"
"2090","GCAM",2084,"RF_BC",0.14060252359461,"W/m2"
"2091","GCAM",2085,"RF_BC",0.139537686248976,"W/m2"
"2092","GCAM",2086,"RF_BC",0.138435914341253,"W/m2"
"2093","GCAM",2087,"RF_BC",0.13733414243353,"W/m2"
"2094","GCAM",2088,"RF_BC",0.136232370525807,"W/m2"
"2095","GCAM",2089,"RF_BC",0.135130598618084,"W/m2"
"2096","GCAM",2090,"RF_BC",0.134028826710361,"W/m2"
"2097","GCAM",2091,"RF_BC",0.132840647943551,"W/m2"
"2098","GCAM",2092,"RF_BC",0.13165246917674,"W/m2"
"2099","GCAM",2093,"RF_BC",0.13046429040993,"W/m2"
"2100","GCAM",2094,"RF_BC",0.12927611164312,"W/m2"
"2101","GCAM",2095,"RF_BC",0.12808793287631,"W/m2"
"2102","GCAM",2096,"RF_BC",0.126911837602706,"W/m2"
"2103","GCAM",2097,"RF_BC",0.125735742329102,"W/m2"
"2104","GCAM",2098,"RF_BC",0.124559647055498,"W/m2"
"2105","GCAM",2099,"RF_BC",0.123383551781894,"W/m2"
"2106","GCAM",2100,"RF_BC",0.12220745650829,"W/m2"
"2107","GCAM",1750,"RF_SO2",0,"W/m2"
"2108","GCAM",1751,"RF_SO2",0.00011846683033319,"W/m2"
"2109","GCAM",1752,"RF_SO2",0.000160599221030244,"W/m2"
"2110","GCAM",1753,"RF_SO2",0.000109809889671313,"W/m2"
"2111","GCAM",1754,"RF_SO2",-8.23593519423023e-05,"W/m2"
"2112","GCAM",1755,"RF_SO2",-8.6288167105153e-06,"W/m2"
"2113","GCAM",1756,"RF_SO2",7.80473563456886e-05,"W/m2"
"2114","GCAM",1757,"RF_SO2",-0.000252187180566157,"W/m2"
"2115","GCAM",1758,"RF_SO2",-0.00014849042202322,"W/m2"
"2116","GCAM",1759,"RF_SO2",-0.000125238719269515,"W/m2"
"2117","GCAM",1760,"RF_SO2",-0.000215828999371627,"W/m2"
"2118","GCAM",1761,"RF_SO2",-0.00025861031009603,"W/m2"
"2119","GCAM",1762,"RF_SO2",-9.89640764408849e-05,"W/m2"
"2120","GCAM",1763,"RF_SO2",-0.000153160148305324,"W/m2"
"2121","GCAM",1764,"RF_SO2",6.80086669051522e-05,"W/m2"
"2122","GCAM",1765,"RF_SO2",-0.000215114031010152,"W/m2"
"2123","GCAM",1766,"RF_SO2",-0.000165939126507185,"W/m2"
"2124","GCAM",1767,"RF_SO2",-0.000159709122246526,"W/m2"
"2125","GCAM",1768,"RF_SO2",-0.000543639281555174,"W/m2"
"2126","GCAM",1769,"RF_SO2",-0.00038420895618429,"W/m2"
"2127","GCAM",1770,"RF_SO2",-0.000415059317346039,"W/m2"
"2128","GCAM",1771,"RF_SO2",-6.12579848474279e-05,"W/m2"
"2129","GCAM",1772,"RF_SO2",3.05604865119026e-05,"W/m2"
"2130","GCAM",1773,"RF_SO2",9.26922111912573e-06,"W/m2"
"2131","GCAM",1774,"RF_SO2",-0.000332416029277485,"W/m2"
"2132","GCAM",1775,"RF_SO2",-0.000214212428671293,"W/m2"
"2133","GCAM",1776,"RF_SO2",-9.95923274181906e-05,"W/m2"
"2134","GCAM",1777,"RF_SO2",-0.000304142203022661,"W/m2"
"2135","GCAM",1778,"RF_SO2",-0.000450825536050843,"W/m2"
"2136","GCAM",1779,"RF_SO2",-0.000238150983304947,"W/m2"
"2137","GCAM",1780,"RF_SO2",-0.000394931823301697,"W/m2"
"2138","GCAM",1781,"RF_SO2",-0.000415388304083362,"W/m2"
"2139","GCAM",1782,"RF_SO2",-0.000292245166538146,"W/m2"
"2140","GCAM",1783,"RF_SO2",-0.000274618881524085,"W/m2"
"2141","GCAM",1784,"RF_SO2",-0.000143150934857374,"W/m2"
"2142","GCAM",1785,"RF_SO2",-0.00033345832607158,"W/m2"
"2143","GCAM",1786,"RF_SO2",-0.000313571764278852,"W/m2"
"2144","GCAM",1787,"RF_SO2",-0.000443737598141808,"W/m2"
"2145","GCAM",1788,"RF_SO2",-0.000778007798822155,"W/m2"
"2146","GCAM",1789,"RF_SO2",-0.000590173642083684,"W/m2"
"2147","GCAM",1790,"RF_SO2",-0.000619047759700951,"W/m2"
"2148","GCAM",1791,"RF_SO2",-0.000469414317547594,"W/m2"
"2149","GCAM",1792,"RF_SO2",-0.000433318693794373,"W/m2"
"2150","GCAM",1793,"RF_SO2",-0.000408961544210761,"W/m2"
"2151","GCAM",1794,"RF_SO2",-0.000757920044331934,"W/m2"
"2152","GCAM",1795,"RF_SO2",-0.000636357696948659,"W/m2"
"2153","GCAM",1796,"RF_SO2",-0.000481709922338347,"W/m2"
"2154","GCAM",1797,"RF_SO2",-0.00074886402741463,"W/m2"
"2155","GCAM",1798,"RF_SO2",-0.000915554358481979,"W/m2"
"2156","GCAM",1799,"RF_SO2",-0.000827697479947794,"W/m2"
"2157","GCAM",1800,"RF_SO2",-0.000967152837957714,"W/m2"
"2158","GCAM",1801,"RF_SO2",-0.000929137203623058,"W/m2"
"2159","GCAM",1802,"RF_SO2",-0.00107464813763645,"W/m2"
"2160","GCAM",1803,"RF_SO2",-0.000882156333348771,"W/m2"
"2161","GCAM",1804,"RF_SO2",-0.000941671693928992,"W/m2"
"2162","GCAM",1805,"RF_SO2",-0.00108383210546024,"W/m2"
"2163","GCAM",1806,"RF_SO2",-0.00110829808315738,"W/m2"
"2164","GCAM",1807,"RF_SO2",-0.00125342436517832,"W/m2"
"2165","GCAM",1808,"RF_SO2",-0.00152121513227287,"W/m2"
"2166","GCAM",1809,"RF_SO2",-0.0013535654868751,"W/m2"
"2167","GCAM",1810,"RF_SO2",-0.00143620414364223,"W/m2"
"2168","GCAM",1811,"RF_SO2",-0.00135771241392529,"W/m2"
"2169","GCAM",1812,"RF_SO2",-0.00129195830937044,"W/m2"
"2170","GCAM",1813,"RF_SO2",-0.0013326048590545,"W/m2"
"2171","GCAM",1814,"RF_SO2",-0.00169709072344651,"W/m2"
"2172","GCAM",1815,"RF_SO2",-0.00165014071108539,"W/m2"
"2173","GCAM",1816,"RF_SO2",-0.0017000618601741,"W/m2"
"2174","GCAM",1817,"RF_SO2",-0.00186804510867094,"W/m2"
"2175","GCAM",1818,"RF_SO2",-0.0021020373252277,"W/m2"
"2176","GCAM",1819,"RF_SO2",-0.0019307273979812,"W/m2"
"2177","GCAM",1820,"RF_SO2",-0.00207810895945717,"W/m2"
"2178","GCAM",1821,"RF_SO2",-0.00212197737108199,"W/m2"
"2179","GCAM",1822,"RF_SO2",-0.00207325230040404,"W/m2"
"2180","GCAM",1823,"RF_SO2",-0.00207420469019186,"W/m2"
"2181","GCAM",1824,"RF_SO2",-0.00217361184025166,"W/m2"
"2182","GCAM",1825,"RF_SO2",-0.002362529975497,"W/m2"
"2183","GCAM",1826,"RF_SO2",-0.00231606365775016,"W/m2"
"2184","GCAM",1827,"RF_SO2",-0.0025708554598254,"W/m2"
"2185","GCAM",1828,"RF_SO2",-0.00295875316542247,"W/m2"
"2186","GCAM",1829,"RF_SO2",-0.00280351178495741,"W/m2"
"2187","GCAM",1830,"RF_SO2",-0.00361522169867004,"W/m2"
"2188","GCAM",1831,"RF_SO2",-0.00328004900673976,"W/m2"
"2189","GCAM",1832,"RF_SO2",-0.00327689264783473,"W/m2"
"2190","GCAM",1833,"RF_SO2",-0.00337597525571261,"W/m2"
"2191","GCAM",1834,"RF_SO2",-0.00373000397017125,"W/m2"
"2192","GCAM",1835,"RF_SO2",-0.00370724170633955,"W/m2"
"2193","GCAM",1836,"RF_SO2",-0.00419174525957381,"W/m2"
"2194","GCAM",1837,"RF_SO2",-0.00430382856547411,"W/m2"
"2195","GCAM",1838,"RF_SO2",-0.00462843007287833,"W/m2"
"2196","GCAM",1839,"RF_SO2",-0.00463991633533641,"W/m2"
"2197","GCAM",1840,"RF_SO2",-0.00487193709651678,"W/m2"
"2198","GCAM",1841,"RF_SO2",-0.00518658457018852,"W/m2"
"2199","GCAM",1842,"RF_SO2",-0.00530011346212866,"W/m2"
"2200","GCAM",1843,"RF_SO2",-0.00528665198696415,"W/m2"
"2201","GCAM",1844,"RF_SO2",-0.00574817797313956,"W/m2"
"2202","GCAM",1845,"RF_SO2",-0.0064125116065538,"W/m2"
"2203","GCAM",1846,"RF_SO2",-0.00635207567770842,"W/m2"
"2204","GCAM",1847,"RF_SO2",-0.00696415571165155,"W/m2"
"2205","GCAM",1848,"RF_SO2",-0.00733903813809656,"W/m2"
"2206","GCAM",1849,"RF_SO2",-0.00749201289988795,"W/m2"
"2207","GCAM",1850,"RF_SO2",-0.00787208581258038,"W/m2"
"2208","GCAM",1851,"RF_SO2",-0.00773044594438905,"W/m2"
"2209","GCAM",1852,"RF_SO2",-0.00788596249138703,"W/m2"
"2210","GCAM",1853,"RF_SO2",-0.00825038773054949,"W/m2"
"2211","GCAM",1854,"RF_SO2",-0.00980962425640442,"W/m2"
"2212","GCAM",1855,"RF_SO2",-0.00978515213102814,"W/m2"
"2213","GCAM",1856,"RF_SO2",-0.0102814579209948,"W/m2"
"2214","GCAM",1857,"RF_SO2",-0.0106450370213878,"W/m2"
"2215","GCAM",1858,"RF_SO2",-0.010927823770674,"W/m2"
"2216","GCAM",1859,"RF_SO2",-0.0115291316738983,"W/m2"
"2217","GCAM",1860,"RF_SO2",-0.0125228168343198,"W/m2"
"2218","GCAM",1861,"RF_SO2",-0.0130673761537814,"W/m2"
"2219","GCAM",1862,"RF_SO2",-0.0131055410654186,"W/m2"
"2220","GCAM",1863,"RF_SO2",-0.0137633267781392,"W/m2"
"2221","GCAM",1864,"RF_SO2",-0.0147252283029342,"W/m2"
"2222","GCAM",1865,"RF_SO2",-0.0157251555388794,"W/m2"
"2223","GCAM",1866,"RF_SO2",-0.016182144739533,"W/m2"
"2224","GCAM",1867,"RF_SO2",-0.0175056321721074,"W/m2"
"2225","GCAM",1868,"RF_SO2",-0.018274078596859,"W/m2"
"2226","GCAM",1869,"RF_SO2",-0.019194019492481,"W/m2"
"2227","GCAM",1870,"RF_SO2",-0.0199116216451932,"W/m2"
"2228","GCAM",1871,"RF_SO2",-0.0208715182049051,"W/m2"
"2229","GCAM",1872,"RF_SO2",-0.0226211390015778,"W/m2"
"2230","GCAM",1873,"RF_SO2",-0.0242883530725766,"W/m2"
"2231","GCAM",1874,"RF_SO2",-0.0236065577072757,"W/m2"
"2232","GCAM",1875,"RF_SO2",-0.0248789241400808,"W/m2"
"2233","GCAM",1876,"RF_SO2",-0.0255348684324172,"W/m2"
"2234","GCAM",1877,"RF_SO2",-0.0264482958956014,"W/m2"
"2235","GCAM",1878,"RF_SO2",-0.0267748156432347,"W/m2"
"2236","GCAM",1879,"RF_SO2",-0.0286297144442726,"W/m2"
"2237","GCAM",1880,"RF_SO2",-0.0317824128881747,"W/m2"
"2238","GCAM",1881,"RF_SO2",-0.0331185494133556,"W/m2"
"2239","GCAM",1882,"RF_SO2",-0.0347844592725253,"W/m2"
"2240","GCAM",1883,"RF_SO2",-0.0367129484745778,"W/m2"
"2241","GCAM",1884,"RF_SO2",-0.0375092095469882,"W/m2"
"2242","GCAM",1885,"RF_SO2",-0.0378945839328257,"W/m2"
"2243","GCAM",1886,"RF_SO2",-0.0383284993847477,"W/m2"
"2244","GCAM",1887,"RF_SO2",-0.04021642454151,"W/m2"
"2245","GCAM",1888,"RF_SO2",-0.0445227717730328,"W/m2"
"2246","GCAM",1889,"RF_SO2",-0.0444953382590714,"W/m2"
"2247","GCAM",1890,"RF_SO2",-0.0486025486278006,"W/m2"
"2248","GCAM",1891,"RF_SO2",-0.0508245938040899,"W/m2"
"2249","GCAM",1892,"RF_SO2",-0.0518721865809958,"W/m2"
"2250","GCAM",1893,"RF_SO2",-0.0515323206178446,"W/m2"
"2251","GCAM",1894,"RF_SO2",-0.0537041301124502,"W/m2"
"2252","GCAM",1895,"RF_SO2",-0.0569555915745528,"W/m2"
"2253","GCAM",1896,"RF_SO2",-0.0587702506782666,"W/m2"
"2254","GCAM",1897,"RF_SO2",-0.0619882239766646,"W/m2"
"2255","GCAM",1898,"RF_SO2",-0.0656462198747705,"W/m2"
"2256","GCAM",1899,"RF_SO2",-0.0718313798413689,"W/m2"
"2257","GCAM",1900,"RF_SO2",-0.075645585607235,"W/m2"
"2258","GCAM",1901,"RF_SO2",-0.0788316797083306,"W/m2"
"2259","GCAM",1902,"RF_SO2",-0.081261570954553,"W/m2"
"2260","GCAM",1903,"RF_SO2",-0.08831018306396,"W/m2"
"2261","GCAM",1904,"RF_SO2",-0.0900303308036942,"W/m2"
"2262","GCAM",1905,"RF_SO2",-0.096204462072945,"W/m2"
"2263","GCAM",1906,"RF_SO2",-0.101175430160738,"W/m2"
"2264","GCAM",1907,"RF_SO2",-0.112369263955641,"W/m2"
"2265","GCAM",1908,"RF_SO2",-0.107332543712921,"W/m2"
"2266","GCAM",1909,"RF_SO2",-0.113161203500938,"W/m2"
"2267","GCAM",1910,"RF_SO2",-0.118779009846095,"W/m2"
"2268","GCAM",1911,"RF_SO2",-0.119683719414715,"W/m2"
"2269","GCAM",1912,"RF_SO2",-0.125248836265299,"W/m2"
"2270","GCAM",1913,"RF_SO2",-0.13334282939145,"W/m2"
"2271","GCAM",1914,"RF_SO2",-0.122300020543092,"W/m2"
"2272","GCAM",1915,"RF_SO2",-0.122140778323257,"W/m2"
"2273","GCAM",1916,"RF_SO2",-0.133288531789507,"W/m2"
"2274","GCAM",1917,"RF_SO2",-0.139574512424178,"W/m2"
"2275","GCAM",1918,"RF_SO2",-0.138351296379857,"W/m2"
"2276","GCAM",1919,"RF_SO2",-0.117820751377695,"W/m2"
"2277","GCAM",1920,"RF_SO2",-0.131325566933179,"W/m2"
"2278","GCAM",1921,"RF_SO2",-0.110761147023765,"W/m2"
"2279","GCAM",1922,"RF_SO2",-0.117492893557443,"W/m2"
"2280","GCAM",1923,"RF_SO2",-0.138205089555456,"W/m2"
"2281","GCAM",1924,"RF_SO2",-0.13669784035165,"W/m2"
"2282","GCAM",1925,"RF_SO2",-0.138318764251223,"W/m2"
"2283","GCAM",1926,"RF_SO2",-0.138841827840804,"W/m2"
"2284","GCAM",1927,"RF_SO2",-0.148783208110823,"W/m2"
"2285","GCAM",1928,"RF_SO2",-0.148224950813561,"W/m2"
"2286","GCAM",1929,"RF_SO2",-0.158213413491404,"W/m2"
"2287","GCAM",1930,"RF_SO2",-0.14618786840207,"W/m2"
"2288","GCAM",1931,"RF_SO2",-0.127930128894693,"W/m2"
"2289","GCAM",1932,"RF_SO2",-0.111518583448181,"W/m2"
"2290","GCAM",1933,"RF_SO2",-0.117822648269119,"W/m2"
"2291","GCAM",1934,"RF_SO2",-0.130408373915677,"W/m2"
"2292","GCAM",1935,"RF_SO2",-0.14085143983732,"W/m2"
"2293","GCAM",1936,"RF_SO2",-0.152202822887293,"W/m2"
"2294","GCAM",1937,"RF_SO2",-0.164409590651795,"W/m2"
"2295","GCAM",1938,"RF_SO2",-0.151795000045644,"W/m2"
"2296","GCAM",1939,"RF_SO2",-0.162755445007867,"W/m2"
"2297","GCAM",1940,"RF_SO2",-0.178806679013522,"W/m2"
"2298","GCAM",1941,"RF_SO2",-0.185939447770905,"W/m2"
"2299","GCAM",1942,"RF_SO2",-0.190332409646404,"W/m2"
"2300","GCAM",1943,"RF_SO2",-0.193382389051782,"W/m2"
"2301","GCAM",1944,"RF_SO2",-0.189406961483517,"W/m2"
"2302","GCAM",1945,"RF_SO2",-0.165778146421373,"W/m2"
"2303","GCAM",1946,"RF_SO2",-0.1637042823634,"W/m2"
"2304","GCAM",1947,"RF_SO2",-0.184928258606767,"W/m2"
"2305","GCAM",1948,"RF_SO2",-0.193770582944044,"W/m2"
"2306","GCAM",1949,"RF_SO2",-0.18657364974644,"W/m2"
"2307","GCAM",1950,"RF_SO2",-0.208607405756363,"W/m2"
"2308","GCAM",1951,"RF_SO2",-0.217798209605147,"W/m2"
"2309","GCAM",1952,"RF_SO2",-0.220740911710686,"W/m2"
"2310","GCAM",1953,"RF_SO2",-0.225368953142677,"W/m2"
"2311","GCAM",1954,"RF_SO2",-0.226931626400449,"W/m2"
"2312","GCAM",1955,"RF_SO2",-0.248995759639275,"W/m2"
"2313","GCAM",1956,"RF_SO2",-0.268143713787604,"W/m2"
"2314","GCAM",1957,"RF_SO2",-0.281253159398672,"W/m2"
"2315","GCAM",1958,"RF_SO2",-0.284750815712481,"W/m2"
"2316","GCAM",1959,"RF_SO2",-0.299522292953319,"W/m2"
"2317","GCAM",1960,"RF_SO2",-0.311856951566788,"W/m2"
"2318","GCAM",1961,"RF_SO2",-0.352194189253039,"W/m2"
"2319","GCAM",1962,"RF_SO2",-0.359684311394243,"W/m2"
"2320","GCAM",1963,"RF_SO2",-0.371225852543188,"W/m2"
"2321","GCAM",1964,"RF_SO2",-0.385516328794418,"W/m2"
"2322","GCAM",1965,"RF_SO2",-0.394720398782024,"W/m2"
"2323","GCAM",1966,"RF_SO2",-0.403725404005743,"W/m2"
"2324","GCAM",1967,"RF_SO2",-0.399942529666269,"W/m2"
"2325","GCAM",1968,"RF_SO2",-0.415670143716567,"W/m2"
"2326","GCAM",1969,"RF_SO2",-0.42761764592399,"W/m2"
"2327","GCAM",1970,"RF_SO2",-0.450490067426221,"W/m2"
"2328","GCAM",1971,"RF_SO2",-0.451887046015502,"W/m2"
"2329","GCAM",1972,"RF_SO2",-0.464946633351133,"W/m2"
"2330","GCAM",1973,"RF_SO2",-0.486255158932017,"W/m2"
"2331","GCAM",1974,"RF_SO2",-0.479188052766167,"W/m2"
"2332","GCAM",1975,"RF_SO2",-0.470307473655065,"W/m2"
"2333","GCAM",1976,"RF_SO2",-0.492497681675115,"W/m2"
"2334","GCAM",1977,"RF_SO2",-0.497157234481967,"W/m2"
"2335","GCAM",1978,"RF_SO2",-0.498993702809849,"W/m2"
"2336","GCAM",1979,"RF_SO2",-0.507186787485278,"W/m2"
"2337","GCAM",1980,"RF_SO2",-0.504676785406362,"W/m2"
"2338","GCAM",1981,"RF_SO2",-0.489027331439779,"W/m2"
"2339","GCAM",1982,"RF_SO2",-0.480388270066429,"W/m2"
"2340","GCAM",1983,"RF_SO2",-0.473068680585636,"W/m2"
"2341","GCAM",1984,"RF_SO2",-0.478726958006443,"W/m2"
"2342","GCAM",1985,"RF_SO2",-0.479953416260551,"W/m2"
"2343","GCAM",1986,"RF_SO2",-0.479992142381342,"W/m2"
"2344","GCAM",1987,"RF_SO2",-0.489268359155961,"W/m2"
"2345","GCAM",1988,"RF_SO2",-0.493499201652967,"W/m2"
"2346","GCAM",1989,"RF_SO2",-0.4936893005161,"W/m2"
"2347","GCAM",1990,"RF_SO2",-0.492054443943793,"W/m2"
"2348","GCAM",1991,"RF_SO2",-0.487410019731219,"W/m2"
"2349","GCAM",1992,"RF_SO2",-0.470614908631229,"W/m2"
"2350","GCAM",1993,"RF_SO2",-0.462933109921775,"W/m2"
"2351","GCAM",1994,"RF_SO2",-0.45266171043301,"W/m2"
"2352","GCAM",1995,"RF_SO2",-0.443809992397183,"W/m2"
"2353","GCAM",1996,"RF_SO2",-0.436448531021459,"W/m2"
"2354","GCAM",1997,"RF_SO2",-0.438078904419293,"W/m2"
"2355","GCAM",1998,"RF_SO2",-0.428637703432761,"W/m2"
"2356","GCAM",1999,"RF_SO2",-0.405624446594094,"W/m2"
"2357","GCAM",2000,"RF_SO2",-0.406651226810367,"W/m2"
"2358","GCAM",2001,"RF_SO2",-0.409550757044545,"W/m2"
"2359","GCAM",2002,"RF_SO2",-0.406849333343052,"W/m2"
"2360","GCAM",2003,"RF_SO2",-0.421446906634839,"W/m2"
"2361","GCAM",2004,"RF_SO2",-0.441608965052757,"W/m2"
"2362","GCAM",2005,"RF_SO2",-0.441608965052757,"W/m2"
"2363","GCAM",2006,"RF_SO2",-0.430914000293837,"W/m2"
"2364","GCAM",2007,"RF_SO2",-0.420219035534916,"W/m2"
"2365","GCAM",2008,"RF_SO2",-0.409524070775996,"W/m2"
"2366","GCAM",2009,"RF_SO2",-0.398829106017075,"W/m2"
"2367","GCAM",2010,"RF_SO2",-0.388134141258155,"W/m2"
"2368","GCAM",2011,"RF_SO2",-0.376914642455114,"W/m2"
"2369","GCAM",2012,"RF_SO2",-0.365695143652073,"W/m2"
"2370","GCAM",2013,"RF_SO2",-0.354475644849031,"W/m2"
"2371","GCAM",2014,"RF_SO2",-0.34325614604599,"W/m2"
"2372","GCAM",2015,"RF_SO2",-0.332036647242949,"W/m2"
"2373","GCAM",2016,"RF_SO2",-0.320115239160206,"W/m2"
"2374","GCAM",2017,"RF_SO2",-0.308193831077464,"W/m2"
"2375","GCAM",2018,"RF_SO2",-0.296272422994722,"W/m2"
"2376","GCAM",2019,"RF_SO2",-0.28435101491198,"W/m2"
"2377","GCAM",2020,"RF_SO2",-0.272429606829238,"W/m2"
"2378","GCAM",2021,"RF_SO2",-0.260508198746496,"W/m2"
"2379","GCAM",2022,"RF_SO2",-0.255414760516983,"W/m2"
"2380","GCAM",2023,"RF_SO2",-0.250321322287471,"W/m2"
"2381","GCAM",2024,"RF_SO2",-0.245227884057958,"W/m2"
"2382","GCAM",2025,"RF_SO2",-0.240134445828446,"W/m2"
"2383","GCAM",2026,"RF_SO2",-0.2373434927499,"W/m2"
"2384","GCAM",2027,"RF_SO2",-0.234552539671354,"W/m2"
"2385","GCAM",2028,"RF_SO2",-0.231761586592808,"W/m2"
"2386","GCAM",2029,"RF_SO2",-0.228970633514262,"W/m2"
"2387","GCAM",2030,"RF_SO2",-0.226179680435716,"W/m2"
"2388","GCAM",2031,"RF_SO2",-0.223911916719669,"W/m2"
"2389","GCAM",2032,"RF_SO2",-0.221644153003623,"W/m2"
"2390","GCAM",2033,"RF_SO2",-0.219376389287577,"W/m2"
"2391","GCAM",2034,"RF_SO2",-0.217108625571531,"W/m2"
"2392","GCAM",2035,"RF_SO2",-0.214840861855485,"W/m2"
"2393","GCAM",2036,"RF_SO2",-0.213625592342087,"W/m2"
"2394","GCAM",2037,"RF_SO2",-0.21241032282869,"W/m2"
"2395","GCAM",2038,"RF_SO2",-0.211195053315292,"W/m2"
"2396","GCAM",2039,"RF_SO2",-0.209979783801895,"W/m2"
"2397","GCAM",2040,"RF_SO2",-0.208764514288497,"W/m2"
"2398","GCAM",2041,"RF_SO2",-0.20771943679627,"W/m2"
"2399","GCAM",2042,"RF_SO2",-0.206674359304043,"W/m2"
"2400","GCAM",2043,"RF_SO2",-0.205629281811816,"W/m2"
"2401","GCAM",2044,"RF_SO2",-0.204584204319589,"W/m2"
"2402","GCAM",2045,"RF_SO2",-0.203539126827362,"W/m2"
"2403","GCAM",2046,"RF_SO2",-0.20293900946631,"W/m2"
"2404","GCAM",2047,"RF_SO2",-0.202338892105257,"W/m2"
"2405","GCAM",2048,"RF_SO2",-0.201738774744205,"W/m2"
"2406","GCAM",2049,"RF_SO2",-0.201138657383153,"W/m2"
"2407","GCAM",2050,"RF_SO2",-0.200538540022101,"W/m2"
"2408","GCAM",2051,"RF_SO2",-0.199840822820449,"W/m2"
"2409","GCAM",2052,"RF_SO2",-0.199143105618798,"W/m2"
"2410","GCAM",2053,"RF_SO2",-0.198445388417146,"W/m2"
"2411","GCAM",2054,"RF_SO2",-0.197747671215495,"W/m2"
"2412","GCAM",2055,"RF_SO2",-0.197049954013844,"W/m2"
"2413","GCAM",2056,"RF_SO2",-0.19700358750082,"W/m2"
"2414","GCAM",2057,"RF_SO2",-0.196957220987796,"W/m2"
"2415","GCAM",2058,"RF_SO2",-0.196910854474772,"W/m2"
"2416","GCAM",2059,"RF_SO2",-0.196864487961748,"W/m2"
"2417","GCAM",2060,"RF_SO2",-0.196818121448724,"W/m2"
"2418","GCAM",2061,"RF_SO2",-0.196940524219704,"W/m2"
"2419","GCAM",2062,"RF_SO2",-0.197062926990684,"W/m2"
"2420","GCAM",2063,"RF_SO2",-0.197185329761664,"W/m2"
"2421","GCAM",2064,"RF_SO2",-0.197307732532644,"W/m2"
"2422","GCAM",2065,"RF_SO2",-0.197430135303624,"W/m2"
"2423","GCAM",2066,"RF_SO2",-0.197743221865023,"W/m2"
"2424","GCAM",2067,"RF_SO2",-0.198056308426421,"W/m2"
"2425","GCAM",2068,"RF_SO2",-0.19836939498782,"W/m2"
"2426","GCAM",2069,"RF_SO2",-0.198682481549218,"W/m2"
"2427","GCAM",2070,"RF_SO2",-0.198995568110617,"W/m2"
"2428","GCAM",2071,"RF_SO2",-0.199205862283595,"W/m2"
"2429","GCAM",2072,"RF_SO2",-0.199416156456572,"W/m2"
"2430","GCAM",2073,"RF_SO2",-0.19962645062955,"W/m2"
"2431","GCAM",2074,"RF_SO2",-0.199836744802527,"W/m2"
"2432","GCAM",2075,"RF_SO2",-0.200047038975505,"W/m2"
"2433","GCAM",2076,"RF_SO2",-0.200098953001978,"W/m2"
"2434","GCAM",2077,"RF_SO2",-0.200150867028452,"W/m2"
"2435","GCAM",2078,"RF_SO2",-0.200202781054926,"W/m2"
"2436","GCAM",2079,"RF_SO2",-0.200254695081399,"W/m2"
"2437","GCAM",2080,"RF_SO2",-0.200306609107873,"W/m2"
"2438","GCAM",2081,"RF_SO2",-0.199856322480822,"W/m2"
"2439","GCAM",2082,"RF_SO2",-0.199406035853771,"W/m2"
"2440","GCAM",2083,"RF_SO2",-0.198955749226721,"W/m2"
"2441","GCAM",2084,"RF_SO2",-0.19850546259967,"W/m2"
"2442","GCAM",2085,"RF_SO2",-0.198055175972619,"W/m2"
"2443","GCAM",2086,"RF_SO2",-0.197696825296571,"W/m2"
"2444","GCAM",2087,"RF_SO2",-0.197338474620523,"W/m2"
"2445","GCAM",2088,"RF_SO2",-0.196980123944474,"W/m2"
"2446","GCAM",2089,"RF_SO2",-0.196621773268426,"W/m2"
"2447","GCAM",2090,"RF_SO2",-0.196263422592378,"W/m2"
"2448","GCAM",2091,"RF_SO2",-0.195775774740774,"W/m2"
"2449","GCAM",2092,"RF_SO2",-0.195288126889171,"W/m2"
"2450","GCAM",2093,"RF_SO2",-0.194800479037568,"W/m2"
"2451","GCAM",2094,"RF_SO2",-0.194312831185964,"W/m2"
"2452","GCAM",2095,"RF_SO2",-0.193825183334361,"W/m2"
"2453","GCAM",2096,"RF_SO2",-0.193210918749676,"W/m2"
"2454","GCAM",2097,"RF_SO2",-0.192596654164992,"W/m2"
"2455","GCAM",2098,"RF_SO2",-0.191982389580307,"W/m2"
"2456","GCAM",2099,"RF_SO2",-0.191368124995623,"W/m2"
"2457","GCAM",2100,"RF_SO2",-0.190753860410938,"W/m2"
"2458","GCAM",1750,"RF_NH3",0,"W/m2"
"2459","GCAM",1751,"RF_NH3",0.000144959967808991,"W/m2"
"2460","GCAM",1752,"RF_NH3",0.000232217946541727,"W/m2"
"2461","GCAM",1753,"RF_NH3",9.92573321019815e-05,"W/m2"
"2462","GCAM",1754,"RF_NH3",-0.000187775939390258,"W/m2"
"2463","GCAM",1755,"RF_NH3",-3.49780725584659e-05,"W/m2"
"2464","GCAM",1756,"RF_NH3",1.06840932770861e-05,"W/m2"
"2465","GCAM",1757,"RF_NH3",-0.000257489585037216,"W/m2"
"2466","GCAM",1758,"RF_NH3",-0.000145435895471665,"W/m2"
"2467","GCAM",1759,"RF_NH3",-0.00025380741474749,"W/m2"
"2468","GCAM",1760,"RF_NH3",-0.000429975097932241,"W/m2"
"2469","GCAM",1761,"RF_NH3",-0.000328943177632945,"W/m2"
"2470","GCAM",1762,"RF_NH3",-0.000310868285347873,"W/m2"
"2471","GCAM",1763,"RF_NH3",-0.000301072179337777,"W/m2"
"2472","GCAM",1764,"RF_NH3",6.2115503465231e-05,"W/m2"
"2473","GCAM",1765,"RF_NH3",-0.000396355444315488,"W/m2"
"2474","GCAM",1766,"RF_NH3",-0.000233072895646081,"W/m2"
"2475","GCAM",1767,"RF_NH3",-0.000252571519210753,"W/m2"
"2476","GCAM",1768,"RF_NH3",-0.000635070378267362,"W/m2"
"2477","GCAM",1769,"RF_NH3",-0.000493959936907587,"W/m2"
"2478","GCAM",1770,"RF_NH3",-0.000489913767400176,"W/m2"
"2479","GCAM",1771,"RF_NH3",-0.000303724290750049,"W/m2"
"2480","GCAM",1772,"RF_NH3",-0.000247953548061073,"W/m2"
"2481","GCAM",1773,"RF_NH3",-0.000379447738060609,"W/m2"
"2482","GCAM",1774,"RF_NH3",-0.000901357857552097,"W/m2"
"2483","GCAM",1775,"RF_NH3",-0.00073384579098533,"W/m2"
"2484","GCAM",1776,"RF_NH3",-0.000716302316312353,"W/m2"
"2485","GCAM",1777,"RF_NH3",-0.000919110465189506,"W/m2"
"2486","GCAM",1778,"RF_NH3",-0.00108785790580723,"W/m2"
"2487","GCAM",1779,"RF_NH3",-0.00105388061810371,"W/m2"
"2488","GCAM",1780,"RF_NH3",-0.00137719249402896,"W/m2"
"2489","GCAM",1781,"RF_NH3",-0.00124060663923638,"W/m2"
"2490","GCAM",1782,"RF_NH3",-0.00127031294770431,"W/m2"
"2491","GCAM",1783,"RF_NH3",-0.00122010971592183,"W/m2"
"2492","GCAM",1784,"RF_NH3",-0.000973153210035889,"W/m2"
"2493","GCAM",1785,"RF_NH3",-0.00131007148466343,"W/m2"
"2494","GCAM",1786,"RF_NH3",-0.00120906190241122,"W/m2"
"2495","GCAM",1787,"RF_NH3",-0.00134659619175413,"W/m2"
"2496","GCAM",1788,"RF_NH3",-0.0017237887227288,"W/m2"
"2497","GCAM",1789,"RF_NH3",-0.00157910646862887,"W/m2"
"2498","GCAM",1790,"RF_NH3",-0.00161502702693696,"W/m2"
"2499","GCAM",1791,"RF_NH3",-0.00135039804410246,"W/m2"
"2500","GCAM",1792,"RF_NH3",-0.00122638207816253,"W/m2"
"2501","GCAM",1793,"RF_NH3",-0.00126708306438874,"W/m2"
"2502","GCAM",1794,"RF_NH3",-0.0017250790244688,"W/m2"
"2503","GCAM",1795,"RF_NH3",-0.00149895856431216,"W/m2"
"2504","GCAM",1796,"RF_NH3",-0.00140387620441219,"W/m2"
"2505","GCAM",1797,"RF_NH3",-0.00152070508128571,"W/m2"
"2506","GCAM",1798,"RF_NH3",-0.001595204869734,"W/m2"
"2507","GCAM",1799,"RF_NH3",-0.00160259823754229,"W/m2"
"2508","GCAM",1800,"RF_NH3",-0.00174462794029339,"W/m2"
"2509","GCAM",1801,"RF_NH3",-0.00165994907140238,"W/m2"
"2510","GCAM",1802,"RF_NH3",-0.00179271786277181,"W/m2"
"2511","GCAM",1803,"RF_NH3",-0.00170217606879331,"W/m2"
"2512","GCAM",1804,"RF_NH3",-0.00162968948798645,"W/m2"
"2513","GCAM",1805,"RF_NH3",-0.00194746420433578,"W/m2"
"2514","GCAM",1806,"RF_NH3",-0.00196544633009559,"W/m2"
"2515","GCAM",1807,"RF_NH3",-0.00209997222593962,"W/m2"
"2516","GCAM",1808,"RF_NH3",-0.00250573564706371,"W/m2"
"2517","GCAM",1809,"RF_NH3",-0.00243591132196239,"W/m2"
"2518","GCAM",1810,"RF_NH3",-0.00253100666535595,"W/m2"
"2519","GCAM",1811,"RF_NH3",-0.002359043380764,"W/m2"
"2520","GCAM",1812,"RF_NH3",-0.00222646430291544,"W/m2"
"2521","GCAM",1813,"RF_NH3",-0.00237202174749356,"W/m2"
"2522","GCAM",1814,"RF_NH3",-0.00284923453996843,"W/m2"
"2523","GCAM",1815,"RF_NH3",-0.00268512482472495,"W/m2"
"2524","GCAM",1816,"RF_NH3",-0.00270519648819235,"W/m2"
"2525","GCAM",1817,"RF_NH3",-0.00277510971910738,"W/m2"
"2526","GCAM",1818,"RF_NH3",-0.00295965071054655,"W/m2"
"2527","GCAM",1819,"RF_NH3",-0.00295119910216858,"W/m2"
"2528","GCAM",1820,"RF_NH3",-0.00319412802747629,"W/m2"
"2529","GCAM",1821,"RF_NH3",-0.00315168208117056,"W/m2"
"2530","GCAM",1822,"RF_NH3",-0.0032623162499713,"W/m2"
"2531","GCAM",1823,"RF_NH3",-0.00314945427032914,"W/m2"
"2532","GCAM",1824,"RF_NH3",-0.00315068368699526,"W/m2"
"2533","GCAM",1825,"RF_NH3",-0.00340907140359274,"W/m2"
"2534","GCAM",1826,"RF_NH3",-0.00342491754292834,"W/m2"
"2535","GCAM",1827,"RF_NH3",-0.00355846492114546,"W/m2"
"2536","GCAM",1828,"RF_NH3",-0.00402124732876339,"W/m2"
"2537","GCAM",1829,"RF_NH3",-0.0039477102094957,"W/m2"
"2538","GCAM",1830,"RF_NH3",-0.00405839621355336,"W/m2"
"2539","GCAM",1831,"RF_NH3",-0.00387104965009963,"W/m2"
"2540","GCAM",1832,"RF_NH3",-0.00383010897570538,"W/m2"
"2541","GCAM",1833,"RF_NH3",-0.00399855735388771,"W/m2"
"2542","GCAM",1834,"RF_NH3",-0.00445029175699819,"W/m2"
"2543","GCAM",1835,"RF_NH3",-0.00428746761793224,"W/m2"
"2544","GCAM",1836,"RF_NH3",-0.00443225352966984,"W/m2"
"2545","GCAM",1837,"RF_NH3",-0.00450531462684946,"W/m2"
"2546","GCAM",1838,"RF_NH3",-0.00471020933044973,"W/m2"
"2547","GCAM",1839,"RF_NH3",-0.00474684732013162,"W/m2"
"2548","GCAM",1840,"RF_NH3",-0.00490075637872666,"W/m2"
"2549","GCAM",1841,"RF_NH3",-0.00498257793262555,"W/m2"
"2550","GCAM",1842,"RF_NH3",-0.00500817719724235,"W/m2"
"2551","GCAM",1843,"RF_NH3",-0.00484608903126667,"W/m2"
"2552","GCAM",1844,"RF_NH3",-0.00483119753065992,"W/m2"
"2553","GCAM",1845,"RF_NH3",-0.00510801931662624,"W/m2"
"2554","GCAM",1846,"RF_NH3",-0.00509641453484654,"W/m2"
"2555","GCAM",1847,"RF_NH3",-0.0053098667341897,"W/m2"
"2556","GCAM",1848,"RF_NH3",-0.00567743168704724,"W/m2"
"2557","GCAM",1849,"RF_NH3",-0.00561330882387778,"W/m2"
"2558","GCAM",1850,"RF_NH3",-0.00574379555915491,"W/m2"
"2559","GCAM",1851,"RF_NH3",-0.00547405815960158,"W/m2"
"2560","GCAM",1852,"RF_NH3",-0.005358277413341,"W/m2"
"2561","GCAM",1853,"RF_NH3",-0.00550563873301512,"W/m2"
"2562","GCAM",1854,"RF_NH3",-0.00596862137614882,"W/m2"
"2563","GCAM",1855,"RF_NH3",-0.00575249963532149,"W/m2"
"2564","GCAM",1856,"RF_NH3",-0.00583994820315615,"W/m2"
"2565","GCAM",1857,"RF_NH3",-0.00598806741978346,"W/m2"
"2566","GCAM",1858,"RF_NH3",-0.00610799899324003,"W/m2"
"2567","GCAM",1859,"RF_NH3",-0.0061976195879603,"W/m2"
"2568","GCAM",1860,"RF_NH3",-0.0063109918961581,"W/m2"
"2569","GCAM",1861,"RF_NH3",-0.00628668390328776,"W/m2"
"2570","GCAM",1862,"RF_NH3",-0.00641919349476619,"W/m2"
"2571","GCAM",1863,"RF_NH3",-0.00631142809862242,"W/m2"
"2572","GCAM",1864,"RF_NH3",-0.00635106149616356,"W/m2"
"2573","GCAM",1865,"RF_NH3",-0.00675108336962405,"W/m2"
"2574","GCAM",1866,"RF_NH3",-0.00673179985572293,"W/m2"
"2575","GCAM",1867,"RF_NH3",-0.00699916106349029,"W/m2"
"2576","GCAM",1868,"RF_NH3",-0.00739203046338053,"W/m2"
"2577","GCAM",1869,"RF_NH3",-0.00726082281801173,"W/m2"
"2578","GCAM",1870,"RF_NH3",-0.00753972693101813,"W/m2"
"2579","GCAM",1871,"RF_NH3",-0.00738622926675749,"W/m2"
"2580","GCAM",1872,"RF_NH3",-0.00730229052996677,"W/m2"
"2581","GCAM",1873,"RF_NH3",-0.00780478581127493,"W/m2"
"2582","GCAM",1874,"RF_NH3",-0.00820625665764341,"W/m2"
"2583","GCAM",1875,"RF_NH3",-0.00801726467565845,"W/m2"
"2584","GCAM",1876,"RF_NH3",-0.00837854444158805,"W/m2"
"2585","GCAM",1877,"RF_NH3",-0.00851831243692229,"W/m2"
"2586","GCAM",1878,"RF_NH3",-0.00873704404452197,"W/m2"
"2587","GCAM",1879,"RF_NH3",-0.00912882439755317,"W/m2"
"2588","GCAM",1880,"RF_NH3",-0.00919119808798229,"W/m2"
"2589","GCAM",1881,"RF_NH3",-0.00932892636574181,"W/m2"
"2590","GCAM",1882,"RF_NH3",-0.00947587054186181,"W/m2"
"2591","GCAM",1883,"RF_NH3",-0.00938541919884005,"W/m2"
"2592","GCAM",1884,"RF_NH3",-0.00973459103076533,"W/m2"
"2593","GCAM",1885,"RF_NH3",-0.0100336942407653,"W/m2"
"2594","GCAM",1886,"RF_NH3",-0.0101895903747701,"W/m2"
"2595","GCAM",1887,"RF_NH3",-0.0105111899231785,"W/m2"
"2596","GCAM",1888,"RF_NH3",-0.0109746642909164,"W/m2"
"2597","GCAM",1889,"RF_NH3",-0.0110469954839842,"W/m2"
"2598","GCAM",1890,"RF_NH3",-0.0113615024824738,"W/m2"
"2599","GCAM",1891,"RF_NH3",-0.0112279323563175,"W/m2"
"2600","GCAM",1892,"RF_NH3",-0.0113127141832397,"W/m2"
"2601","GCAM",1893,"RF_NH3",-0.0116996595047146,"W/m2"
"2602","GCAM",1894,"RF_NH3",-0.01230684005111,"W/m2"
"2603","GCAM",1895,"RF_NH3",-0.0123284262144264,"W/m2"
"2604","GCAM",1896,"RF_NH3",-0.0124317564963692,"W/m2"
"2605","GCAM",1897,"RF_NH3",-0.0127957737621783,"W/m2"
"2606","GCAM",1898,"RF_NH3",-0.0129435304903944,"W/m2"
"2607","GCAM",1899,"RF_NH3",-0.0134757468770612,"W/m2"
"2608","GCAM",1900,"RF_NH3",-0.0136251130863567,"W/m2"
"2609","GCAM",1901,"RF_NH3",-0.0136782066691479,"W/m2"
"2610","GCAM",1902,"RF_NH3",-0.013916583890628,"W/m2"
"2611","GCAM",1903,"RF_NH3",-0.0139703044152077,"W/m2"
"2612","GCAM",1904,"RF_NH3",-0.0146011330539255,"W/m2"
"2613","GCAM",1905,"RF_NH3",-0.0148664550806261,"W/m2"
"2614","GCAM",1906,"RF_NH3",-0.0150908010513029,"W/m2"
"2615","GCAM",1907,"RF_NH3",-0.0156426094439708,"W/m2"
"2616","GCAM",1908,"RF_NH3",-0.0160517458737226,"W/m2"
"2617","GCAM",1909,"RF_NH3",-0.016176884047008,"W/m2"
"2618","GCAM",1910,"RF_NH3",-0.0167453039505941,"W/m2"
"2619","GCAM",1911,"RF_NH3",-0.0166353628814564,"W/m2"
"2620","GCAM",1912,"RF_NH3",-0.0167089508767047,"W/m2"
"2621","GCAM",1913,"RF_NH3",-0.0171556320933759,"W/m2"
"2622","GCAM",1914,"RF_NH3",-0.0178416966557098,"W/m2"
"2623","GCAM",1915,"RF_NH3",-0.017821595997204,"W/m2"
"2624","GCAM",1916,"RF_NH3",-0.0180591963980208,"W/m2"
"2625","GCAM",1917,"RF_NH3",-0.0183972346803111,"W/m2"
"2626","GCAM",1918,"RF_NH3",-0.018835081069524,"W/m2"
"2627","GCAM",1919,"RF_NH3",-0.0192884553951778,"W/m2"
"2628","GCAM",1920,"RF_NH3",-0.0195481326280676,"W/m2"
"2629","GCAM",1921,"RF_NH3",-0.0194912738535927,"W/m2"
"2630","GCAM",1922,"RF_NH3",-0.0196261472864429,"W/m2"
"2631","GCAM",1923,"RF_NH3",-0.0204766115702007,"W/m2"
"2632","GCAM",1924,"RF_NH3",-0.0203614607937797,"W/m2"
"2633","GCAM",1925,"RF_NH3",-0.021275742940201,"W/m2"
"2634","GCAM",1926,"RF_NH3",-0.0219316637147137,"W/m2"
"2635","GCAM",1927,"RF_NH3",-0.0225432756669668,"W/m2"
"2636","GCAM",1928,"RF_NH3",-0.0229610675588223,"W/m2"
"2637","GCAM",1929,"RF_NH3",-0.02347669451724,"W/m2"
"2638","GCAM",1930,"RF_NH3",-0.0239975437157679,"W/m2"
"2639","GCAM",1931,"RF_NH3",-0.0236720293972455,"W/m2"
"2640","GCAM",1932,"RF_NH3",-0.0239761625628884,"W/m2"
"2641","GCAM",1933,"RF_NH3",-0.0240632272528109,"W/m2"
"2642","GCAM",1934,"RF_NH3",-0.024457089514406,"W/m2"
"2643","GCAM",1935,"RF_NH3",-0.0244425095017599,"W/m2"
"2644","GCAM",1936,"RF_NH3",-0.0251626105178996,"W/m2"
"2645","GCAM",1937,"RF_NH3",-0.0253407598448871,"W/m2"
"2646","GCAM",1938,"RF_NH3",-0.0253080221481874,"W/m2"
"2647","GCAM",1939,"RF_NH3",-0.0258816601071212,"W/m2"
"2648","GCAM",1940,"RF_NH3",-0.0257655099665185,"W/m2"
"2649","GCAM",1941,"RF_NH3",-0.025980594521496,"W/m2"
"2650","GCAM",1942,"RF_NH3",-0.0263586233160744,"W/m2"
"2651","GCAM",1943,"RF_NH3",-0.0263936180590095,"W/m2"
"2652","GCAM",1944,"RF_NH3",-0.0268833026881349,"W/m2"
"2653","GCAM",1945,"RF_NH3",-0.0270471036451704,"W/m2"
"2654","GCAM",1946,"RF_NH3",-0.0273872275915805,"W/m2"
"2655","GCAM",1947,"RF_NH3",-0.0278735328426552,"W/m2"
"2656","GCAM",1948,"RF_NH3",-0.028802690510329,"W/m2"
"2657","GCAM",1949,"RF_NH3",-0.0300047588742999,"W/m2"
"2658","GCAM",1950,"RF_NH3",-0.0314902608307973,"W/m2"
"2659","GCAM",1951,"RF_NH3",-0.031725385440337,"W/m2"
"2660","GCAM",1952,"RF_NH3",-0.0331907368430847,"W/m2"
"2661","GCAM",1953,"RF_NH3",-0.03467684357286,"W/m2"
"2662","GCAM",1954,"RF_NH3",-0.0356039138810487,"W/m2"
"2663","GCAM",1955,"RF_NH3",-0.0361842488332829,"W/m2"
"2664","GCAM",1956,"RF_NH3",-0.037486438453166,"W/m2"
"2665","GCAM",1957,"RF_NH3",-0.0390184941745378,"W/m2"
"2666","GCAM",1958,"RF_NH3",-0.0393604247794474,"W/m2"
"2667","GCAM",1959,"RF_NH3",-0.0404674640995373,"W/m2"
"2668","GCAM",1960,"RF_NH3",-0.0412043652842684,"W/m2"
"2669","GCAM",1961,"RF_NH3",-0.0428391946712631,"W/m2"
"2670","GCAM",1962,"RF_NH3",-0.0439156567694487,"W/m2"
"2671","GCAM",1963,"RF_NH3",-0.0468198889784146,"W/m2"
"2672","GCAM",1964,"RF_NH3",-0.0465253862601336,"W/m2"
"2673","GCAM",1965,"RF_NH3",-0.0494541562848289,"W/m2"
"2674","GCAM",1966,"RF_NH3",-0.0528468480390927,"W/m2"
"2675","GCAM",1967,"RF_NH3",-0.0563120641507647,"W/m2"
"2676","GCAM",1968,"RF_NH3",-0.058916910903602,"W/m2"
"2677","GCAM",1969,"RF_NH3",-0.0601621238030914,"W/m2"
"2678","GCAM",1970,"RF_NH3",-0.065543869930524,"W/m2"
"2679","GCAM",1971,"RF_NH3",-0.0669685060415962,"W/m2"
"2680","GCAM",1972,"RF_NH3",-0.0700395589750661,"W/m2"
"2681","GCAM",1973,"RF_NH3",-0.0708822622628578,"W/m2"
"2682","GCAM",1974,"RF_NH3",-0.0724595398358036,"W/m2"
"2683","GCAM",1975,"RF_NH3",-0.0741433364152599,"W/m2"
"2684","GCAM",1976,"RF_NH3",-0.0763851481196741,"W/m2"
"2685","GCAM",1977,"RF_NH3",-0.0780021830385313,"W/m2"
"2686","GCAM",1978,"RF_NH3",-0.0800753254693973,"W/m2"
"2687","GCAM",1979,"RF_NH3",-0.0819936398893057,"W/m2"
"2688","GCAM",1980,"RF_NH3",-0.0838043457407967,"W/m2"
"2689","GCAM",1981,"RF_NH3",-0.0846538279788509,"W/m2"
"2690","GCAM",1982,"RF_NH3",-0.0874276281184129,"W/m2"
"2691","GCAM",1983,"RF_NH3",-0.0873815129380983,"W/m2"
"2692","GCAM",1984,"RF_NH3",-0.089630750685804,"W/m2"
"2693","GCAM",1985,"RF_NH3",-0.0911804918139673,"W/m2"
"2694","GCAM",1986,"RF_NH3",-0.0928888247283908,"W/m2"
"2695","GCAM",1987,"RF_NH3",-0.0952909532854282,"W/m2"
"2696","GCAM",1988,"RF_NH3",-0.0961402749788285,"W/m2"
"2697","GCAM",1989,"RF_NH3",-0.0968640447439738,"W/m2"
"2698","GCAM",1990,"RF_NH3",-0.0978462057323329,"W/m2"
"2699","GCAM",1991,"RF_NH3",-0.101579460682837,"W/m2"
"2700","GCAM",1992,"RF_NH3",-0.0975369417260828,"W/m2"
"2701","GCAM",1993,"RF_NH3",-0.0984064307766634,"W/m2"
"2702","GCAM",1994,"RF_NH3",-0.101470258020389,"W/m2"
"2703","GCAM",1995,"RF_NH3",-0.0997669412840833,"W/m2"
"2704","GCAM",1996,"RF_NH3",-0.0997767259238444,"W/m2"
"2705","GCAM",1997,"RF_NH3",-0.105564047591592,"W/m2"
"2706","GCAM",1998,"RF_NH3",-0.106575499148369,"W/m2"
"2707","GCAM",1999,"RF_NH3",-0.102669780954345,"W/m2"
"2708","GCAM",2000,"RF_NH3",-0.10211229381764,"W/m2"
"2709","GCAM",2001,"RF_NH3",-0.102542143748256,"W/m2"
"2710","GCAM",2002,"RF_NH3",-0.107621293204576,"W/m2"
"2711","GCAM",2003,"RF_NH3",-0.108938345963107,"W/m2"
"2712","GCAM",2004,"RF_NH3",-0.109846567929764,"W/m2"
"2713","GCAM",2005,"RF_NH3",-0.109846567929764,"W/m2"
"2714","GCAM",2006,"RF_NH3",-0.110698452278268,"W/m2"
"2715","GCAM",2007,"RF_NH3",-0.111550336626772,"W/m2"
"2716","GCAM",2008,"RF_NH3",-0.112402220975276,"W/m2"
"2717","GCAM",2009,"RF_NH3",-0.11325410532378,"W/m2"
"2718","GCAM",2010,"RF_NH3",-0.114105989672284,"W/m2"
"2719","GCAM",2011,"RF_NH3",-0.115658120150588,"W/m2"
"2720","GCAM",2012,"RF_NH3",-0.117210250628892,"W/m2"
"2721","GCAM",2013,"RF_NH3",-0.118762381107196,"W/m2"
"2722","GCAM",2014,"RF_NH3",-0.1203145115855,"W/m2"
"2723","GCAM",2015,"RF_NH3",-0.121866642063804,"W/m2"
"2724","GCAM",2016,"RF_NH3",-0.122751183521268,"W/m2"
"2725","GCAM",2017,"RF_NH3",-0.123635724978731,"W/m2"
"2726","GCAM",2018,"RF_NH3",-0.124520266436195,"W/m2"
"2727","GCAM",2019,"RF_NH3",-0.125404807893658,"W/m2"
"2728","GCAM",2020,"RF_NH3",-0.126289349351122,"W/m2"
"2729","GCAM",2021,"RF_NH3",-0.127173890808585,"W/m2"
"2730","GCAM",2022,"RF_NH3",-0.12903833627518,"W/m2"
"2731","GCAM",2023,"RF_NH3",-0.130902781741774,"W/m2"
"2732","GCAM",2024,"RF_NH3",-0.132767227208368,"W/m2"
"2733","GCAM",2025,"RF_NH3",-0.134631672674963,"W/m2"
"2734","GCAM",2026,"RF_NH3",-0.136420806457048,"W/m2"
"2735","GCAM",2027,"RF_NH3",-0.138209940239134,"W/m2"
"2736","GCAM",2028,"RF_NH3",-0.139999074021219,"W/m2"
"2737","GCAM",2029,"RF_NH3",-0.141788207803305,"W/m2"
"2738","GCAM",2030,"RF_NH3",-0.143577341585391,"W/m2"
"2739","GCAM",2031,"RF_NH3",-0.145266035741224,"W/m2"
"2740","GCAM",2032,"RF_NH3",-0.146954729897058,"W/m2"
"2741","GCAM",2033,"RF_NH3",-0.148643424052892,"W/m2"
"2742","GCAM",2034,"RF_NH3",-0.150332118208725,"W/m2"
"2743","GCAM",2035,"RF_NH3",-0.152020812364559,"W/m2"
"2744","GCAM",2036,"RF_NH3",-0.153596701976211,"W/m2"
"2745","GCAM",2037,"RF_NH3",-0.155172591587863,"W/m2"
"2746","GCAM",2038,"RF_NH3",-0.156748481199516,"W/m2"
"2747","GCAM",2039,"RF_NH3",-0.158324370811168,"W/m2"
"2748","GCAM",2040,"RF_NH3",-0.15990026042282,"W/m2"
"2749","GCAM",2041,"RF_NH3",-0.161370407920453,"W/m2"
"2750","GCAM",2042,"RF_NH3",-0.162840555418086,"W/m2"
"2751","GCAM",2043,"RF_NH3",-0.164310702915719,"W/m2"
"2752","GCAM",2044,"RF_NH3",-0.165780850413353,"W/m2"
"2753","GCAM",2045,"RF_NH3",-0.167250997910986,"W/m2"
"2754","GCAM",2046,"RF_NH3",-0.168690050897813,"W/m2"
"2755","GCAM",2047,"RF_NH3",-0.17012910388464,"W/m2"
"2756","GCAM",2048,"RF_NH3",-0.171568156871467,"W/m2"
"2757","GCAM",2049,"RF_NH3",-0.173007209858294,"W/m2"
"2758","GCAM",2050,"RF_NH3",-0.17444626284512,"W/m2"
"2759","GCAM",2051,"RF_NH3",-0.175601487210201,"W/m2"
"2760","GCAM",2052,"RF_NH3",-0.176756711575281,"W/m2"
"2761","GCAM",2053,"RF_NH3",-0.177911935940361,"W/m2"
"2762","GCAM",2054,"RF_NH3",-0.179067160305441,"W/m2"
"2763","GCAM",2055,"RF_NH3",-0.180222384670521,"W/m2"
"2764","GCAM",2056,"RF_NH3",-0.181392836864083,"W/m2"
"2765","GCAM",2057,"RF_NH3",-0.182563289057644,"W/m2"
"2766","GCAM",2058,"RF_NH3",-0.183733741251205,"W/m2"
"2767","GCAM",2059,"RF_NH3",-0.184904193444767,"W/m2"
"2768","GCAM",2060,"RF_NH3",-0.186074645638328,"W/m2"
"2769","GCAM",2061,"RF_NH3",-0.187086247929569,"W/m2"
"2770","GCAM",2062,"RF_NH3",-0.188097850220809,"W/m2"
"2771","GCAM",2063,"RF_NH3",-0.18910945251205,"W/m2"
"2772","GCAM",2064,"RF_NH3",-0.190121054803291,"W/m2"
"2773","GCAM",2065,"RF_NH3",-0.191132657094532,"W/m2"
"2774","GCAM",2066,"RF_NH3",-0.192017436758449,"W/m2"
"2775","GCAM",2067,"RF_NH3",-0.192902216422366,"W/m2"
"2776","GCAM",2068,"RF_NH3",-0.193786996086283,"W/m2"
"2777","GCAM",2069,"RF_NH3",-0.1946717757502,"W/m2"
"2778","GCAM",2070,"RF_NH3",-0.195556555414117,"W/m2"
"2779","GCAM",2071,"RF_NH3",-0.196289213540584,"W/m2"
"2780","GCAM",2072,"RF_NH3",-0.19702187166705,"W/m2"
"2781","GCAM",2073,"RF_NH3",-0.197754529793516,"W/m2"
"2782","GCAM",2074,"RF_NH3",-0.198487187919982,"W/m2"
"2783","GCAM",2075,"RF_NH3",-0.199219846046448,"W/m2"
"2784","GCAM",2076,"RF_NH3",-0.19982115999888,"W/m2"
"2785","GCAM",2077,"RF_NH3",-0.200422473951312,"W/m2"
"2786","GCAM",2078,"RF_NH3",-0.201023787903744,"W/m2"
"2787","GCAM",2079,"RF_NH3",-0.201625101856176,"W/m2"
"2788","GCAM",2080,"RF_NH3",-0.202226415808608,"W/m2"
"2789","GCAM",2081,"RF_NH3",-0.202699371264388,"W/m2"
"2790","GCAM",2082,"RF_NH3",-0.203172326720168,"W/m2"
"2791","GCAM",2083,"RF_NH3",-0.203645282175948,"W/m2"
"2792","GCAM",2084,"RF_NH3",-0.204118237631728,"W/m2"
"2793","GCAM",2085,"RF_NH3",-0.204591193087508,"W/m2"
"2794","GCAM",2086,"RF_NH3",-0.204973521110612,"W/m2"
"2795","GCAM",2087,"RF_NH3",-0.205355849133715,"W/m2"
"2796","GCAM",2088,"RF_NH3",-0.205738177156819,"W/m2"
"2797","GCAM",2089,"RF_NH3",-0.206120505179922,"W/m2"
"2798","GCAM",2090,"RF_NH3",-0.206502833203025,"W/m2"
"2799","GCAM",2091,"RF_NH3",-0.206777443738065,"W/m2"
"2800","GCAM",2092,"RF_NH3",-0.207052054273105,"W/m2"
"2801","GCAM",2093,"RF_NH3",-0.207326664808145,"W/m2"
"2802","GCAM",2094,"RF_NH3",-0.207601275343185,"W/m2"
"2803","GCAM",2095,"RF_NH3",-0.207875885878225,"W/m2"
"2804","GCAM",2096,"RF_NH3",-0.208032556834615,"W/m2"
"2805","GCAM",2097,"RF_NH3",-0.208189227791006,"W/m2"
"2806","GCAM",2098,"RF_NH3",-0.208345898747397,"W/m2"
"2807","GCAM",2099,"RF_NH3",-0.208502569703788,"W/m2"
"2808","GCAM",2100,"RF_NH3",-0.208659240660179,"W/m2"
"2809","GCAM",1750,"RF_N2O",0,"W/m2"
"2810","GCAM",1751,"RF_N2O",-0.000149185881441148,"W/m2"
"2811","GCAM",1752,"RF_N2O",-0.000296369307081937,"W/m2"
"2812","GCAM",1753,"RF_N2O",-0.000441547450238089,"W/m2"
"2813","GCAM",1754,"RF_N2O",-0.000584716775389699,"W/m2"
"2814","GCAM",1755,"RF_N2O",-0.000725895508568446,"W/m2"
"2815","GCAM",1756,"RF_N2O",-0.000865086401183943,"W/m2"
"2816","GCAM",1757,"RF_N2O",-0.00100226851262317,"W/m2"
"2817","GCAM",1758,"RF_N2O",-0.00113746708914307,"W/m2"
"2818","GCAM",1759,"RF_N2O",-0.00127066653869743,"W/m2"
"2819","GCAM",1760,"RF_N2O",-0.00140186137731346,"W/m2"
"2820","GCAM",1761,"RF_N2O",-0.0015310667499727,"W/m2"
"2821","GCAM",1762,"RF_N2O",-0.0016582824549441,"W/m2"
"2822","GCAM",1763,"RF_N2O",-0.0017835221466833,"W/m2"
"2823","GCAM",1764,"RF_N2O",-0.0019067929721438,"W/m2"
"2824","GCAM",1765,"RF_N2O",-0.00202800807934514,"W/m2"
"2825","GCAM",1766,"RF_N2O",-0.00214722433559396,"W/m2"
"2826","GCAM",1767,"RF_N2O",-0.00226443173230666,"W/m2"
"2827","GCAM",1768,"RF_N2O",-0.00237958218510699,"W/m2"
"2828","GCAM",1769,"RF_N2O",-0.002492731171236,"W/m2"
"2829","GCAM",1770,"RF_N2O",-0.00260384883949368,"W/m2"
"2830","GCAM",1771,"RF_N2O",-0.00271296680100844,"W/m2"
"2831","GCAM",1772,"RF_N2O",-0.00282005949726707,"W/m2"
"2832","GCAM",1773,"RF_N2O",-0.00292509587149225,"W/m2"
"2833","GCAM",1774,"RF_N2O",-0.00302802302216834,"W/m2"
"2834","GCAM",1775,"RF_N2O",-0.00312891659629966,"W/m2"
"2835","GCAM",1776,"RF_N2O",-0.0032277636872812,"W/m2"
"2836","GCAM",1777,"RF_N2O",-0.00332450790805381,"W/m2"
"2837","GCAM",1778,"RF_N2O",-0.00341915543262212,"W/m2"
"2838","GCAM",1779,"RF_N2O",-0.00351173578544389,"W/m2"
"2839","GCAM",1780,"RF_N2O",-0.00360218378469558,"W/m2"
"2840","GCAM",1781,"RF_N2O",-0.00369054674854661,"W/m2"
"2841","GCAM",1782,"RF_N2O",-0.00377679977729431,"W/m2"
"2842","GCAM",1783,"RF_N2O",-0.00386093942633008,"W/m2"
"2843","GCAM",1784,"RF_N2O",-0.00394305242952709,"W/m2"
"2844","GCAM",1785,"RF_N2O",-0.00402307541753544,"W/m2"
"2845","GCAM",1786,"RF_N2O",-0.00410090402353731,"W/m2"
"2846","GCAM",1787,"RF_N2O",-0.00417647447425385,"W/m2"
"2847","GCAM",1788,"RF_N2O",-0.0042497513160139,"W/m2"
"2848","GCAM",1789,"RF_N2O",-0.00432085174089656,"W/m2"
"2849","GCAM",1790,"RF_N2O",-0.00438972573601011,"W/m2"
"2850","GCAM",1791,"RF_N2O",-0.00445642099060583,"W/m2"
"2851","GCAM",1792,"RF_N2O",-0.00452089414609112,"W/m2"
"2852","GCAM",1793,"RF_N2O",-0.00458310559661122,"W/m2"
"2853","GCAM",1794,"RF_N2O",-0.00464296604929133,"W/m2"
"2854","GCAM",1795,"RF_N2O",-0.00470057928587495,"W/m2"
"2855","GCAM",1796,"RF_N2O",-0.00475592451910774,"W/m2"
"2856","GCAM",1797,"RF_N2O",-0.00480891930838876,"W/m2"
"2857","GCAM",1798,"RF_N2O",-0.00485957284753124,"W/m2"
"2858","GCAM",1799,"RF_N2O",-0.00490788270733872,"W/m2"
"2859","GCAM",1800,"RF_N2O",-0.00495379699409974,"W/m2"
"2860","GCAM",1801,"RF_N2O",-0.00499734639119725,"W/m2"
"2861","GCAM",1802,"RF_N2O",-0.00503848469149747,"W/m2"
"2862","GCAM",1803,"RF_N2O",-0.00507723039904963,"W/m2"
"2863","GCAM",1804,"RF_N2O",-0.00511354179189111,"W/m2"
"2864","GCAM",1805,"RF_N2O",-0.00514733585622681,"W/m2"
"2865","GCAM",1806,"RF_N2O",-0.00517865018056962,"W/m2"
"2866","GCAM",1807,"RF_N2O",-0.00520743846747253,"W/m2"
"2867","GCAM",1808,"RF_N2O",-0.00523361789946248,"W/m2"
"2868","GCAM",1809,"RF_N2O",-0.00525729324127831,"W/m2"
"2869","GCAM",1810,"RF_N2O",-0.00527857941515507,"W/m2"
"2870","GCAM",1811,"RF_N2O",-0.00529730954596412,"W/m2"
"2871","GCAM",1812,"RF_N2O",-0.00531336106008607,"W/m2"
"2872","GCAM",1813,"RF_N2O",-0.00532666064505608,"W/m2"
"2873","GCAM",1814,"RF_N2O",-0.00533714796582541,"W/m2"
"2874","GCAM",1815,"RF_N2O",-0.00534494230780801,"W/m2"
"2875","GCAM",1816,"RF_N2O",-0.00535018777800829,"W/m2"
"2876","GCAM",1817,"RF_N2O",-0.00535277174815613,"W/m2"
"2877","GCAM",1818,"RF_N2O",-0.00535242379818512,"W/m2"
"2878","GCAM",1819,"RF_N2O",-0.00534915936050335,"W/m2"
"2879","GCAM",1820,"RF_N2O",-0.00534293614213976,"W/m2"
"2880","GCAM",1821,"RF_N2O",-0.00533381465302961,"W/m2"
"2881","GCAM",1822,"RF_N2O",-0.00532177604041467,"W/m2"
"2882","GCAM",1823,"RF_N2O",-0.00530682610144879,"W/m2"
"2883","GCAM",1824,"RF_N2O",-0.00528890783102688,"W/m2"
"2884","GCAM",1825,"RF_N2O",-0.00526792951799058,"W/m2"
"2885","GCAM",1826,"RF_N2O",-0.00524390136246442,"W/m2"
"2886","GCAM",1827,"RF_N2O",-0.0052167581734493,"W/m2"
"2887","GCAM",1828,"RF_N2O",-0.00518640150483317,"W/m2"
"2888","GCAM",1829,"RF_N2O",-0.00515293196449413,"W/m2"
"2889","GCAM",1830,"RF_N2O",-0.0051162517665308,"W/m2"
"2890","GCAM",1831,"RF_N2O",-0.00507638603913555,"W/m2"
"2891","GCAM",1832,"RF_N2O",-0.00503337427762157,"W/m2"
"2892","GCAM",1833,"RF_N2O",-0.0049870299877791,"W/m2"
"2893","GCAM",1834,"RF_N2O",-0.00493719086051324,"W/m2"
"2894","GCAM",1835,"RF_N2O",-0.00488393748305208,"W/m2"
"2895","GCAM",1836,"RF_N2O",-0.00482728334545179,"W/m2"
"2896","GCAM",1837,"RF_N2O",-0.00476711567814252,"W/m2"
"2897","GCAM",1838,"RF_N2O",-0.00470333446888566,"W/m2"
"2898","GCAM",1839,"RF_N2O",-0.00463594655425261,"W/m2"
"2899","GCAM",1840,"RF_N2O",-0.00456490068057071,"W/m2"
"2900","GCAM",1841,"RF_N2O",-0.0044901483651914,"W/m2"
"2901","GCAM",1842,"RF_N2O",-0.00441167796016089,"W/m2"
"2902","GCAM",1843,"RF_N2O",-0.00432946534535041,"W/m2"
"2903","GCAM",1844,"RF_N2O",-0.00424341095586356,"W/m2"
"2904","GCAM",1845,"RF_N2O",-0.00415342569822781,"W/m2"
"2905","GCAM",1846,"RF_N2O",-0.00405950793604859,"W/m2"
"2906","GCAM",1847,"RF_N2O",-0.00396156428102183,"W/m2"
"2907","GCAM",1848,"RF_N2O",-0.00385951431740215,"W/m2"
"2908","GCAM",1849,"RF_N2O",-0.0037533806764692,"W/m2"
"2909","GCAM",1850,"RF_N2O",-0.00364306311109721,"W/m2"
"2910","GCAM",1851,"RF_N2O",-0.0035276021630556,"W/m2"
"2911","GCAM",1852,"RF_N2O",-0.00340651820130328,"W/m2"
"2912","GCAM",1853,"RF_N2O",-0.00328052775879158,"W/m2"
"2913","GCAM",1854,"RF_N2O",-0.00314940773959025,"W/m2"
"2914","GCAM",1855,"RF_N2O",-0.00301402971120402,"W/m2"
"2915","GCAM",1856,"RF_N2O",-0.00287513792529151,"W/m2"
"2916","GCAM",1857,"RF_N2O",-0.00273254182443377,"W/m2"
"2917","GCAM",1858,"RF_N2O",-0.0025873034519553,"W/m2"
"2918","GCAM",1859,"RF_N2O",-0.00243983886720166,"W/m2"
"2919","GCAM",1860,"RF_N2O",-0.00229071432008592,"W/m2"
"2920","GCAM",1861,"RF_N2O",-0.00214080976878123,"W/m2"
"2921","GCAM",1862,"RF_N2O",-0.00199013083153552,"W/m2"
"2922","GCAM",1863,"RF_N2O",-0.00183884174494797,"W/m2"
"2923","GCAM",1864,"RF_N2O",-0.00168680756750775,"W/m2"
"2924","GCAM",1865,"RF_N2O",-0.00153412781812619,"W/m2"
"2925","GCAM",1866,"RF_N2O",-0.00138094458936671,"W/m2"
"2926","GCAM",1867,"RF_N2O",-0.00122712090130612,"W/m2"
"2927","GCAM",1868,"RF_N2O",-0.00107208657200669,"W/m2"
"2928","GCAM",1869,"RF_N2O",-0.000916465572465289,"W/m2"
"2929","GCAM",1870,"RF_N2O",-0.000760037266308262,"W/m2"
"2930","GCAM",1871,"RF_N2O",-0.000599060637054297,"W/m2"
"2931","GCAM",1872,"RF_N2O",-0.000426850401489786,"W/m2"
"2932","GCAM",1873,"RF_N2O",-0.000238529095797737,"W/m2"
"2933","GCAM",1874,"RF_N2O",-3.05998847196223e-05,"W/m2"
"2934","GCAM",1875,"RF_N2O",0.000198718516739143,"W/m2"
"2935","GCAM",1876,"RF_N2O",0.000449476441881556,"W/m2"
"2936","GCAM",1877,"RF_N2O",0.000720436571283199,"W/m2"
"2937","GCAM",1878,"RF_N2O",0.00100849545845256,"W/m2"
"2938","GCAM",1879,"RF_N2O",0.00131024679621624,"W/m2"
"2939","GCAM",1880,"RF_N2O",0.00161998959365562,"W/m2"
"2940","GCAM",1881,"RF_N2O",0.00193310431048056,"W/m2"
"2941","GCAM",1882,"RF_N2O",0.00225014011743295,"W/m2"
"2942","GCAM",1883,"RF_N2O",0.00256956224607326,"W/m2"
"2943","GCAM",1884,"RF_N2O",0.00289072112555574,"W/m2"
"2944","GCAM",1885,"RF_N2O",0.00321392485106597,"W/m2"
"2945","GCAM",1886,"RF_N2O",0.00353801816547968,"W/m2"
"2946","GCAM",1887,"RF_N2O",0.00386359796512404,"W/m2"
"2947","GCAM",1888,"RF_N2O",0.00419095951372323,"W/m2"
"2948","GCAM",1889,"RF_N2O",0.0045205331796161,"W/m2"
"2949","GCAM",1890,"RF_N2O",0.00486616452003676,"W/m2"
"2950","GCAM",1891,"RF_N2O",0.00521751771775207,"W/m2"
"2951","GCAM",1892,"RF_N2O",0.00557447881213533,"W/m2"
"2952","GCAM",1893,"RF_N2O",0.00593707020696665,"W/m2"
"2953","GCAM",1894,"RF_N2O",0.00630581227393656,"W/m2"
"2954","GCAM",1895,"RF_N2O",0.00667969767963858,"W/m2"
"2955","GCAM",1896,"RF_N2O",0.00705894328146239,"W/m2"
"2956","GCAM",1897,"RF_N2O",0.00744289415194445,"W/m2"
"2957","GCAM",1898,"RF_N2O",0.00783091932210063,"W/m2"
"2958","GCAM",1899,"RF_N2O",0.00822276074627152,"W/m2"
"2959","GCAM",1900,"RF_N2O",0.00861839655624096,"W/m2"
"2960","GCAM",1901,"RF_N2O",0.00901695518975096,"W/m2"
"2961","GCAM",1902,"RF_N2O",0.00941954824408054,"W/m2"
"2962","GCAM",1903,"RF_N2O",0.00982594565978891,"W/m2"
"2963","GCAM",1904,"RF_N2O",0.0102366333078405,"W/m2"
"2964","GCAM",1905,"RF_N2O",0.0106519658106385,"W/m2"
"2965","GCAM",1906,"RF_N2O",0.0110720955484844,"W/m2"
"2966","GCAM",1907,"RF_N2O",0.0114965974980662,"W/m2"
"2967","GCAM",1908,"RF_N2O",0.0119252888120474,"W/m2"
"2968","GCAM",1909,"RF_N2O",0.0123580825498414,"W/m2"
"2969","GCAM",1910,"RF_N2O",0.0127951577333861,"W/m2"
"2970","GCAM",1911,"RF_N2O",0.0132371542495164,"W/m2"
"2971","GCAM",1912,"RF_N2O",0.0136877188652631,"W/m2"
"2972","GCAM",1913,"RF_N2O",0.0141487119015268,"W/m2"
"2973","GCAM",1914,"RF_N2O",0.0146211633744124,"W/m2"
"2974","GCAM",1915,"RF_N2O",0.0151066603248451,"W/m2"
"2975","GCAM",1916,"RF_N2O",0.0156054501842026,"W/m2"
"2976","GCAM",1917,"RF_N2O",0.0161167398082864,"W/m2"
"2977","GCAM",1918,"RF_N2O",0.0166393192924075,"W/m2"
"2978","GCAM",1919,"RF_N2O",0.0171716271871619,"W/m2"
"2979","GCAM",1920,"RF_N2O",0.0177125438964704,"W/m2"
"2980","GCAM",1921,"RF_N2O",0.018260765534794,"W/m2"
"2981","GCAM",1922,"RF_N2O",0.0188160058737537,"W/m2"
"2982","GCAM",1923,"RF_N2O",0.0193784098204927,"W/m2"
"2983","GCAM",1924,"RF_N2O",0.0199490320014185,"W/m2"
"2984","GCAM",1925,"RF_N2O",0.0205264220726669,"W/m2"
"2985","GCAM",1926,"RF_N2O",0.0211100446461058,"W/m2"
"2986","GCAM",1927,"RF_N2O",0.0216991587764129,"W/m2"
"2987","GCAM",1928,"RF_N2O",0.0222928450547066,"W/m2"
"2988","GCAM",1929,"RF_N2O",0.0228895995352111,"W/m2"
"2989","GCAM",1930,"RF_N2O",0.023487966259682,"W/m2"
"2990","GCAM",1931,"RF_N2O",0.0240868597538728,"W/m2"
"2991","GCAM",1932,"RF_N2O",0.0246854751302081,"W/m2"
"2992","GCAM",1933,"RF_N2O",0.0252834458335835,"W/m2"
"2993","GCAM",1934,"RF_N2O",0.0258806225326227,"W/m2"
"2994","GCAM",1935,"RF_N2O",0.0264774866363724,"W/m2"
"2995","GCAM",1936,"RF_N2O",0.0270735785371852,"W/m2"
"2996","GCAM",1937,"RF_N2O",0.0276705386646936,"W/m2"
"2997","GCAM",1938,"RF_N2O",0.0282689349053345,"W/m2"
"2998","GCAM",1939,"RF_N2O",0.0288706464828024,"W/m2"
"2999","GCAM",1940,"RF_N2O",0.0294770591535953,"W/m2"
"3000","GCAM",1941,"RF_N2O",0.0301131635624149,"W/m2"
"3001","GCAM",1942,"RF_N2O",0.0308195057039939,"W/m2"
"3002","GCAM",1943,"RF_N2O",0.031629380190827,"W/m2"
"3003","GCAM",1944,"RF_N2O",0.0325621815264337,"W/m2"
"3004","GCAM",1945,"RF_N2O",0.0336295743520991,"W/m2"
"3005","GCAM",1946,"RF_N2O",0.0348324344423737,"W/m2"
"3006","GCAM",1947,"RF_N2O",0.0361621643168177,"W/m2"
"3007","GCAM",1948,"RF_N2O",0.0375981277769086,"W/m2"
"3008","GCAM",1949,"RF_N2O",0.0391118322824323,"W/m2"
"3009","GCAM",1950,"RF_N2O",0.0406654521447916,"W/m2"
"3010","GCAM",1951,"RF_N2O",0.0422372204134646,"W/m2"
"3011","GCAM",1952,"RF_N2O",0.0438234679153838,"W/m2"
"3012","GCAM",1953,"RF_N2O",0.045426364519383,"W/m2"
"3013","GCAM",1954,"RF_N2O",0.0470474506263616,"W/m2"
"3014","GCAM",1955,"RF_N2O",0.0486897785263991,"W/m2"
"3015","GCAM",1956,"RF_N2O",0.0503519789748737,"W/m2"
"3016","GCAM",1957,"RF_N2O",0.0520367596661487,"W/m2"
"3017","GCAM",1958,"RF_N2O",0.0537519406383599,"W/m2"
"3018","GCAM",1959,"RF_N2O",0.0554982380442048,"W/m2"
"3019","GCAM",1960,"RF_N2O",0.0572808543186754,"W/m2"
"3020","GCAM",1961,"RF_N2O",0.0592031762681571,"W/m2"
"3021","GCAM",1962,"RF_N2O",0.0612063966277284,"W/m2"
"3022","GCAM",1963,"RF_N2O",0.0632748408472132,"W/m2"
"3023","GCAM",1964,"RF_N2O",0.0654320816338972,"W/m2"
"3024","GCAM",1965,"RF_N2O",0.0676883061138346,"W/m2"
"3025","GCAM",1966,"RF_N2O",0.0700638970705794,"W/m2"
"3026","GCAM",1967,"RF_N2O",0.0725360127329232,"W/m2"
"3027","GCAM",1968,"RF_N2O",0.0750838395769258,"W/m2"
"3028","GCAM",1969,"RF_N2O",0.0776877315870779,"W/m2"
"3029","GCAM",1970,"RF_N2O",0.0802501978777667,"W/m2"
"3030","GCAM",1971,"RF_N2O",0.0827488261137841,"W/m2"
"3031","GCAM",1972,"RF_N2O",0.0854075461101698,"W/m2"
"3032","GCAM",1973,"RF_N2O",0.0881307431149911,"W/m2"
"3033","GCAM",1974,"RF_N2O",0.0908156876270531,"W/m2"
"3034","GCAM",1975,"RF_N2O",0.0935991669190638,"W/m2"
"3035","GCAM",1976,"RF_N2O",0.0964542792299791,"W/m2"
"3036","GCAM",1977,"RF_N2O",0.0993833883714815,"W/m2"
"3037","GCAM",1978,"RF_N2O",0.102372262209126,"W/m2"
"3038","GCAM",1979,"RF_N2O",0.105457344560323,"W/m2"
"3039","GCAM",1980,"RF_N2O",0.108558742051572,"W/m2"
"3040","GCAM",1981,"RF_N2O",0.111588899937481,"W/m2"
"3041","GCAM",1982,"RF_N2O",0.114740768829833,"W/m2"
"3042","GCAM",1983,"RF_N2O",0.117896798551652,"W/m2"
"3043","GCAM",1984,"RF_N2O",0.120970611675848,"W/m2"
"3044","GCAM",1985,"RF_N2O",0.124014878961958,"W/m2"
"3045","GCAM",1986,"RF_N2O",0.127111804904738,"W/m2"
"3046","GCAM",1987,"RF_N2O",0.130331322795522,"W/m2"
"3047","GCAM",1988,"RF_N2O",0.133407264206748,"W/m2"
"3048","GCAM",1989,"RF_N2O",0.136505709020769,"W/m2"
"3049","GCAM",1990,"RF_N2O",0.139578705432243,"W/m2"
"3050","GCAM",1991,"RF_N2O",0.142632059359513,"W/m2"
"3051","GCAM",1992,"RF_N2O",0.145721877367262,"W/m2"
"3052","GCAM",1993,"RF_N2O",0.148752529952512,"W/m2"
"3053","GCAM",1994,"RF_N2O",0.15181523916961,"W/m2"
"3054","GCAM",1995,"RF_N2O",0.15491556053466,"W/m2"
"3055","GCAM",1996,"RF_N2O",0.158011752669502,"W/m2"
"3056","GCAM",1997,"RF_N2O",0.161138121754384,"W/m2"
"3057","GCAM",1998,"RF_N2O",0.164078774141803,"W/m2"
"3058","GCAM",1999,"RF_N2O",0.166909030230985,"W/m2"
"3059","GCAM",2000,"RF_N2O",0.169605597374801,"W/m2"
"3060","GCAM",2001,"RF_N2O",0.172322161973808,"W/m2"
"3061","GCAM",2002,"RF_N2O",0.17510035486976,"W/m2"
"3062","GCAM",2003,"RF_N2O",0.177895622637536,"W/m2"
"3063","GCAM",2004,"RF_N2O",0.180763183299184,"W/m2"
"3064","GCAM",2005,"RF_N2O",0.183602076929462,"W/m2"
"3065","GCAM",2006,"RF_N2O",0.186401294465777,"W/m2"
"3066","GCAM",2007,"RF_N2O",0.189158851163071,"W/m2"
"3067","GCAM",2008,"RF_N2O",0.19187479833068,"W/m2"
"3068","GCAM",2009,"RF_N2O",0.19454917756551,"W/m2"
"3069","GCAM",2010,"RF_N2O",0.197182129892494,"W/m2"
"3070","GCAM",2011,"RF_N2O",0.19986845266499,"W/m2"
"3071","GCAM",2012,"RF_N2O",0.20260823241978,"W/m2"
"3072","GCAM",2013,"RF_N2O",0.205401154017953,"W/m2"
"3073","GCAM",2014,"RF_N2O",0.208246406861122,"W/m2"
"3074","GCAM",2015,"RF_N2O",0.21114347568839,"W/m2"
"3075","GCAM",2016,"RF_N2O",0.214011460998663,"W/m2"
"3076","GCAM",2017,"RF_N2O",0.216853381925233,"W/m2"
"3077","GCAM",2018,"RF_N2O",0.219669372734135,"W/m2"
"3078","GCAM",2019,"RF_N2O",0.222459690741343,"W/m2"
"3079","GCAM",2020,"RF_N2O",0.225224692778579,"W/m2"
"3080","GCAM",2021,"RF_N2O",0.227964751044297,"W/m2"
"3081","GCAM",2022,"RF_N2O",0.230730291664452,"W/m2"
"3082","GCAM",2023,"RF_N2O",0.233517764996177,"W/m2"
"3083","GCAM",2024,"RF_N2O",0.236327425851108,"W/m2"
"3084","GCAM",2025,"RF_N2O",0.239159250492186,"W/m2"
"3085","GCAM",2026,"RF_N2O",0.242006977122518,"W/m2"
"3086","GCAM",2027,"RF_N2O",0.244872225472628,"W/m2"
"3087","GCAM",2028,"RF_N2O",0.247754692157269,"W/m2"
"3088","GCAM",2029,"RF_N2O",0.250654107812202,"W/m2"
"3089","GCAM",2030,"RF_N2O",0.25357021189102,"W/m2"
"3090","GCAM",2031,"RF_N2O",0.256497321395084,"W/m2"
"3091","GCAM",2032,"RF_N2O",0.259435405414205,"W/m2"
"3092","GCAM",2033,"RF_N2O",0.262384229598667,"W/m2"
"3093","GCAM",2034,"RF_N2O",0.265343516957867,"W/m2"
"3094","GCAM",2035,"RF_N2O",0.268313034682341,"W/m2"
"3095","GCAM",2036,"RF_N2O",0.27128855977458,"W/m2"
"3096","GCAM",2037,"RF_N2O",0.274270232316106,"W/m2"
"3097","GCAM",2038,"RF_N2O",0.27725779448004,"W/m2"
"3098","GCAM",2039,"RF_N2O",0.280251026940092,"W/m2"
"3099","GCAM",2040,"RF_N2O",0.283249735948116,"W/m2"
"3100","GCAM",2041,"RF_N2O",0.286254548326577,"W/m2"
"3101","GCAM",2042,"RF_N2O",0.289265234701063,"W/m2"
"3102","GCAM",2043,"RF_N2O",0.292281511715639,"W/m2"
"3103","GCAM",2044,"RF_N2O",0.295303122443385,"W/m2"
"3104","GCAM",2045,"RF_N2O",0.29832982547242,"W/m2"
"3105","GCAM",2046,"RF_N2O",0.301376469489395,"W/m2"
"3106","GCAM",2047,"RF_N2O",0.3044423711247,"W/m2"
"3107","GCAM",2048,"RF_N2O",0.307527234492547,"W/m2"
"3108","GCAM",2049,"RF_N2O",0.310630743867912,"W/m2"
"3109","GCAM",2050,"RF_N2O",0.313752582690183,"W/m2"
"3110","GCAM",2051,"RF_N2O",0.31688873925172,"W/m2"
"3111","GCAM",2052,"RF_N2O",0.320039084768479,"W/m2"
"3112","GCAM",2053,"RF_N2O",0.323203318435019,"W/m2"
"3113","GCAM",2054,"RF_N2O",0.326381153788537,"W/m2"
"3114","GCAM",2055,"RF_N2O",0.329572309748292,"W/m2"
"3115","GCAM",2056,"RF_N2O",0.332777848568049,"W/m2"
"3116","GCAM",2057,"RF_N2O",0.33599730443421,"W/m2"
"3117","GCAM",2058,"RF_N2O",0.3392304123328,"W/m2"
"3118","GCAM",2059,"RF_N2O",0.342476895674598,"W/m2"
"3119","GCAM",2060,"RF_N2O",0.34573647369228,"W/m2"
"3120","GCAM",2061,"RF_N2O",0.349005098041047,"W/m2"
"3121","GCAM",2062,"RF_N2O",0.352282734628563,"W/m2"
"3122","GCAM",2063,"RF_N2O",0.355569152054896,"W/m2"
"3123","GCAM",2064,"RF_N2O",0.358864126319564,"W/m2"
"3124","GCAM",2065,"RF_N2O",0.362167421525827,"W/m2"
"3125","GCAM",2066,"RF_N2O",0.365476349537066,"W/m2"
"3126","GCAM",2067,"RF_N2O",0.368790547988538,"W/m2"
"3127","GCAM",2068,"RF_N2O",0.372109814093397,"W/m2"
"3128","GCAM",2069,"RF_N2O",0.375433946170695,"W/m2"
"3129","GCAM",2070,"RF_N2O",0.378762748573099,"W/m2"
"3130","GCAM",2071,"RF_N2O",0.382092232660417,"W/m2"
"3131","GCAM",2072,"RF_N2O",0.385422161906974,"W/m2"
"3132","GCAM",2073,"RF_N2O",0.388752359102216,"W/m2"
"3133","GCAM",2074,"RF_N2O",0.392082660591593,"W/m2"
"3134","GCAM",2075,"RF_N2O",0.395412913593339,"W/m2"
"3135","GCAM",2076,"RF_N2O",0.398741737175222,"W/m2"
"3136","GCAM",2077,"RF_N2O",0.402068878826732,"W/m2"
"3137","GCAM",2078,"RF_N2O",0.405394105717667,"W/m2"
"3138","GCAM",2079,"RF_N2O",0.408717207093737,"W/m2"
"3139","GCAM",2080,"RF_N2O",0.412037991194719,"W/m2"
"3140","GCAM",2081,"RF_N2O",0.415352594849041,"W/m2"
"3141","GCAM",2082,"RF_N2O",0.418661256928365,"W/m2"
"3142","GCAM",2083,"RF_N2O",0.421963758593015,"W/m2"
"3143","GCAM",2084,"RF_N2O",0.425259924000126,"W/m2"
"3144","GCAM",2085,"RF_N2O",0.428549601747926,"W/m2"
"3145","GCAM",2086,"RF_N2O",0.431829114381009,"W/m2"
"3146","GCAM",2087,"RF_N2O",0.435098165319283,"W/m2"
"3147","GCAM",2088,"RF_N2O",0.438356746824743,"W/m2"
"3148","GCAM",2089,"RF_N2O",0.441604868508117,"W/m2"
"3149","GCAM",2090,"RF_N2O",0.444842537037547,"W/m2"
"3150","GCAM",2091,"RF_N2O",0.448066260840298,"W/m2"
"3151","GCAM",2092,"RF_N2O",0.45127614038332,"W/m2"
"3152","GCAM",2093,"RF_N2O",0.45447219569603,"W/m2"
"3153","GCAM",2094,"RF_N2O",0.457654455075216,"W/m2"
"3154","GCAM",2095,"RF_N2O",0.460822963382644,"W/m2"
"3155","GCAM",2096,"RF_N2O",0.463973671732222,"W/m2"
"3156","GCAM",2097,"RF_N2O",0.467106700525592,"W/m2"
"3157","GCAM",2098,"RF_N2O",0.470222115851108,"W/m2"
"3158","GCAM",2099,"RF_N2O",0.473319995538528,"W/m2"
"3159","GCAM",2100,"RF_N2O",0.476400424764561,"W/m2"
"3160","GCAM",1750,"FCH4",0,"W/m2"
"3161","GCAM",1751,"FCH4",0.00193103544608575,"W/m2"
"3162","GCAM",1752,"FCH4",0.00360105013211179,"W/m2"
"3163","GCAM",1753,"FCH4",0.00515458124956233,"W/m2"
"3164","GCAM",1754,"FCH4",0.00667873646286469,"W/m2"
"3165","GCAM",1755,"FCH4",0.00798706072163438,"W/m2"
"3166","GCAM",1756,"FCH4",0.0091090765648532,"W/m2"
"3167","GCAM",1757,"FCH4",0.0103085215512443,"W/m2"
"3168","GCAM",1758,"FCH4",0.0113117130246869,"W/m2"
"3169","GCAM",1759,"FCH4",0.0122631731403668,"W/m2"
"3170","GCAM",1760,"FCH4",0.0132051620798117,"W/m2"
"3171","GCAM",1761,"FCH4",0.0140234402933346,"W/m2"
"3172","GCAM",1762,"FCH4",0.0147255016726723,"W/m2"
"3173","GCAM",1763,"FCH4",0.015363086718731,"W/m2"
"3174","GCAM",1764,"FCH4",0.0157687269824319,"W/m2"
"3175","GCAM",1765,"FCH4",0.0163926610705217,"W/m2"
"3176","GCAM",1766,"FCH4",0.0168829913002804,"W/m2"
"3177","GCAM",1767,"FCH4",0.0173529802601457,"W/m2"
"3178","GCAM",1768,"FCH4",0.0180235490720994,"W/m2"
"3179","GCAM",1769,"FCH4",0.0185275940559099,"W/m2"
"3180","GCAM",1770,"FCH4",0.0190033060427265,"W/m2"
"3181","GCAM",1771,"FCH4",0.0193114766716614,"W/m2"
"3182","GCAM",1772,"FCH4",0.0195449221198762,"W/m2"
"3183","GCAM",1773,"FCH4",0.0198147068202679,"W/m2"
"3184","GCAM",1774,"FCH4",0.0203207290746383,"W/m2"
"3185","GCAM",1775,"FCH4",0.0207064850915456,"W/m2"
"3186","GCAM",1776,"FCH4",0.0210041173033273,"W/m2"
"3187","GCAM",1777,"FCH4",0.0214140139303062,"W/m2"
"3188","GCAM",1778,"FCH4",0.02187527511892,"W/m2"
"3189","GCAM",1779,"FCH4",0.022241550198916,"W/m2"
"3190","GCAM",1780,"FCH4",0.022727355717782,"W/m2"
"3191","GCAM",1781,"FCH4",0.0231216195237632,"W/m2"
"3192","GCAM",1782,"FCH4",0.0234826662319675,"W/m2"
"3193","GCAM",1783,"FCH4",0.0237900471429919,"W/m2"
"3194","GCAM",1784,"FCH4",0.0239802222589336,"W/m2"
"3195","GCAM",1785,"FCH4",0.0243423090618974,"W/m2"
"3196","GCAM",1786,"FCH4",0.0246349681373807,"W/m2"
"3197","GCAM",1787,"FCH4",0.0250066200058136,"W/m2"
"3198","GCAM",1788,"FCH4",0.0255891709386819,"W/m2"
"3199","GCAM",1789,"FCH4",0.0260184583468676,"W/m2"
"3200","GCAM",1790,"FCH4",0.0264561712062862,"W/m2"
"3201","GCAM",1791,"FCH4",0.0267347394191802,"W/m2"
"3202","GCAM",1792,"FCH4",0.0269590296674636,"W/m2"
"3203","GCAM",1793,"FCH4",0.0272116887170898,"W/m2"
"3204","GCAM",1794,"FCH4",0.0277166061114551,"W/m2"
"3205","GCAM",1795,"FCH4",0.0281146216139322,"W/m2"
"3206","GCAM",1796,"FCH4",0.028421114031742,"W/m2"
"3207","GCAM",1797,"FCH4",0.0288481370787075,"W/m2"
"3208","GCAM",1798,"FCH4",0.0293210837894613,"W/m2"
"3209","GCAM",1799,"FCH4",0.0297678176447349,"W/m2"
"3210","GCAM",1800,"FCH4",0.0302746596131981,"W/m2"
"3211","GCAM",1801,"FCH4",0.030707238148722,"W/m2"
"3212","GCAM",1802,"FCH4",0.0311475247159633,"W/m2"
"3213","GCAM",1803,"FCH4",0.0314917783764547,"W/m2"
"3214","GCAM",1804,"FCH4",0.0318044042073673,"W/m2"
"3215","GCAM",1805,"FCH4",0.0322549498945759,"W/m2"
"3216","GCAM",1806,"FCH4",0.0326822036431064,"W/m2"
"3217","GCAM",1807,"FCH4",0.0331558581817412,"W/m2"
"3218","GCAM",1808,"FCH4",0.0338367695876548,"W/m2"
"3219","GCAM",1809,"FCH4",0.0343809365936335,"W/m2"
"3220","GCAM",1810,"FCH4",0.0349414756142598,"W/m2"
"3221","GCAM",1811,"FCH4",0.0353792619692226,"W/m2"
"3222","GCAM",1812,"FCH4",0.0357253078186705,"W/m2"
"3223","GCAM",1813,"FCH4",0.0361366073452837,"W/m2"
"3224","GCAM",1814,"FCH4",0.0367838436996287,"W/m2"
"3225","GCAM",1815,"FCH4",0.037336318244532,"W/m2"
"3226","GCAM",1816,"FCH4",0.0378471773665423,"W/m2"
"3227","GCAM",1817,"FCH4",0.0384066040792757,"W/m2"
"3228","GCAM",1818,"FCH4",0.0390572055106808,"W/m2"
"3229","GCAM",1819,"FCH4",0.0396468539772668,"W/m2"
"3230","GCAM",1820,"FCH4",0.0403270035871241,"W/m2"
"3231","GCAM",1821,"FCH4",0.0409505197278765,"W/m2"
"3232","GCAM",1822,"FCH4",0.0415481502451412,"W/m2"
"3233","GCAM",1823,"FCH4",0.042035314486929,"W/m2"
"3234","GCAM",1824,"FCH4",0.0425249394922064,"W/m2"
"3235","GCAM",1825,"FCH4",0.0431123937107834,"W/m2"
"3236","GCAM",1826,"FCH4",0.0436638690390683,"W/m2"
"3237","GCAM",1827,"FCH4",0.0442663715780227,"W/m2"
"3238","GCAM",1828,"FCH4",0.045096921456877,"W/m2"
"3239","GCAM",1829,"FCH4",0.045789871366763,"W/m2"
"3240","GCAM",1830,"FCH4",0.0465067657063758,"W/m2"
"3241","GCAM",1831,"FCH4",0.0470670688027899,"W/m2"
"3242","GCAM",1832,"FCH4",0.0475803110155989,"W/m2"
"3243","GCAM",1833,"FCH4",0.0481510623918843,"W/m2"
"3244","GCAM",1834,"FCH4",0.0489280551654097,"W/m2"
"3245","GCAM",1835,"FCH4",0.0495931218313395,"W/m2"
"3246","GCAM",1836,"FCH4",0.0502781929423113,"W/m2"
"3247","GCAM",1837,"FCH4",0.0509991382095669,"W/m2"
"3248","GCAM",1838,"FCH4",0.0517996316108804,"W/m2"
"3249","GCAM",1839,"FCH4",0.0525535142772301,"W/m2"
"3250","GCAM",1840,"FCH4",0.0533185992693957,"W/m2"
"3251","GCAM",1841,"FCH4",0.0541257014096296,"W/m2"
"3252","GCAM",1842,"FCH4",0.0548747552871225,"W/m2"
"3253","GCAM",1843,"FCH4",0.0554844781800006,"W/m2"
"3254","GCAM",1844,"FCH4",0.05610320905978,"W/m2"
"3255","GCAM",1845,"FCH4",0.056848606258619,"W/m2"
"3256","GCAM",1846,"FCH4",0.0575528902161245,"W/m2"
"3257","GCAM",1847,"FCH4",0.0583684252743808,"W/m2"
"3258","GCAM",1848,"FCH4",0.0593601289486698,"W/m2"
"3259","GCAM",1849,"FCH4",0.0602426679097211,"W/m2"
"3260","GCAM",1850,"FCH4",0.061158418663419,"W/m2"
"3261","GCAM",1851,"FCH4",0.0618872646058509,"W/m2"
"3262","GCAM",1852,"FCH4",0.0625319280133244,"W/m2"
"3263","GCAM",1853,"FCH4",0.0632487874389331,"W/m2"
"3264","GCAM",1854,"FCH4",0.0641987404251986,"W/m2"
"3265","GCAM",1855,"FCH4",0.0650112882115775,"W/m2"
"3266","GCAM",1856,"FCH4",0.0658107178755914,"W/m2"
"3267","GCAM",1857,"FCH4",0.0667138902628688,"W/m2"
"3268","GCAM",1858,"FCH4",0.0676524130213004,"W/m2"
"3269","GCAM",1859,"FCH4",0.0685765456451969,"W/m2"
"3270","GCAM",1860,"FCH4",0.0695007162658963,"W/m2"
"3271","GCAM",1861,"FCH4",0.070481791081906,"W/m2"
"3272","GCAM",1862,"FCH4",0.0715424205132796,"W/m2"
"3273","GCAM",1863,"FCH4",0.0725508764470791,"W/m2"
"3274","GCAM",1864,"FCH4",0.0736441510942954,"W/m2"
"3275","GCAM",1865,"FCH4",0.0749794775184401,"W/m2"
"3276","GCAM",1866,"FCH4",0.0762906914424727,"W/m2"
"3277","GCAM",1867,"FCH4",0.0777594578639209,"W/m2"
"3278","GCAM",1868,"FCH4",0.0794312097079261,"W/m2"
"3279","GCAM",1869,"FCH4",0.080961174156081,"W/m2"
"3280","GCAM",1870,"FCH4",0.0826175599519694,"W/m2"
"3281","GCAM",1871,"FCH4",0.0841248403602909,"W/m2"
"3282","GCAM",1872,"FCH4",0.0855256589922229,"W/m2"
"3283","GCAM",1873,"FCH4",0.0871642706852477,"W/m2"
"3284","GCAM",1874,"FCH4",0.0889447826323623,"W/m2"
"3285","GCAM",1875,"FCH4",0.0905487094692774,"W/m2"
"3286","GCAM",1876,"FCH4",0.0922568270039,"W/m2"
"3287","GCAM",1877,"FCH4",0.0939973481957679,"W/m2"
"3288","GCAM",1878,"FCH4",0.0957810768195084,"W/m2"
"3289","GCAM",1879,"FCH4",0.0976637209039079,"W/m2"
"3290","GCAM",1880,"FCH4",0.099464056408944,"W/m2"
"3291","GCAM",1881,"FCH4",0.10127220654211,"W/m2"
"3292","GCAM",1882,"FCH4",0.103034997497367,"W/m2"
"3293","GCAM",1883,"FCH4",0.104646977375436,"W/m2"
"3294","GCAM",1884,"FCH4",0.106392068321294,"W/m2"
"3295","GCAM",1885,"FCH4",0.108197008171157,"W/m2"
"3296","GCAM",1886,"FCH4",0.109982013578405,"W/m2"
"3297","GCAM",1887,"FCH4",0.111847479676881,"W/m2"
"3298","GCAM",1888,"FCH4",0.113847171308634,"W/m2"
"3299","GCAM",1889,"FCH4",0.115748378393646,"W/m2"
"3300","GCAM",1890,"FCH4",0.117704403446596,"W/m2"
"3301","GCAM",1891,"FCH4",0.11946784933191,"W/m2"
"3302","GCAM",1892,"FCH4",0.121169286673111,"W/m2"
"3303","GCAM",1893,"FCH4",0.12297709027699,"W/m2"
"3304","GCAM",1894,"FCH4",0.125003367883419,"W/m2"
"3305","GCAM",1895,"FCH4",0.126924648597123,"W/m2"
"3306","GCAM",1896,"FCH4",0.128731973785794,"W/m2"
"3307","GCAM",1897,"FCH4",0.130670475406755,"W/m2"
"3308","GCAM",1898,"FCH4",0.132565460142902,"W/m2"
"3309","GCAM",1899,"FCH4",0.134584435313418,"W/m2"
"3310","GCAM",1900,"FCH4",0.136530566551412,"W/m2"
"3311","GCAM",1901,"FCH4",0.138360922571278,"W/m2"
"3312","GCAM",1902,"FCH4",0.140140348179623,"W/m2"
"3313","GCAM",1903,"FCH4",0.141783584549186,"W/m2"
"3314","GCAM",1904,"FCH4",0.143627820655327,"W/m2"
"3315","GCAM",1905,"FCH4",0.145478520698746,"W/m2"
"3316","GCAM",1906,"FCH4",0.147268197841019,"W/m2"
"3317","GCAM",1907,"FCH4",0.149185809849998,"W/m2"
"3318","GCAM",1908,"FCH4",0.151140304400799,"W/m2"
"3319","GCAM",1909,"FCH4",0.152984001994874,"W/m2"
"3320","GCAM",1910,"FCH4",0.154953690381321,"W/m2"
"3321","GCAM",1911,"FCH4",0.156732239754853,"W/m2"
"3322","GCAM",1912,"FCH4",0.158420211962309,"W/m2"
"3323","GCAM",1913,"FCH4",0.160231778759703,"W/m2"
"3324","GCAM",1914,"FCH4",0.16225295696473,"W/m2"
"3325","GCAM",1915,"FCH4",0.164096511411356,"W/m2"
"3326","GCAM",1916,"FCH4",0.165889416080432,"W/m2"
"3327","GCAM",1917,"FCH4",0.167749749183708,"W/m2"
"3328","GCAM",1918,"FCH4",0.169674762895789,"W/m2"
"3329","GCAM",1919,"FCH4",0.171668397508886,"W/m2"
"3330","GCAM",1920,"FCH4",0.173613843439415,"W/m2"
"3331","GCAM",1921,"FCH4",0.175394543533472,"W/m2"
"3332","GCAM",1922,"FCH4",0.177049784672386,"W/m2"
"3333","GCAM",1923,"FCH4",0.178986100487471,"W/m2"
"3334","GCAM",1924,"FCH4",0.180666410162347,"W/m2"
"3335","GCAM",1925,"FCH4",0.18234899845396,"W/m2"
"3336","GCAM",1926,"FCH4",0.183966517994634,"W/m2"
"3337","GCAM",1927,"FCH4",0.185678076071601,"W/m2"
"3338","GCAM",1928,"FCH4",0.18740044696724,"W/m2"
"3339","GCAM",1929,"FCH4",0.189205688095347,"W/m2"
"3340","GCAM",1930,"FCH4",0.191255401093515,"W/m2"
"3341","GCAM",1931,"FCH4",0.192973951856857,"W/m2"
"3342","GCAM",1932,"FCH4",0.194884606050431,"W/m2"
"3343","GCAM",1933,"FCH4",0.196755391619528,"W/m2"
"3344","GCAM",1934,"FCH4",0.198810627025444,"W/m2"
"3345","GCAM",1935,"FCH4",0.200787150025888,"W/m2"
"3346","GCAM",1936,"FCH4",0.202913604225044,"W/m2"
"3347","GCAM",1937,"FCH4",0.204884393038613,"W/m2"
"3348","GCAM",1938,"FCH4",0.206737097865524,"W/m2"
"3349","GCAM",1939,"FCH4",0.20877450924843,"W/m2"
"3350","GCAM",1940,"FCH4",0.210558221842456,"W/m2"
"3351","GCAM",1941,"FCH4",0.212492630914101,"W/m2"
"3352","GCAM",1942,"FCH4",0.214718990914191,"W/m2"
"3353","GCAM",1943,"FCH4",0.216989705110983,"W/m2"
"3354","GCAM",1944,"FCH4",0.219457046789607,"W/m2"
"3355","GCAM",1945,"FCH4",0.222043348465336,"W/m2"
"3356","GCAM",1946,"FCH4",0.224608755477862,"W/m2"
"3357","GCAM",1947,"FCH4",0.227162641064003,"W/m2"
"3358","GCAM",1948,"FCH4",0.229941888045159,"W/m2"
"3359","GCAM",1949,"FCH4",0.233094576571356,"W/m2"
"3360","GCAM",1950,"FCH4",0.236225694390628,"W/m2"
"3361","GCAM",1951,"FCH4",0.239239801723477,"W/m2"
"3362","GCAM",1952,"FCH4",0.242954818784574,"W/m2"
"3363","GCAM",1953,"FCH4",0.247226891633994,"W/m2"
"3364","GCAM",1954,"FCH4",0.251855360173339,"W/m2"
"3365","GCAM",1955,"FCH4",0.256620053468354,"W/m2"
"3366","GCAM",1956,"FCH4",0.262001972040998,"W/m2"
"3367","GCAM",1957,"FCH4",0.267796646392464,"W/m2"
"3368","GCAM",1958,"FCH4",0.272996309219649,"W/m2"
"3369","GCAM",1959,"FCH4",0.278305606436615,"W/m2"
"3370","GCAM",1960,"FCH4",0.283703422845455,"W/m2"
"3371","GCAM",1961,"FCH4",0.29016411898219,"W/m2"
"3372","GCAM",1962,"FCH4",0.295835905595923,"W/m2"
"3373","GCAM",1963,"FCH4",0.302899889608527,"W/m2"
"3374","GCAM",1964,"FCH4",0.308387950086785,"W/m2"
"3375","GCAM",1965,"FCH4",0.314361137364466,"W/m2"
"3376","GCAM",1966,"FCH4",0.320138496146711,"W/m2"
"3377","GCAM",1967,"FCH4",0.326333649362339,"W/m2"
"3378","GCAM",1968,"FCH4",0.331926984071993,"W/m2"
"3379","GCAM",1969,"FCH4",0.337501832914732,"W/m2"
"3380","GCAM",1970,"FCH4",0.343275933439452,"W/m2"
"3381","GCAM",1971,"FCH4",0.349177619333748,"W/m2"
"3382","GCAM",1972,"FCH4",0.356091955627504,"W/m2"
"3383","GCAM",1973,"FCH4",0.361838877819198,"W/m2"
"3384","GCAM",1974,"FCH4",0.367190476954192,"W/m2"
"3385","GCAM",1975,"FCH4",0.372067079561732,"W/m2"
"3386","GCAM",1976,"FCH4",0.377540519101786,"W/m2"
"3387","GCAM",1977,"FCH4",0.382989875629913,"W/m2"
"3388","GCAM",1978,"FCH4",0.388158568261018,"W/m2"
"3389","GCAM",1979,"FCH4",0.393452234831534,"W/m2"
"3390","GCAM",1980,"FCH4",0.398427522219763,"W/m2"
"3391","GCAM",1981,"FCH4",0.402321910366706,"W/m2"
"3392","GCAM",1982,"FCH4",0.408191233228846,"W/m2"
"3393","GCAM",1983,"FCH4",0.411403989816894,"W/m2"
"3394","GCAM",1984,"FCH4",0.414808816601817,"W/m2"
"3395","GCAM",1985,"FCH4",0.417943643495777,"W/m2"
"3396","GCAM",1986,"FCH4",0.421596645802674,"W/m2"
"3397","GCAM",1987,"FCH4",0.425637173309241,"W/m2"
"3398","GCAM",1988,"FCH4",0.429351220024913,"W/m2"
"3399","GCAM",1989,"FCH4",0.432857978411059,"W/m2"
"3400","GCAM",1990,"FCH4",0.436600344378145,"W/m2"
"3401","GCAM",1991,"FCH4",0.444081266958428,"W/m2"
"3402","GCAM",1992,"FCH4",0.445390899306675,"W/m2"
"3403","GCAM",1993,"FCH4",0.44653860212324,"W/m2"
"3404","GCAM",1994,"FCH4",0.450558872467594,"W/m2"
"3405","GCAM",1995,"FCH4",0.451921599270228,"W/m2"
"3406","GCAM",1996,"FCH4",0.453117972162982,"W/m2"
"3407","GCAM",1997,"FCH4",0.461123034550962,"W/m2"
"3408","GCAM",1998,"FCH4",0.4641852844294,"W/m2"
"3409","GCAM",1999,"FCH4",0.464687302477167,"W/m2"
"3410","GCAM",2000,"FCH4",0.464469996979347,"W/m2"
"3411","GCAM",2001,"FCH4",0.464673899844818,"W/m2"
"3412","GCAM",2002,"FCH4",0.467411631042352,"W/m2"
"3413","GCAM",2003,"FCH4",0.47015992030053,"W/m2"
"3414","GCAM",2004,"FCH4",0.473606463895672,"W/m2"
"3415","GCAM",2005,"FCH4",0.476728240259415,"W/m2"
"3416","GCAM",2006,"FCH4",0.47937656095205,"W/m2"
"3417","GCAM",2007,"FCH4",0.481589679523498,"W/m2"
"3418","GCAM",2008,"FCH4",0.4834161175527,"W/m2"
"3419","GCAM",2009,"FCH4",0.4849031588571,"W/m2"
"3420","GCAM",2010,"FCH4",0.486093714415011,"W/m2"
"3421","GCAM",2011,"FCH4",0.487800019247957,"W/m2"
"3422","GCAM",2012,"FCH4",0.48998922088117,"W/m2"
"3423","GCAM",2013,"FCH4",0.492594005774144,"W/m2"
"3424","GCAM",2014,"FCH4",0.495588684837305,"W/m2"
"3425","GCAM",2015,"FCH4",0.498935278282915,"W/m2"
"3426","GCAM",2016,"FCH4",0.502192476092287,"W/m2"
"3427","GCAM",2017,"FCH4",0.505368389917959,"W/m2"
"3428","GCAM",2018,"FCH4",0.508474579008018,"W/m2"
"3429","GCAM",2019,"FCH4",0.51151890938791,"W/m2"
"3430","GCAM",2020,"FCH4",0.514507862000375,"W/m2"
"3431","GCAM",2021,"FCH4",0.517446402041079,"W/m2"
"3432","GCAM",2022,"FCH4",0.520896206097833,"W/m2"
"3433","GCAM",2023,"FCH4",0.52480307603771,"W/m2"
"3434","GCAM",2024,"FCH4",0.529107628674372,"W/m2"
"3435","GCAM",2025,"FCH4",0.533764247453422,"W/m2"
"3436","GCAM",2026,"FCH4",0.538519075309814,"W/m2"
"3437","GCAM",2027,"FCH4",0.543366012706582,"W/m2"
"3438","GCAM",2028,"FCH4",0.548295472079643,"W/m2"
"3439","GCAM",2029,"FCH4",0.553298659464895,"W/m2"
"3440","GCAM",2030,"FCH4",0.558367527122958,"W/m2"
"3441","GCAM",2031,"FCH4",0.563455095335665,"W/m2"
"3442","GCAM",2032,"FCH4",0.568559047522556,"W/m2"
"3443","GCAM",2033,"FCH4",0.573677109558083,"W/m2"
"3444","GCAM",2034,"FCH4",0.578807250624521,"W/m2"
"3445","GCAM",2035,"FCH4",0.583947919321202,"W/m2"
"3446","GCAM",2036,"FCH4",0.58900929739131,"W/m2"
"3447","GCAM",2037,"FCH4",0.593998696009995,"W/m2"
"3448","GCAM",2038,"FCH4",0.59892201308509,"W/m2"
"3449","GCAM",2039,"FCH4",0.603785036858453,"W/m2"
"3450","GCAM",2040,"FCH4",0.60859280736464,"W/m2"
"3451","GCAM",2041,"FCH4",0.613266558768891,"W/m2"
"3452","GCAM",2042,"FCH4",0.617818336228743,"W/m2"
"3453","GCAM",2043,"FCH4",0.622259648885543,"W/m2"
"3454","GCAM",2044,"FCH4",0.626600434659233,"W/m2"
"3455","GCAM",2045,"FCH4",0.630849553863855,"W/m2"
"3456","GCAM",2046,"FCH4",0.635119997264625,"W/m2"
"3457","GCAM",2047,"FCH4",0.6394081548218,"W/m2"
"3458","GCAM",2048,"FCH4",0.643710546926434,"W/m2"
"3459","GCAM",2049,"FCH4",0.648024304613221,"W/m2"
"3460","GCAM",2050,"FCH4",0.652346935779974,"W/m2"
"3461","GCAM",2051,"FCH4",0.656652740977125,"W/m2"
"3462","GCAM",2052,"FCH4",0.66094204779818,"W/m2"
"3463","GCAM",2053,"FCH4",0.66521552160995,"W/m2"
"3464","GCAM",2054,"FCH4",0.669473534318454,"W/m2"
"3465","GCAM",2055,"FCH4",0.673716379856303,"W/m2"
"3466","GCAM",2056,"FCH4",0.67793795939761,"W/m2"
"3467","GCAM",2057,"FCH4",0.682139015556926,"W/m2"
"3468","GCAM",2058,"FCH4",0.686319807460605,"W/m2"
"3469","GCAM",2059,"FCH4",0.690480821948172,"W/m2"
"3470","GCAM",2060,"FCH4",0.694622568349169,"W/m2"
"3471","GCAM",2061,"FCH4",0.698717501654845,"W/m2"
"3472","GCAM",2062,"FCH4",0.702768830921923,"W/m2"
"3473","GCAM",2063,"FCH4",0.706779419150693,"W/m2"
"3474","GCAM",2064,"FCH4",0.710751853900399,"W/m2"
"3475","GCAM",2065,"FCH4",0.714688486422883,"W/m2"
"3476","GCAM",2066,"FCH4",0.718555490822117,"W/m2"
"3477","GCAM",2067,"FCH4",0.722358270963506,"W/m2"
"3478","GCAM",2068,"FCH4",0.726101539515473,"W/m2"
"3479","GCAM",2069,"FCH4",0.729789674391431,"W/m2"
"3480","GCAM",2070,"FCH4",0.733426669406096,"W/m2"
"3481","GCAM",2071,"FCH4",0.736974474065022,"W/m2"
"3482","GCAM",2072,"FCH4",0.740440381048,"W/m2"
"3483","GCAM",2073,"FCH4",0.743831124738158,"W/m2"
"3484","GCAM",2074,"FCH4",0.747152728018091,"W/m2"
"3485","GCAM",2075,"FCH4",0.750410634366987,"W/m2"
"3486","GCAM",2076,"FCH4",0.753531758581692,"W/m2"
"3487","GCAM",2077,"FCH4",0.756527980232042,"W/m2"
"3488","GCAM",2078,"FCH4",0.759410058886272,"W/m2"
"3489","GCAM",2079,"FCH4",0.762187692271089,"W/m2"
"3490","GCAM",2080,"FCH4",0.764869663786377,"W/m2"
"3491","GCAM",2081,"FCH4",0.767399562339674,"W/m2"
"3492","GCAM",2082,"FCH4",0.769790609795726,"W/m2"
"3493","GCAM",2083,"FCH4",0.772055100782743,"W/m2"
"3494","GCAM",2084,"FCH4",0.774203940670722,"W/m2"
"3495","GCAM",2085,"FCH4",0.776246968081385,"W/m2"
"3496","GCAM",2086,"FCH4",0.778218711292515,"W/m2"
"3497","GCAM",2087,"FCH4",0.780125042405333,"W/m2"
"3498","GCAM",2088,"FCH4",0.781971512246412,"W/m2"
"3499","GCAM",2089,"FCH4",0.783762785504435,"W/m2"
"3500","GCAM",2090,"FCH4",0.785503104127574,"W/m2"
"3501","GCAM",2091,"FCH4",0.787175665644701,"W/m2"
"3502","GCAM",2092,"FCH4",0.788785948176178,"W/m2"
"3503","GCAM",2093,"FCH4",0.79033903883225,"W/m2"
"3504","GCAM",2094,"FCH4",0.791839543976948,"W/m2"
"3505","GCAM",2095,"FCH4",0.793291670905634,"W/m2"
"3506","GCAM",2096,"FCH4",0.794674821943429,"W/m2"
"3507","GCAM",2097,"FCH4",0.795994622500036,"W/m2"
"3508","GCAM",2098,"FCH4",0.797256273071163,"W/m2"
"3509","GCAM",2099,"FCH4",0.798464462938255,"W/m2"
"3510","GCAM",2100,"FCH4",0.799623457583003,"W/m2"
"3511","GCAM",1750,"RF_CO2",0,"W/m2"
"3512","GCAM",1751,"RF_CO2",0.000525981945217138,"W/m2"
"3513","GCAM",1752,"RF_CO2",0.00105710095888984,"W/m2"
"3514","GCAM",1753,"RF_CO2",0.0015950247612596,"W/m2"
"3515","GCAM",1754,"RF_CO2",0.00212661416247985,"W/m2"
"3516","GCAM",1755,"RF_CO2",0.00263858324928015,"W/m2"
"3517","GCAM",1756,"RF_CO2",0.0031041805818492,"W/m2"
"3518","GCAM",1757,"RF_CO2",0.00310234189433009,"W/m2"
"3519","GCAM",1758,"RF_CO2",0.00319997063743261,"W/m2"
"3520","GCAM",1759,"RF_CO2",0.00350475921811963,"W/m2"
"3521","GCAM",1760,"RF_CO2",0.00394002739025889,"W/m2"
"3522","GCAM",1761,"RF_CO2",0.00443083149437096,"W/m2"
"3523","GCAM",1762,"RF_CO2",0.00495696431192733,"W/m2"
"3524","GCAM",1763,"RF_CO2",0.00367024453695882,"W/m2"
"3525","GCAM",1764,"RF_CO2",0.00237435481472565,"W/m2"
"3526","GCAM",1765,"RF_CO2",0.00195044884319345,"W/m2"
"3527","GCAM",1766,"RF_CO2",0.00212927463466845,"W/m2"
"3528","GCAM",1767,"RF_CO2",0.00196803382249657,"W/m2"
"3529","GCAM",1768,"RF_CO2",0.00160230013641672,"W/m2"
"3530","GCAM",1769,"RF_CO2",0.00168406769535658,"W/m2"
"3531","GCAM",1770,"RF_CO2",0.00214750740378729,"W/m2"
"3532","GCAM",1771,"RF_CO2",0.00255037817676118,"W/m2"
"3533","GCAM",1772,"RF_CO2",0.00306191457636172,"W/m2"
"3534","GCAM",1773,"RF_CO2",0.00374044912563446,"W/m2"
"3535","GCAM",1774,"RF_CO2",0.0045129048586824,"W/m2"
"3536","GCAM",1775,"RF_CO2",0.00530029218522021,"W/m2"
"3537","GCAM",1776,"RF_CO2",0.00610562736670236,"W/m2"
"3538","GCAM",1777,"RF_CO2",0.00692090053929372,"W/m2"
"3539","GCAM",1778,"RF_CO2",0.00772496379032445,"W/m2"
"3540","GCAM",1779,"RF_CO2",0.00851297736627671,"W/m2"
"3541","GCAM",1780,"RF_CO2",0.00930018933507825,"W/m2"
"3542","GCAM",1781,"RF_CO2",0.0100676591946037,"W/m2"
"3543","GCAM",1782,"RF_CO2",0.0108417011743217,"W/m2"
"3544","GCAM",1783,"RF_CO2",0.01161504139529,"W/m2"
"3545","GCAM",1784,"RF_CO2",0.00878963273246215,"W/m2"
"3546","GCAM",1785,"RF_CO2",0.00112684703090251,"W/m2"
"3547","GCAM",1786,"RF_CO2",-0.00385176112437816,"W/m2"
"3548","GCAM",1787,"RF_CO2",-0.0059333137842978,"W/m2"
"3549","GCAM",1788,"RF_CO2",-0.00605940455354067,"W/m2"
"3550","GCAM",1789,"RF_CO2",-0.00509743221814529,"W/m2"
"3551","GCAM",1790,"RF_CO2",-0.00361726477092767,"W/m2"
"3552","GCAM",1791,"RF_CO2",-0.00194150059213533,"W/m2"
"3553","GCAM",1792,"RF_CO2",-0.000195882751159999,"W/m2"
"3554","GCAM",1793,"RF_CO2",0.0015553336168285,"W/m2"
"3555","GCAM",1794,"RF_CO2",0.00328179601079288,"W/m2"
"3556","GCAM",1795,"RF_CO2",0.00495493239743186,"W/m2"
"3557","GCAM",1796,"RF_CO2",0.00660781098354791,"W/m2"
"3558","GCAM",1797,"RF_CO2",0.00800470228174045,"W/m2"
"3559","GCAM",1798,"RF_CO2",0.00909913545142459,"W/m2"
"3560","GCAM",1799,"RF_CO2",0.0102765184416576,"W/m2"
"3561","GCAM",1800,"RF_CO2",0.0116739489938685,"W/m2"
"3562","GCAM",1801,"RF_CO2",0.013216114421935,"W/m2"
"3563","GCAM",1802,"RF_CO2",0.0148381907136544,"W/m2"
"3564","GCAM",1803,"RF_CO2",0.0165111854707436,"W/m2"
"3565","GCAM",1804,"RF_CO2",0.0181895962134184,"W/m2"
"3566","GCAM",1805,"RF_CO2",0.0198905021738594,"W/m2"
"3567","GCAM",1806,"RF_CO2",0.0215919915704454,"W/m2"
"3568","GCAM",1807,"RF_CO2",0.0232490410757513,"W/m2"
"3569","GCAM",1808,"RF_CO2",0.0248764109229075,"W/m2"
"3570","GCAM",1809,"RF_CO2",0.0264466540216439,"W/m2"
"3571","GCAM",1810,"RF_CO2",0.0209408145213097,"W/m2"
"3572","GCAM",1811,"RF_CO2",0.0153965692258543,"W/m2"
"3573","GCAM",1812,"RF_CO2",0.0128923652328389,"W/m2"
"3574","GCAM",1813,"RF_CO2",0.0129965600559249,"W/m2"
"3575","GCAM",1814,"RF_CO2",0.0145979179879814,"W/m2"
"3576","GCAM",1815,"RF_CO2",0.0169138542004383,"W/m2"
"3577","GCAM",1816,"RF_CO2",0.0131256917972521,"W/m2"
"3578","GCAM",1817,"RF_CO2",0.00501958303967076,"W/m2"
"3579","GCAM",1818,"RF_CO2",0.000592730947105044,"W/m2"
"3580","GCAM",1819,"RF_CO2",0.000280229111480111,"W/m2"
"3581","GCAM",1820,"RF_CO2",0.00246417223332722,"W/m2"
"3582","GCAM",1821,"RF_CO2",0.00586319028561277,"W/m2"
"3583","GCAM",1822,"RF_CO2",0.00959655209284978,"W/m2"
"3584","GCAM",1823,"RF_CO2",0.0134230817199678,"W/m2"
"3585","GCAM",1824,"RF_CO2",0.016654930664785,"W/m2"
"3586","GCAM",1825,"RF_CO2",0.0200690676541673,"W/m2"
"3587","GCAM",1826,"RF_CO2",0.0238418488080674,"W/m2"
"3588","GCAM",1827,"RF_CO2",0.0278626307704364,"W/m2"
"3589","GCAM",1828,"RF_CO2",0.0320134812816544,"W/m2"
"3590","GCAM",1829,"RF_CO2",0.0361952814388354,"W/m2"
"3591","GCAM",1830,"RF_CO2",0.0403965114521561,"W/m2"
"3592","GCAM",1831,"RF_CO2",0.0446592360977468,"W/m2"
"3593","GCAM",1832,"RF_CO2",0.0444905170174726,"W/m2"
"3594","GCAM",1833,"RF_CO2",0.0438405368141973,"W/m2"
"3595","GCAM",1834,"RF_CO2",0.0452787442578633,"W/m2"
"3596","GCAM",1835,"RF_CO2",0.0484651390902115,"W/m2"
"3597","GCAM",1836,"RF_CO2",0.0494085437596653,"W/m2"
"3598","GCAM",1837,"RF_CO2",0.0504880796744827,"W/m2"
"3599","GCAM",1838,"RF_CO2",0.053276397279717,"W/m2"
"3600","GCAM",1839,"RF_CO2",0.0574123773248601,"W/m2"
"3601","GCAM",1840,"RF_CO2",0.0622844006997627,"W/m2"
"3602","GCAM",1841,"RF_CO2",0.0674992605523524,"W/m2"
"3603","GCAM",1842,"RF_CO2",0.0728435363505837,"W/m2"
"3604","GCAM",1843,"RF_CO2",0.0782401878811643,"W/m2"
"3605","GCAM",1844,"RF_CO2",0.0836564537761141,"W/m2"
"3606","GCAM",1845,"RF_CO2",0.0890957865622884,"W/m2"
"3607","GCAM",1846,"RF_CO2",0.0945485180753108,"W/m2"
"3608","GCAM",1847,"RF_CO2",0.099672350385371,"W/m2"
"3609","GCAM",1848,"RF_CO2",0.104783343935344,"W/m2"
"3610","GCAM",1849,"RF_CO2",0.11003457543091,"W/m2"
"3611","GCAM",1850,"RF_CO2",0.115445757061977,"W/m2"
"3612","GCAM",1851,"RF_CO2",0.120966867930072,"W/m2"
"3613","GCAM",1852,"RF_CO2",0.126413308304387,"W/m2"
"3614","GCAM",1853,"RF_CO2",0.132333517938645,"W/m2"
"3615","GCAM",1854,"RF_CO2",0.137689482334938,"W/m2"
"3616","GCAM",1855,"RF_CO2",0.142699951127894,"W/m2"
"3617","GCAM",1856,"RF_CO2",0.147691361831788,"W/m2"
"3618","GCAM",1857,"RF_CO2",0.152715098995297,"W/m2"
"3619","GCAM",1858,"RF_CO2",0.15734532111856,"W/m2"
"3620","GCAM",1859,"RF_CO2",0.161994806288196,"W/m2"
"3621","GCAM",1860,"RF_CO2",0.166799991437656,"W/m2"
"3622","GCAM",1861,"RF_CO2",0.171677389937072,"W/m2"
"3623","GCAM",1862,"RF_CO2",0.176474487047841,"W/m2"
"3624","GCAM",1863,"RF_CO2",0.179204365780879,"W/m2"
"3625","GCAM",1864,"RF_CO2",0.182013305331806,"W/m2"
"3626","GCAM",1865,"RF_CO2",0.18549867365787,"W/m2"
"3627","GCAM",1866,"RF_CO2",0.18941859212557,"W/m2"
"3628","GCAM",1867,"RF_CO2",0.193509555682483,"W/m2"
"3629","GCAM",1868,"RF_CO2",0.197635356471502,"W/m2"
"3630","GCAM",1869,"RF_CO2",0.201679422560981,"W/m2"
"3631","GCAM",1870,"RF_CO2",0.205682026884995,"W/m2"
"3632","GCAM",1871,"RF_CO2",0.209590493460588,"W/m2"
"3633","GCAM",1872,"RF_CO2",0.213655294805602,"W/m2"
"3634","GCAM",1873,"RF_CO2",0.218545371073475,"W/m2"
"3635","GCAM",1874,"RF_CO2",0.222883021693649,"W/m2"
"3636","GCAM",1875,"RF_CO2",0.227065767430796,"W/m2"
"3637","GCAM",1876,"RF_CO2",0.231311135236184,"W/m2"
"3638","GCAM",1877,"RF_CO2",0.235496281333687,"W/m2"
"3639","GCAM",1878,"RF_CO2",0.239683032763569,"W/m2"
"3640","GCAM",1879,"RF_CO2",0.243820704652525,"W/m2"
"3641","GCAM",1880,"RF_CO2",0.247967263744353,"W/m2"
"3642","GCAM",1881,"RF_CO2",0.252142678292789,"W/m2"
"3643","GCAM",1882,"RF_CO2",0.256477065757469,"W/m2"
"3644","GCAM",1883,"RF_CO2",0.260366442066133,"W/m2"
"3645","GCAM",1884,"RF_CO2",0.26333870197911,"W/m2"
"3646","GCAM",1885,"RF_CO2",0.263027959103731,"W/m2"
"3647","GCAM",1886,"RF_CO2",0.263771461608302,"W/m2"
"3648","GCAM",1887,"RF_CO2",0.266173645405974,"W/m2"
"3649","GCAM",1888,"RF_CO2",0.26942194365086,"W/m2"
"3650","GCAM",1889,"RF_CO2",0.273397832255367,"W/m2"
"3651","GCAM",1890,"RF_CO2",0.277610161351694,"W/m2"
"3652","GCAM",1891,"RF_CO2",0.281818682647382,"W/m2"
"3653","GCAM",1892,"RF_CO2",0.285670386965069,"W/m2"
"3654","GCAM",1893,"RF_CO2",0.289780454963943,"W/m2"
"3655","GCAM",1894,"RF_CO2",0.294081714099368,"W/m2"
"3656","GCAM",1895,"RF_CO2",0.298671807748588,"W/m2"
"3657","GCAM",1896,"RF_CO2",0.303433086081672,"W/m2"
"3658","GCAM",1897,"RF_CO2",0.308238191828594,"W/m2"
"3659","GCAM",1898,"RF_CO2",0.31311820448209,"W/m2"
"3660","GCAM",1899,"RF_CO2",0.318094128909151,"W/m2"
"3661","GCAM",1900,"RF_CO2",0.323272260670594,"W/m2"
"3662","GCAM",1901,"RF_CO2",0.328537905485788,"W/m2"
"3663","GCAM",1902,"RF_CO2",0.334379768978545,"W/m2"
"3664","GCAM",1903,"RF_CO2",0.34003518350125,"W/m2"
"3665","GCAM",1904,"RF_CO2",0.344654432564199,"W/m2"
"3666","GCAM",1905,"RF_CO2",0.349581944594542,"W/m2"
"3667","GCAM",1906,"RF_CO2",0.355809859676191,"W/m2"
"3668","GCAM",1907,"RF_CO2",0.362683478297424,"W/m2"
"3669","GCAM",1908,"RF_CO2",0.369940720904346,"W/m2"
"3670","GCAM",1909,"RF_CO2",0.376851627346639,"W/m2"
"3671","GCAM",1910,"RF_CO2",0.383923986421454,"W/m2"
"3672","GCAM",1911,"RF_CO2",0.391092553102336,"W/m2"
"3673","GCAM",1912,"RF_CO2",0.397643490425865,"W/m2"
"3674","GCAM",1913,"RF_CO2",0.403160147983515,"W/m2"
"3675","GCAM",1914,"RF_CO2",0.408360193855868,"W/m2"
"3676","GCAM",1915,"RF_CO2",0.413131683615888,"W/m2"
"3677","GCAM",1916,"RF_CO2",0.41811422105378,"W/m2"
"3678","GCAM",1917,"RF_CO2",0.423692082976604,"W/m2"
"3679","GCAM",1918,"RF_CO2",0.42940600648721,"W/m2"
"3680","GCAM",1919,"RF_CO2",0.43489266031088,"W/m2"
"3681","GCAM",1920,"RF_CO2",0.439470101512162,"W/m2"
"3682","GCAM",1921,"RF_CO2",0.444987109275875,"W/m2"
"3683","GCAM",1922,"RF_CO2",0.449902149908229,"W/m2"
"3684","GCAM",1923,"RF_CO2",0.454887011981211,"W/m2"
"3685","GCAM",1924,"RF_CO2",0.460642032851308,"W/m2"
"3686","GCAM",1925,"RF_CO2",0.466432660268679,"W/m2"
"3687","GCAM",1926,"RF_CO2",0.47221781266459,"W/m2"
"3688","GCAM",1927,"RF_CO2",0.477778538758985,"W/m2"
"3689","GCAM",1928,"RF_CO2",0.484314370844964,"W/m2"
"3690","GCAM",1929,"RF_CO2",0.490610694805984,"W/m2"
"3691","GCAM",1930,"RF_CO2",0.497242470078147,"W/m2"
"3692","GCAM",1931,"RF_CO2",0.503805106773805,"W/m2"
"3693","GCAM",1932,"RF_CO2",0.509622190169026,"W/m2"
"3694","GCAM",1933,"RF_CO2",0.513678020423953,"W/m2"
"3695","GCAM",1934,"RF_CO2",0.518211287751145,"W/m2"
"3696","GCAM",1935,"RF_CO2",0.523255602087642,"W/m2"
"3697","GCAM",1936,"RF_CO2",0.528549535006272,"W/m2"
"3698","GCAM",1937,"RF_CO2",0.534522254036952,"W/m2"
"3699","GCAM",1938,"RF_CO2",0.54070701528794,"W/m2"
"3700","GCAM",1939,"RF_CO2",0.546203128236692,"W/m2"
"3701","GCAM",1940,"RF_CO2",0.552123002598581,"W/m2"
"3702","GCAM",1941,"RF_CO2",0.558524664754156,"W/m2"
"3703","GCAM",1942,"RF_CO2",0.564742565161916,"W/m2"
"3704","GCAM",1943,"RF_CO2",0.570941176351451,"W/m2"
"3705","GCAM",1944,"RF_CO2",0.577285459920548,"W/m2"
"3706","GCAM",1945,"RF_CO2",0.583413132020949,"W/m2"
"3707","GCAM",1946,"RF_CO2",0.587856830730692,"W/m2"
"3708","GCAM",1947,"RF_CO2",0.59400488726245,"W/m2"
"3709","GCAM",1948,"RF_CO2",0.601421156770449,"W/m2"
"3710","GCAM",1949,"RF_CO2",0.609321702421061,"W/m2"
"3711","GCAM",1950,"RF_CO2",0.61682313969497,"W/m2"
"3712","GCAM",1951,"RF_CO2",0.625593607751102,"W/m2"
"3713","GCAM",1952,"RF_CO2",0.636756735674486,"W/m2"
"3714","GCAM",1953,"RF_CO2",0.647904854697823,"W/m2"
"3715","GCAM",1954,"RF_CO2",0.659039056748339,"W/m2"
"3716","GCAM",1955,"RF_CO2",0.670637440586288,"W/m2"
"3717","GCAM",1956,"RF_CO2",0.683606423873705,"W/m2"
"3718","GCAM",1957,"RF_CO2",0.697654352887362,"W/m2"
"3719","GCAM",1958,"RF_CO2",0.712057988525751,"W/m2"
"3720","GCAM",1959,"RF_CO2",0.727011157266913,"W/m2"
"3721","GCAM",1960,"RF_CO2",0.742053789574492,"W/m2"
"3722","GCAM",1961,"RF_CO2",0.757450892812783,"W/m2"
"3723","GCAM",1962,"RF_CO2",0.772852149173315,"W/m2"
"3724","GCAM",1963,"RF_CO2",0.78822542840695,"W/m2"
"3725","GCAM",1964,"RF_CO2",0.802935052967922,"W/m2"
"3726","GCAM",1965,"RF_CO2",0.817945863363543,"W/m2"
"3727","GCAM",1966,"RF_CO2",0.83433679579342,"W/m2"
"3728","GCAM",1967,"RF_CO2",0.852361054328912,"W/m2"
"3729","GCAM",1968,"RF_CO2",0.871099456454086,"W/m2"
"3730","GCAM",1969,"RF_CO2",0.890552962166947,"W/m2"
"3731","GCAM",1970,"RF_CO2",0.91125579255754,"W/m2"
"3732","GCAM",1971,"RF_CO2",0.933161045451928,"W/m2"
"3733","GCAM",1972,"RF_CO2",0.954577693633084,"W/m2"
"3734","GCAM",1973,"RF_CO2",0.976238784561984,"W/m2"
"3735","GCAM",1974,"RF_CO2",0.999404473919543,"W/m2"
"3736","GCAM",1975,"RF_CO2",1.02140715941244,"W/m2"
"3737","GCAM",1976,"RF_CO2",1.04227915479254,"W/m2"
"3738","GCAM",1977,"RF_CO2",1.06490784558471,"W/m2"
"3739","GCAM",1978,"RF_CO2",1.08859802012546,"W/m2"
"3740","GCAM",1979,"RF_CO2",1.11294126334879,"W/m2"
"3741","GCAM",1980,"RF_CO2",1.13734587981163,"W/m2"
"3742","GCAM",1981,"RF_CO2",1.16035787157517,"W/m2"
"3743","GCAM",1982,"RF_CO2",1.1820552708576,"W/m2"
"3744","GCAM",1983,"RF_CO2",1.20245283071367,"W/m2"
"3745","GCAM",1984,"RF_CO2",1.2227334362576,"W/m2"
"3746","GCAM",1985,"RF_CO2",1.24403530762165,"W/m2"
"3747","GCAM",1986,"RF_CO2",1.26612950531944,"W/m2"
"3748","GCAM",1987,"RF_CO2",1.28895513944404,"W/m2"
"3749","GCAM",1988,"RF_CO2",1.31242960496292,"W/m2"
"3750","GCAM",1989,"RF_CO2",1.33687546751585,"W/m2"
"3751","GCAM",1990,"RF_CO2",1.36153626484642,"W/m2"
"3752","GCAM",1991,"RF_CO2",1.38487881918401,"W/m2"
"3753","GCAM",1992,"RF_CO2",1.40811462110317,"W/m2"
"3754","GCAM",1993,"RF_CO2",1.42791376268965,"W/m2"
"3755","GCAM",1994,"RF_CO2",1.44665022495808,"W/m2"
"3756","GCAM",1995,"RF_CO2",1.46709447258813,"W/m2"
"3757","GCAM",1996,"RF_CO2",1.48932252505337,"W/m2"
"3758","GCAM",1997,"RF_CO2",1.51273786965498,"W/m2"
"3759","GCAM",1998,"RF_CO2",1.54176026261974,"W/m2"
"3760","GCAM",1999,"RF_CO2",1.56658958136841,"W/m2"
"3761","GCAM",2000,"RF_CO2",1.59071995267302,"W/m2"
"3762","GCAM",2001,"RF_CO2",1.61605120498385,"W/m2"
"3763","GCAM",2002,"RF_CO2",1.64021413515262,"W/m2"
"3764","GCAM",2003,"RF_CO2",1.66593822086745,"W/m2"
"3765","GCAM",2004,"RF_CO2",1.69247895154966,"W/m2"
"3766","GCAM",2005,"RF_CO2",1.7222907956944,"W/m2"
"3767","GCAM",2006,"RF_CO2",1.75166592379047,"W/m2"
"3768","GCAM",2007,"RF_CO2",1.78288397822806,"W/m2"
"3769","GCAM",2008,"RF_CO2",1.81593464332933,"W/m2"
"3770","GCAM",2009,"RF_CO2",1.85078396391051,"W/m2"
"3771","GCAM",2010,"RF_CO2",1.88731648305906,"W/m2"
"3772","GCAM",2011,"RF_CO2",1.92553409649196,"W/m2"
"3773","GCAM",2012,"RF_CO2",1.96466892805049,"W/m2"
"3774","GCAM",2013,"RF_CO2",2.00479930218033,"W/m2"
"3775","GCAM",2014,"RF_CO2",2.04595105300496,"W/m2"
"3776","GCAM",2015,"RF_CO2",2.08805685217461,"W/m2"
"3777","GCAM",2016,"RF_CO2",2.13108304365259,"W/m2"
"3778","GCAM",2017,"RF_CO2",2.17268112926707,"W/m2"
"3779","GCAM",2018,"RF_CO2",2.21295748829559,"W/m2"
"3780","GCAM",2019,"RF_CO2",2.25194604120143,"W/m2"
"3781","GCAM",2020,"RF_CO2",2.28960739109249,"W/m2"
"3782","GCAM",2021,"RF_CO2",2.32590279316968,"W/m2"
"3783","GCAM",2022,"RF_CO2",2.36079830263107,"W/m2"
"3784","GCAM",2023,"RF_CO2",2.39710290482634,"W/m2"
"3785","GCAM",2024,"RF_CO2",2.43471573238563,"W/m2"
"3786","GCAM",2025,"RF_CO2",2.47361165534917,"W/m2"
"3787","GCAM",2026,"RF_CO2",2.51381689222793,"W/m2"
"3788","GCAM",2027,"RF_CO2",2.55389905919964,"W/m2"
"3789","GCAM",2028,"RF_CO2",2.59390823762389,"W/m2"
"3790","GCAM",2029,"RF_CO2",2.63386593186389,"W/m2"
"3791","GCAM",2030,"RF_CO2",2.67378437759147,"W/m2"
"3792","GCAM",2031,"RF_CO2",2.71367241326708,"W/m2"
"3793","GCAM",2032,"RF_CO2",2.75340657231149,"W/m2"
"3794","GCAM",2033,"RF_CO2",2.79300580304503,"W/m2"
"3795","GCAM",2034,"RF_CO2",2.83251548992998,"W/m2"
"3796","GCAM",2035,"RF_CO2",2.87194745063758,"W/m2"
"3797","GCAM",2036,"RF_CO2",2.91130162713739,"W/m2"
"3798","GCAM",2037,"RF_CO2",2.95034516620518,"W/m2"
"3799","GCAM",2038,"RF_CO2",2.98911419938677,"W/m2"
"3800","GCAM",2039,"RF_CO2",3.02761906431639,"W/m2"
"3801","GCAM",2040,"RF_CO2",3.06586128507047,"W/m2"
"3802","GCAM",2041,"RF_CO2",3.10384466415044,"W/m2"
"3803","GCAM",2042,"RF_CO2",3.14154678470428,"W/m2"
"3804","GCAM",2043,"RF_CO2",3.17897811467932,"W/m2"
"3805","GCAM",2044,"RF_CO2",3.21614721202397,"W/m2"
"3806","GCAM",2045,"RF_CO2",3.2530620928698,"W/m2"
"3807","GCAM",2046,"RF_CO2",3.2897301853832,"W/m2"
"3808","GCAM",2047,"RF_CO2",3.3263681836235,"W/m2"
"3809","GCAM",2048,"RF_CO2",3.36297724637112,"W/m2"
"3810","GCAM",2049,"RF_CO2",3.39956530365004,"W/m2"
"3811","GCAM",2050,"RF_CO2",3.43613910736479,"W/m2"
"3812","GCAM",2051,"RF_CO2",3.47270481392235,"W/m2"
"3813","GCAM",2052,"RF_CO2",3.50918488610222,"W/m2"
"3814","GCAM",2053,"RF_CO2",3.54558922024207,"W/m2"
"3815","GCAM",2054,"RF_CO2",3.58192474657214,"W/m2"
"3816","GCAM",2055,"RF_CO2",3.61819765411896,"W/m2"
"3817","GCAM",2056,"RF_CO2",3.65441562575768,"W/m2"
"3818","GCAM",2057,"RF_CO2",3.69066418813115,"W/m2"
"3819","GCAM",2058,"RF_CO2",3.72693693681791,"W/m2"
"3820","GCAM",2059,"RF_CO2",3.76323184535638,"W/m2"
"3821","GCAM",2060,"RF_CO2",3.79954981967725,"W/m2"
"3822","GCAM",2061,"RF_CO2",3.83588928493765,"W/m2"
"3823","GCAM",2062,"RF_CO2",3.8721498967316,"W/m2"
"3824","GCAM",2063,"RF_CO2",3.90832705259881,"W/m2"
"3825","GCAM",2064,"RF_CO2",3.94441608338285,"W/m2"
"3826","GCAM",2065,"RF_CO2",3.98042029881531,"W/m2"
"3827","GCAM",2066,"RF_CO2",4.01633324838154,"W/m2"
"3828","GCAM",2067,"RF_CO2",4.05220963404742,"W/m2"
"3829","GCAM",2068,"RF_CO2",4.08804125956737,"W/m2"
"3830","GCAM",2069,"RF_CO2",4.12382235390838,"W/m2"
"3831","GCAM",2070,"RF_CO2",4.15954815198623,"W/m2"
"3832","GCAM",2071,"RF_CO2",4.19521448295586,"W/m2"
"3833","GCAM",2072,"RF_CO2",4.23083528346963,"W/m2"
"3834","GCAM",2073,"RF_CO2",4.26640402545566,"W/m2"
"3835","GCAM",2074,"RF_CO2",4.30191471783579,"W/m2"
"3836","GCAM",2075,"RF_CO2",4.33736179812432,"W/m2"
"3837","GCAM",2076,"RF_CO2",4.37274238980692,"W/m2"
"3838","GCAM",2077,"RF_CO2",4.40805577224912,"W/m2"
"3839","GCAM",2078,"RF_CO2",4.44330165163037,"W/m2"
"3840","GCAM",2079,"RF_CO2",4.47847918233539,"W/m2"
"3841","GCAM",2080,"RF_CO2",4.51358701842027,"W/m2"
"3842","GCAM",2081,"RF_CO2",4.54862403994256,"W/m2"
"3843","GCAM",2082,"RF_CO2",4.58342497429337,"W/m2"
"3844","GCAM",2083,"RF_CO2",4.61799849294463,"W/m2"
"3845","GCAM",2084,"RF_CO2",4.65234817570829,"W/m2"
"3846","GCAM",2085,"RF_CO2",4.6864763334731,"W/m2"
"3847","GCAM",2086,"RF_CO2",4.72039053393493,"W/m2"
"3848","GCAM",2087,"RF_CO2",4.75418370748297,"W/m2"
"3849","GCAM",2088,"RF_CO2",4.78784862918362,"W/m2"
"3850","GCAM",2089,"RF_CO2",4.82137991338101,"W/m2"
"3851","GCAM",2090,"RF_CO2",4.85477595977484,"W/m2"
"3852","GCAM",2091,"RF_CO2",4.88803492169477,"W/m2"
"3853","GCAM",2092,"RF_CO2",4.92113084946092,"W/m2"
"3854","GCAM",2093,"RF_CO2",4.95406642415928,"W/m2"
"3855","GCAM",2094,"RF_CO2",4.98684450873581,"W/m2"
"3856","GCAM",2095,"RF_CO2",5.01946484732169,"W/m2"
"3857","GCAM",2096,"RF_CO2",5.05192720315361,"W/m2"
"3858","GCAM",2097,"RF_CO2",5.08421432697241,"W/m2"
"3859","GCAM",2098,"RF_CO2",5.11632822520866,"W/m2"
"3860","GCAM",2099,"RF_CO2",5.14827029415679,"W/m2"
"3861","GCAM",2100,"RF_CO2",5.18004196078354,"W/m2"
"3862","GCAM",1750,"RF_tot",0,"W/m2"
"3863","GCAM",1751,"RF_tot",0.00806701795579423,"W/m2"
"3864","GCAM",1752,"RF_tot",0.014107121541397,"W/m2"
"3865","GCAM",1753,"RF_tot",0.0131713220653973,"W/m2"
"3866","GCAM",1754,"RF_tot",0.00760573766916783,"W/m2"
"3867","GCAM",1755,"RF_tot",-0.00930968128224463,"W/m2"
"3868","GCAM",1756,"RF_tot",-0.231251318315154,"W/m2"
"3869","GCAM",1757,"RF_tot",-0.107960508264407,"W/m2"
"3870","GCAM",1758,"RF_tot",-0.0253275845669181,"W/m2"
"3871","GCAM",1759,"RF_tot",0.00190435046032911,"W/m2"
"3872","GCAM",1760,"RF_tot",0.007146916530123,"W/m2"
"3873","GCAM",1761,"RF_tot",0.015567698541793,"W/m2"
"3874","GCAM",1762,"RF_tot",-0.885568824045855,"W/m2"
"3875","GCAM",1763,"RF_tot",-0.605997758137725,"W/m2"
"3876","GCAM",1764,"RF_tot",-0.193784824575729,"W/m2"
"3877","GCAM",1765,"RF_tot",-0.060147390868281,"W/m2"
"3878","GCAM",1766,"RF_tot",-0.340484178965816,"W/m2"
"3879","GCAM",1767,"RF_tot",-0.392755734254028,"W/m2"
"3880","GCAM",1768,"RF_tot",-0.145236640463827,"W/m2"
"3881","GCAM",1769,"RF_tot",-0.0365819191268932,"W/m2"
"3882","GCAM",1770,"RF_tot",-0.132025193007037,"W/m2"
"3883","GCAM",1771,"RF_tot",-0.0704122439433654,"W/m2"
"3884","GCAM",1772,"RF_tot",-0.00340005594492077,"W/m2"
"3885","GCAM",1773,"RF_tot",0.0181528807054647,"W/m2"
"3886","GCAM",1774,"RF_tot",0.0137945232604288,"W/m2"
"3887","GCAM",1775,"RF_tot",0.0244476019067912,"W/m2"
"3888","GCAM",1776,"RF_tot",0.0289782591237366,"W/m2"
"3889","GCAM",1777,"RF_tot",0.0264294398719962,"W/m2"
"3890","GCAM",1778,"RF_tot",0.0237705049400885,"W/m2"
"3891","GCAM",1779,"RF_tot",0.0289130623026268,"W/m2"
"3892","GCAM",1780,"RF_tot",0.0217930294463757,"W/m2"
"3893","GCAM",1781,"RF_tot",0.0281081945792954,"W/m2"
"3894","GCAM",1782,"RF_tot",0.0294109577060524,"W/m2"
"3895","GCAM",1783,"RF_tot",-1.76052477525652,"W/m2"
"3896","GCAM",1784,"RF_tot",-3.63460012317297,"W/m2"
"3897","GCAM",1785,"RF_tot",-1.48864341647854,"W/m2"
"3898","GCAM",1786,"RF_tot",-0.652011388986248,"W/m2"
"3899","GCAM",1787,"RF_tot",-0.26721131647561,"W/m2"
"3900","GCAM",1788,"RF_tot",-0.093635933287961,"W/m2"
"3901","GCAM",1789,"RF_tot",-0.022432612358753,"W/m2"
"3902","GCAM",1790,"RF_tot",0.000337811562982626,"W/m2"
"3903","GCAM",1791,"RF_tot",0.0175889029937184,"W/m2"
"3904","GCAM",1792,"RF_tot",0.0254685388120424,"W/m2"
"3905","GCAM",1793,"RF_tot",0.0266849344041602,"W/m2"
"3906","GCAM",1794,"RF_tot",0.0154729679957701,"W/m2"
"3907","GCAM",1795,"RF_tot",0.0241781032927528,"W/m2"
"3908","GCAM",1796,"RF_tot",-0.10064809671162,"W/m2"
"3909","GCAM",1797,"RF_tot",-0.201727498785484,"W/m2"
"3910","GCAM",1798,"RF_tot",-0.103291808845471,"W/m2"
"3911","GCAM",1799,"RF_tot",-0.0187544565142448,"W/m2"
"3912","GCAM",1800,"RF_tot",0.00822420827727433,"W/m2"
"3913","GCAM",1801,"RF_tot",0.0251378530246225,"W/m2"
"3914","GCAM",1802,"RF_tot",0.0282375421600507,"W/m2"
"3915","GCAM",1803,"RF_tot",0.03622285319602,"W/m2"
"3916","GCAM",1804,"RF_tot",0.043427887928543,"W/m2"
"3917","GCAM",1805,"RF_tot",0.0359561386939389,"W/m2"
"3918","GCAM",1806,"RF_tot",0.041912717317385,"W/m2"
"3919","GCAM",1807,"RF_tot",0.0406380267788253,"W/m2"
"3920","GCAM",1808,"RF_tot",0.0323225804310534,"W/m2"
"3921","GCAM",1809,"RF_tot",-3.51277458432361,"W/m2"
"3922","GCAM",1810,"RF_tot",-2.46741797774182,"W/m2"
"3923","GCAM",1811,"RF_tot",-0.864500299839543,"W/m2"
"3924","GCAM",1812,"RF_tot",-0.268184894845938,"W/m2"
"3925","GCAM",1813,"RF_tot",-0.0691332856996849,"W/m2"
"3926","GCAM",1814,"RF_tot",-0.0118288975859702,"W/m2"
"3927","GCAM",1815,"RF_tot",-3.49651432073487,"W/m2"
"3928","GCAM",1816,"RF_tot",-4.48693748876225,"W/m2"
"3929","GCAM",1817,"RF_tot",-1.6861956337582,"W/m2"
"3930","GCAM",1818,"RF_tot",-0.571699663636865,"W/m2"
"3931","GCAM",1819,"RF_tot",-0.183627101279263,"W/m2"
"3932","GCAM",1820,"RF_tot",-0.0576081268569817,"W/m2"
"3933","GCAM",1821,"RF_tot",-0.109969336839212,"W/m2"
"3934","GCAM",1822,"RF_tot",-0.101668955344656,"W/m2"
"3935","GCAM",1823,"RF_tot",-0.427989546632539,"W/m2"
"3936","GCAM",1824,"RF_tot",-0.180732529340471,"W/m2"
"3937","GCAM",1825,"RF_tot",-0.0448686664980655,"W/m2"
"3938","GCAM",1826,"RF_tot",0.0134990707300848,"W/m2"
"3939","GCAM",1827,"RF_tot",0.0314424003580864,"W/m2"
"3940","GCAM",1828,"RF_tot",0.0296303542969789,"W/m2"
"3941","GCAM",1829,"RF_tot",0.0406507282314534,"W/m2"
"3942","GCAM",1830,"RF_tot",0.0423204978424807,"W/m2"
"3943","GCAM",1831,"RF_tot",-2.37461966970911,"W/m2"
"3944","GCAM",1832,"RF_tot",-1.62561086596305,"W/m2"
"3945","GCAM",1833,"RF_tot",-0.550009432774167,"W/m2"
"3946","GCAM",1834,"RF_tot",-0.159375849911722,"W/m2"
"3947","GCAM",1835,"RF_tot",-1.79328668228558,"W/m2"
"3948","GCAM",1836,"RF_tot",-1.19976666187875,"W/m2"
"3949","GCAM",1837,"RF_tot",-0.39494846409608,"W/m2"
"3950","GCAM",1838,"RF_tot",-0.099218176498415,"W/m2"
"3951","GCAM",1839,"RF_tot",0.00777539008925676,"W/m2"
"3952","GCAM",1840,"RF_tot",0.0439447064777714,"W/m2"
"3953","GCAM",1841,"RF_tot",0.0598091162966192,"W/m2"
"3954","GCAM",1842,"RF_tot",0.0698034072188016,"W/m2"
"3955","GCAM",1843,"RF_tot",0.0831492167234438,"W/m2"
"3956","GCAM",1844,"RF_tot",0.0913445824416319,"W/m2"
"3957","GCAM",1845,"RF_tot",0.0870619995981161,"W/m2"
"3958","GCAM",1846,"RF_tot",-0.0843251541615275,"W/m2"
"3959","GCAM",1847,"RF_tot",-0.0293460638563345,"W/m2"
"3960","GCAM",1848,"RF_tot",0.0473010316654137,"W/m2"
"3961","GCAM",1849,"RF_tot",0.0863157579972134,"W/m2"
"3962","GCAM",1850,"RF_tot",0.0990880088118191,"W/m2"
"3963","GCAM",1851,"RF_tot",0.117902158309228,"W/m2"
"3964","GCAM",1852,"RF_tot",0.122903972571604,"W/m2"
"3965","GCAM",1853,"RF_tot",-0.0385882659180539,"W/m2"
"3966","GCAM",1854,"RF_tot",-0.0780477057224758,"W/m2"
"3967","GCAM",1855,"RF_tot",0.0618561362571102,"W/m2"
"3968","GCAM",1856,"RF_tot",0.0742631751722629,"W/m2"
"3969","GCAM",1857,"RF_tot",-0.0913469297417833,"W/m2"
"3970","GCAM",1858,"RF_tot",0.0417362569967696,"W/m2"
"3971","GCAM",1859,"RF_tot",0.111868389265251,"W/m2"
"3972","GCAM",1860,"RF_tot",0.135749710676511,"W/m2"
"3973","GCAM",1861,"RF_tot",0.0829840726121651,"W/m2"
"3974","GCAM",1862,"RF_tot",-0.652838202201207,"W/m2"
"3975","GCAM",1863,"RF_tot",-0.279922457644858,"W/m2"
"3976","GCAM",1864,"RF_tot",0.020229408509564,"W/m2"
"3977","GCAM",1865,"RF_tot",0.116890106023769,"W/m2"
"3978","GCAM",1866,"RF_tot",0.157850095203961,"W/m2"
"3979","GCAM",1867,"RF_tot",0.164414146482616,"W/m2"
"3980","GCAM",1868,"RF_tot",0.163450043187218,"W/m2"
"3981","GCAM",1869,"RF_tot",0.173999254694456,"W/m2"
"3982","GCAM",1870,"RF_tot",0.172046146638464,"W/m2"
"3983","GCAM",1871,"RF_tot",0.18377270418468,"W/m2"
"3984","GCAM",1872,"RF_tot",0.189297847915159,"W/m2"
"3985","GCAM",1873,"RF_tot",-0.0228746370647848,"W/m2"
"3986","GCAM",1874,"RF_tot",0.0954000779493271,"W/m2"
"3987","GCAM",1875,"RF_tot",0.125143770085142,"W/m2"
"3988","GCAM",1876,"RF_tot",0.134489669791686,"W/m2"
"3989","GCAM",1877,"RF_tot",0.177844541589932,"W/m2"
"3990","GCAM",1878,"RF_tot",0.196137890230212,"W/m2"
"3991","GCAM",1879,"RF_tot",0.195857987101642,"W/m2"
"3992","GCAM",1880,"RF_tot",0.159126519222134,"W/m2"
"3993","GCAM",1881,"RF_tot",0.159809168408878,"W/m2"
"3994","GCAM",1882,"RF_tot",0.202393510257983,"W/m2"
"3995","GCAM",1883,"RF_tot",-0.301523581935365,"W/m2"
"3996","GCAM",1884,"RF_tot",-1.79246556769976,"W/m2"
"3997","GCAM",1885,"RF_tot",-0.623273961637425,"W/m2"
"3998","GCAM",1886,"RF_tot",-0.0614888550411579,"W/m2"
"3999","GCAM",1887,"RF_tot",-0.0059002853361867,"W/m2"
"4000","GCAM",1888,"RF_tot",0.14116544629915,"W/m2"
"4001","GCAM",1889,"RF_tot",0.201778754252629,"W/m2"
"4002","GCAM",1890,"RF_tot",0.0785817722482087,"W/m2"
"4003","GCAM",1891,"RF_tot",-0.0839961474708413,"W/m2"
"4004","GCAM",1892,"RF_tot",0.102634433640252,"W/m2"
"4005","GCAM",1893,"RF_tot",0.213691416189443,"W/m2"
"4006","GCAM",1894,"RF_tot",0.210430779232339,"W/m2"
"4007","GCAM",1895,"RF_tot",0.215417206816382,"W/m2"
"4008","GCAM",1896,"RF_tot",0.220738654449441,"W/m2"
"4009","GCAM",1897,"RF_tot",0.216010867586948,"W/m2"
"4010","GCAM",1898,"RF_tot",0.215833588066069,"W/m2"
"4011","GCAM",1899,"RF_tot",0.199922159086277,"W/m2"
"4012","GCAM",1900,"RF_tot",0.198724761076524,"W/m2"
"4013","GCAM",1901,"RF_tot",0.203393994764665,"W/m2"
"4014","GCAM",1902,"RF_tot",0.103217960860923,"W/m2"
"4015","GCAM",1903,"RF_tot",-0.702039051550667,"W/m2"
"4016","GCAM",1904,"RF_tot",-0.265446382287489,"W/m2"
"4017","GCAM",1905,"RF_tot",0.0671800576948782,"W/m2"
"4018","GCAM",1906,"RF_tot",0.162369769697079,"W/m2"
"4019","GCAM",1907,"RF_tot",0.0236424526710242,"W/m2"
"4020","GCAM",1908,"RF_tot",0.106169399440418,"W/m2"
"4021","GCAM",1909,"RF_tot",0.170551431315783,"W/m2"
"4022","GCAM",1910,"RF_tot",0.158240498854765,"W/m2"
"4023","GCAM",1911,"RF_tot",0.174843772930443,"W/m2"
"4024","GCAM",1912,"RF_tot",-0.265825554380682,"W/m2"
"4025","GCAM",1913,"RF_tot",-0.343217459890355,"W/m2"
"4026","GCAM",1914,"RF_tot",0.0106351107911264,"W/m2"
"4027","GCAM",1915,"RF_tot",0.17035385712948,"W/m2"
"4028","GCAM",1916,"RF_tot",0.176703746011067,"W/m2"
"4029","GCAM",1917,"RF_tot",0.169068078595775,"W/m2"
"4030","GCAM",1918,"RF_tot",0.176706682413621,"W/m2"
"4031","GCAM",1919,"RF_tot",0.233253471707477,"W/m2"
"4032","GCAM",1920,"RF_tot",0.208916385518688,"W/m2"
"4033","GCAM",1921,"RF_tot",0.275400817954441,"W/m2"
"4034","GCAM",1922,"RF_tot",0.170120491586258,"W/m2"
"4035","GCAM",1923,"RF_tot",0.149787503874941,"W/m2"
"4036","GCAM",1924,"RF_tot",0.235459220809735,"W/m2"
"4037","GCAM",1925,"RF_tot",0.240128577273586,"W/m2"
"4038","GCAM",1926,"RF_tot",0.246207420068766,"W/m2"
"4039","GCAM",1927,"RF_tot",0.228932342935543,"W/m2"
"4040","GCAM",1928,"RF_tot",0.212376003606294,"W/m2"
"4041","GCAM",1929,"RF_tot",0.0364581014876277,"W/m2"
"4042","GCAM",1930,"RF_tot",0.235680124623147,"W/m2"
"4043","GCAM",1931,"RF_tot",0.310474163050296,"W/m2"
"4044","GCAM",1932,"RF_tot",0.210832152895889,"W/m2"
"4045","GCAM",1933,"RF_tot",0.308968537492884,"W/m2"
"4046","GCAM",1934,"RF_tot",0.31336895675915,"W/m2"
"4047","GCAM",1935,"RF_tot",0.29719356799129,"W/m2"
"4048","GCAM",1936,"RF_tot",0.272066101110356,"W/m2"
"4049","GCAM",1937,"RF_tot",0.255387462341376,"W/m2"
"4050","GCAM",1938,"RF_tot",0.301273758680753,"W/m2"
"4051","GCAM",1939,"RF_tot",0.274074781270994,"W/m2"
"4052","GCAM",1940,"RF_tot",0.251361661109396,"W/m2"
"4053","GCAM",1941,"RF_tot",0.246397803589632,"W/m2"
"4054","GCAM",1942,"RF_tot",0.237219834612409,"W/m2"
"4055","GCAM",1943,"RF_tot",0.245998625762976,"W/m2"
"4056","GCAM",1944,"RF_tot",0.265729122290815,"W/m2"
"4057","GCAM",1945,"RF_tot",0.337055771991428,"W/m2"
"4058","GCAM",1946,"RF_tot",0.358153004548633,"W/m2"
"4059","GCAM",1947,"RF_tot",0.320420104694619,"W/m2"
"4060","GCAM",1948,"RF_tot",0.310630768791954,"W/m2"
"4061","GCAM",1949,"RF_tot",0.330590168936049,"W/m2"
"4062","GCAM",1950,"RF_tot",0.284319844544401,"W/m2"
"4063","GCAM",1951,"RF_tot",0.300349284786167,"W/m2"
"4064","GCAM",1952,"RF_tot",0.302296160568977,"W/m2"
"4065","GCAM",1953,"RF_tot",0.303454199860008,"W/m2"
"4066","GCAM",1954,"RF_tot",0.321285505387672,"W/m2"
"4067","GCAM",1955,"RF_tot",0.295683249130932,"W/m2"
"4068","GCAM",1956,"RF_tot",0.265916684777513,"W/m2"
"4069","GCAM",1957,"RF_tot",0.251054573776524,"W/m2"
"4070","GCAM",1958,"RF_tot",0.29130113425181,"W/m2"
"4071","GCAM",1959,"RF_tot",0.288646175032491,"W/m2"
"4072","GCAM",1960,"RF_tot",0.293233175577444,"W/m2"
"4073","GCAM",1961,"RF_tot",0.199019882506014,"W/m2"
"4074","GCAM",1962,"RF_tot",0.0692805628592299,"W/m2"
"4075","GCAM",1963,"RF_tot",-0.683614517998914,"W/m2"
"4076","GCAM",1964,"RF_tot",-0.560218281162475,"W/m2"
"4077","GCAM",1965,"RF_tot",-0.22517831998684,"W/m2"
"4078","GCAM",1966,"RF_tot",0.20158845047349,"W/m2"
"4079","GCAM",1967,"RF_tot",0.0436902720098586,"W/m2"
"4080","GCAM",1968,"RF_tot",0.13683063205497,"W/m2"
"4081","GCAM",1969,"RF_tot",0.238500603812176,"W/m2"
"4082","GCAM",1970,"RF_tot",0.230577355733645,"W/m2"
"4083","GCAM",1971,"RF_tot",0.163282903006098,"W/m2"
"4084","GCAM",1972,"RF_tot",0.241249233706953,"W/m2"
"4085","GCAM",1973,"RF_tot",0.376584588287378,"W/m2"
"4086","GCAM",1974,"RF_tot",0.384185549637037,"W/m2"
"4087","GCAM",1975,"RF_tot",0.145722132119489,"W/m2"
"4088","GCAM",1976,"RF_tot",0.383153805114528,"W/m2"
"4089","GCAM",1977,"RF_tot",0.512006433694009,"W/m2"
"4090","GCAM",1978,"RF_tot",0.580812878232677,"W/m2"
"4091","GCAM",1979,"RF_tot",0.607994170402841,"W/m2"
"4092","GCAM",1980,"RF_tot",0.613135509194644,"W/m2"
"4093","GCAM",1981,"RF_tot",0.655905058854697,"W/m2"
"4094","GCAM",1982,"RF_tot",0.448068200287045,"W/m2"
"4095","GCAM",1983,"RF_tot",0.0226605441949408,"W/m2"
"4096","GCAM",1984,"RF_tot",0.497673961784838,"W/m2"
"4097","GCAM",1985,"RF_tot",0.751913557883857,"W/m2"
"4098","GCAM",1986,"RF_tot",0.812819788675248,"W/m2"
"4099","GCAM",1987,"RF_tot",0.892627359995404,"W/m2"
"4100","GCAM",1988,"RF_tot",0.992151909629137,"W/m2"
"4101","GCAM",1989,"RF_tot",1.07647038534836,"W/m2"
"4102","GCAM",1990,"RF_tot",1.11103309924825,"W/m2"
"4103","GCAM",1991,"RF_tot",0.530465004504119,"W/m2"
"4104","GCAM",1992,"RF_tot",-0.584517266085119,"W/m2"
"4105","GCAM",1993,"RF_tot",0.31622351724335,"W/m2"
"4106","GCAM",1994,"RF_tot",1.04550885239836,"W/m2"
"4107","GCAM",1995,"RF_tot",1.31107483471228,"W/m2"
"4108","GCAM",1996,"RF_tot",1.42653722660887,"W/m2"
"4109","GCAM",1997,"RF_tot",1.36828737808718,"W/m2"
"4110","GCAM",1998,"RF_tot",1.43978410446496,"W/m2"
"4111","GCAM",1999,"RF_tot",1.60375046570253,"W/m2"
"4112","GCAM",2000,"RF_tot",1.66115671733431,"W/m2"
"4113","GCAM",2001,"RF_tot",1.6890118062018,"W/m2"
"4114","GCAM",2002,"RF_tot",1.65488658589128,"W/m2"
"4115","GCAM",2003,"RF_tot",1.64521459371499,"W/m2"
"4116","GCAM",2004,"RF_tot",1.70263390511322,"W/m2"
"4117","GCAM",2005,"RF_tot",1.71893329161699,"W/m2"
"4118","GCAM",2006,"RF_tot",1.76114081728428,"W/m2"
"4119","GCAM",2007,"RF_tot",1.82700408148883,"W/m2"
"4120","GCAM",2008,"RF_tot",1.90934859475721,"W/m2"
"4121","GCAM",2009,"RF_tot",1.95477262110949,"W/m2"
"4122","GCAM",2010,"RF_tot",2.05950460321861,"W/m2"
"4123","GCAM",2011,"RF_tot",2.0925507094475,"W/m2"
"4124","GCAM",2012,"RF_tot",2.18577578612179,"W/m2"
"4125","GCAM",2013,"RF_tot",2.26995031870533,"W/m2"
"4126","GCAM",2014,"RF_tot",2.31851231986545,"W/m2"
"4127","GCAM",2015,"RF_tot",2.37217131299889,"W/m2"
"4128","GCAM",2016,"RF_tot",2.43688868234173,"W/m2"
"4129","GCAM",2017,"RF_tot",2.50029186486922,"W/m2"
"4130","GCAM",2018,"RF_tot",2.5625226078509,"W/m2"
"4131","GCAM",2019,"RF_tot",2.62302055809637,"W/m2"
"4132","GCAM",2020,"RF_tot",2.68240613745682,"W/m2"
"4133","GCAM",2021,"RF_tot",2.74053040083396,"W/m2"
"4134","GCAM",2022,"RF_tot",2.77080997518327,"W/m2"
"4135","GCAM",2023,"RF_tot",2.80307520293804,"W/m2"
"4136","GCAM",2024,"RF_tot",2.83716029519521,"W/m2"
"4137","GCAM",2025,"RF_tot",2.88697080126911,"W/m2"
"4138","GCAM",2026,"RF_tot",2.9353332238167,"W/m2"
"4139","GCAM",2027,"RF_tot",2.98370180890012,"W/m2"
"4140","GCAM",2028,"RF_tot",3.03212358135176,"W/m2"
"4141","GCAM",2029,"RF_tot",3.08061720709541,"W/m2"
"4142","GCAM",2030,"RF_tot",3.12919228407025,"W/m2"
"4143","GCAM",2031,"RF_tot",3.17742804461212,"W/m2"
"4144","GCAM",2032,"RF_tot",3.22556573015667,"W/m2"
"4145","GCAM",2033,"RF_tot",3.27362553420734,"W/m2"
"4146","GCAM",2034,"RF_tot",3.3216537041042,"W/m2"
"4147","GCAM",2035,"RF_tot",3.36966318085875,"W/m2"
"4148","GCAM",2036,"RF_tot",3.41589993344587,"W/m2"
"4149","GCAM",2037,"RF_tot",3.461748703613,"W/m2"
"4150","GCAM",2038,"RF_tot",3.50725665924087,"W/m2"
"4151","GCAM",2039,"RF_tot",3.55244477544787,"W/m2"
"4152","GCAM",2040,"RF_tot",3.59732392568366,"W/m2"
"4153","GCAM",2041,"RF_tot",3.64379547200217,"W/m2"
"4154","GCAM",2042,"RF_tot",3.69001882987017,"W/m2"
"4155","GCAM",2043,"RF_tot",3.73601099197631,"W/m2"
"4156","GCAM",2044,"RF_tot",3.78178552176011,"W/m2"
"4157","GCAM",2045,"RF_tot",3.82735458389453,"W/m2"
"4158","GCAM",2046,"RF_tot",3.87209128682572,"W/m2"
"4159","GCAM",2047,"RF_tot",3.91701852610234,"W/m2"
"4160","GCAM",2048,"RF_tot",3.9621245712591,"W/m2"
"4161","GCAM",2049,"RF_tot",4.00740588158855,"W/m2"
"4162","GCAM",2050,"RF_tot",4.05285879909193,"W/m2"
"4163","GCAM",2051,"RF_tot",4.09954573640482,"W/m2"
"4164","GCAM",2052,"RF_tot",4.14633250850687,"W/m2"
"4165","GCAM",2053,"RF_tot",4.19322243212922,"W/m2"
"4166","GCAM",2054,"RF_tot",4.2402154464097,"W/m2"
"4167","GCAM",2055,"RF_tot",4.28731099647147,"W/m2"
"4168","GCAM",2056,"RF_tot",4.33323264024933,"W/m2"
"4169","GCAM",2057,"RF_tot",4.37934155695692,"W/m2"
"4170","GCAM",2058,"RF_tot",4.42562514103278,"W/m2"
"4171","GCAM",2059,"RF_tot",4.47207592824847,"W/m2"
"4172","GCAM",2060,"RF_tot",4.51868982808208,"W/m2"
"4173","GCAM",2061,"RF_tot",4.56529225879762,"W/m2"
"4174","GCAM",2062,"RF_tot",4.61188484974945,"W/m2"
"4175","GCAM",2063,"RF_tot",4.65846094604871,"W/m2"
"4176","GCAM",2064,"RF_tot",4.70501412674764,"W/m2"
"4177","GCAM",2065,"RF_tot",4.75154604839863,"W/m2"
"4178","GCAM",2066,"RF_tot",4.79753045096754,"W/m2"
"4179","GCAM",2067,"RF_tot",4.84349441605546,"W/m2"
"4180","GCAM",2068,"RF_tot",4.88943205398584,"W/m2"
"4181","GCAM",2069,"RF_tot",4.93533970570507,"W/m2"
"4182","GCAM",2070,"RF_tot",4.98121444432591,"W/m2"
"4183","GCAM",2071,"RF_tot",5.02751942450721,"W/m2"
"4184","GCAM",2072,"RF_tot",5.07376873286899,"W/m2"
"4185","GCAM",2073,"RF_tot",5.11996250405014,"W/m2"
"4186","GCAM",2074,"RF_tot",5.16610008929269,"W/m2"
"4187","GCAM",2075,"RF_tot",5.2121804905951,"W/m2"
"4188","GCAM",2076,"RF_tot",5.2583911481561,"W/m2"
"4189","GCAM",2077,"RF_tot",5.30444651068531,"W/m2"
"4190","GCAM",2078,"RF_tot",5.3503586604811,"W/m2"
"4191","GCAM",2079,"RF_tot",5.39613781338736,"W/m2"
"4192","GCAM",2080,"RF_tot",5.44179256946995,"W/m2"
"4193","GCAM",2081,"RF_tot",5.48858426019277,"W/m2"
"4194","GCAM",2082,"RF_tot",5.53501162252488,"W/m2"
"4195","GCAM",2083,"RF_tot",5.58109697917843,"W/m2"
"4196","GCAM",2084,"RF_tot",5.62685678447464,"W/m2"
"4197","GCAM",2085,"RF_tot",5.67230519316035,"W/m2"
"4198","GCAM",2086,"RF_tot",5.71738420673678,"W/m2"
"4199","GCAM",2087,"RF_tot",5.76230009344494,"W/m2"
"4200","GCAM",2088,"RF_tot",5.80705202703214,"W/m2"
"4201","GCAM",2089,"RF_tot",5.85163988012905,"W/m2"
"4202","GCAM",2090,"RF_tot",5.89606679574977,"W/m2"
"4203","GCAM",2091,"RF_tot",5.94071089302672,"W/m2"
"4204","GCAM",2092,"RF_tot",5.98512737701065,"W/m2"
"4205","GCAM",2093,"RF_tot",6.02932510175202,"W/m2"
"4206","GCAM",2094,"RF_tot",6.07331260708114,"W/m2"
"4207","GCAM",2095,"RF_tot",6.11709485920733,"W/m2"
"4208","GCAM",2096,"RF_tot",6.16095784722066,"W/m2"
"4209","GCAM",2097,"RF_tot",6.20455559857577,"W/m2"
"4210","GCAM",2098,"RF_tot",6.24789771257994,"W/m2"
"4211","GCAM",2099,"RF_tot",6.2909924545505,"W/m2"
"4212","GCAM",2100,"RF_tot",6.33384751984737,"W/m2"
"4213","GCAM",1750,"gmst",0,"degC"
"4214","GCAM",1751,"gmst",0.000640019688927906,"degC"
"4215","GCAM",1752,"gmst",0.00160481481763842,"degC"
"4216","GCAM",1753,"gmst",0.0022381627860171,"degC"
"4217","GCAM",1754,"gmst",0.00225751214901399,"degC"
"4218","GCAM",1755,"gmst",0.000940064002541096,"degC"
"4219","GCAM",1756,"gmst",-0.0176328836107217,"degC"
"4220","GCAM",1757,"gmst",-0.0218692067010112,"degC"
"4221","GCAM",1758,"gmst",-0.0178365241720916,"degC"
"4222","GCAM",1759,"gmst",-0.012955499043801,"degC"
"4223","GCAM",1760,"gmst",-0.00934187128633413,"degC"
"4224","GCAM",1761,"gmst",-0.00625005120506509,"degC"
"4225","GCAM",1762,"gmst",-0.0755394896534639,"degC"
"4226","GCAM",1763,"gmst",-0.105996040912382,"degC"
"4227","GCAM",1764,"gmst",-0.093671271964139,"degC"
"4228","GCAM",1765,"gmst",-0.0743809284873789,"degC"
"4229","GCAM",1766,"gmst",-0.0841365562215126,"degC"
"4230","GCAM",1767,"gmst",-0.0971606903644147,"degC"
"4231","GCAM",1768,"gmst",-0.0871925237961647,"degC"
"4232","GCAM",1769,"gmst",-0.0710724575681364,"degC"
"4233","GCAM",1770,"gmst",-0.0675327041216869,"degC"
"4234","GCAM",1771,"gmst",-0.0608120023699946,"degC"
"4235","GCAM",1772,"gmst",-0.0503966996446873,"degC"
"4236","GCAM",1773,"gmst",-0.0410009890633234,"degC"
"4237","GCAM",1774,"gmst",-0.0344645414731866,"degC"
"4238","GCAM",1775,"gmst",-0.0287066832309743,"degC"
"4239","GCAM",1776,"gmst",-0.023841506988842,"degC"
"4240","GCAM",1777,"gmst",-0.0201916339205862,"degC"
"4241","GCAM",1778,"gmst",-0.0174370248541693,"degC"
"4242","GCAM",1779,"gmst",-0.0147081342170237,"degC"
"4243","GCAM",1780,"gmst",-0.0129671669970749,"degC"
"4244","GCAM",1781,"gmst",-0.0109422351447271,"degC"
"4245","GCAM",1782,"gmst",-0.00907813648035565,"degC"
"4246","GCAM",1783,"gmst",-0.149496289930437,"degC"
"4247","GCAM",1784,"gmst",-0.404544871520894,"degC"
"4248","GCAM",1785,"gmst",-0.422212351764032,"degC"
"4249","GCAM",1786,"gmst",-0.363111749824822,"degC"
"4250","GCAM",1787,"gmst",-0.295562210472807,"degC"
"4251","GCAM",1788,"gmst",-0.237810040622291,"degC"
"4252","GCAM",1789,"gmst",-0.193098961826614,"degC"
"4253","GCAM",1790,"gmst",-0.159950404142581,"degC"
"4254","GCAM",1791,"gmst",-0.134529604972183,"degC"
"4255","GCAM",1792,"gmst",-0.114815138853271,"degC"
"4256","GCAM",1793,"gmst",-0.0995096106189207,"degC"
"4257","GCAM",1794,"gmst",-0.0882904747352387,"degC"
"4258","GCAM",1795,"gmst",-0.0784663967971499,"degC"
"4259","GCAM",1796,"gmst",-0.080219126225266,"degC"
"4260","GCAM",1797,"gmst",-0.0889328567878131,"degC"
"4261","GCAM",1798,"gmst",-0.0867339195047655,"degC"
"4262","GCAM",1799,"gmst",-0.0774382974706161,"degC"
"4263","GCAM",1800,"gmst",-0.0680925220314745,"degC"
"4264","GCAM",1801,"gmst",-0.0596956480419065,"degC"
"4265","GCAM",1802,"gmst",-0.0529454291269246,"degC"
"4266","GCAM",1803,"gmst",-0.0469411205498752,"degC"
"4267","GCAM",1804,"gmst",-0.0414678169867022,"degC"
"4268","GCAM",1805,"gmst",-0.0375445143136535,"degC"
"4269","GCAM",1806,"gmst",-0.0337255699510502,"degC"
"4270","GCAM",1807,"gmst",-0.0305172719609944,"degC"
"4271","GCAM",1808,"gmst",-0.028374813445936,"degC"
"4272","GCAM",1809,"gmst",-0.307643761432338,"degC"
"4273","GCAM",1810,"gmst",-0.436217571726337,"degC"
"4274","GCAM",1811,"gmst",-0.395541158557316,"degC"
"4275","GCAM",1812,"gmst",-0.319640077360486,"degC"
"4276","GCAM",1813,"gmst",-0.254554043118472,"degC"
"4277","GCAM",1814,"gmst",-0.206633254866589,"degC"
"4278","GCAM",1815,"gmst",-0.449914769383569,"degC"
"4279","GCAM",1816,"gmst",-0.714345923454233,"degC"
"4280","GCAM",1817,"gmst",-0.682408381597023,"degC"
"4281","GCAM",1818,"gmst",-0.565868955957891,"degC"
"4282","GCAM",1819,"gmst",-0.457926479123289,"degC"
"4283","GCAM",1820,"gmst",-0.375395547215518,"degC"
"4284","GCAM",1821,"gmst",-0.32207670937986,"degC"
"4285","GCAM",1822,"gmst",-0.283051320260517,"degC"
"4286","GCAM",1823,"gmst",-0.279382771323723,"degC"
"4287","GCAM",1824,"gmst",-0.256374295904707,"degC"
"4288","GCAM",1825,"gmst",-0.226217138013497,"degC"
"4289","GCAM",1826,"gmst",-0.198341266292977,"degC"
"4290","GCAM",1827,"gmst",-0.175464488853903,"degC"
"4291","GCAM",1828,"gmst",-0.157628893102604,"degC"
"4292","GCAM",1829,"gmst",-0.142317292917972,"degC"
"4293","GCAM",1830,"gmst",-0.129500659017251,"degC"
"4294","GCAM",1831,"gmst",-0.310473900933155,"degC"
"4295","GCAM",1832,"gmst",-0.387298104021822,"degC"
"4296","GCAM",1833,"gmst",-0.351912815519764,"degC"
"4297","GCAM",1834,"gmst",-0.29496227034854,"degC"
"4298","GCAM",1835,"gmst",-0.386263874835409,"degC"
"4299","GCAM",1836,"gmst",-0.411769680933791,"degC"
"4300","GCAM",1837,"gmst",-0.363397714806,"degC"
"4301","GCAM",1838,"gmst",-0.30486814445694,"degC"
"4302","GCAM",1839,"gmst",-0.255826306871836,"degC"
"4303","GCAM",1840,"gmst",-0.218098002535321,"degC"
"4304","GCAM",1841,"gmst",-0.189033529264316,"degC"
"4305","GCAM",1842,"gmst",-0.166019658733355,"degC"
"4306","GCAM",1843,"gmst",-0.146808195717591,"degC"
"4307","GCAM",1844,"gmst",-0.130643600864472,"degC"
"4308","GCAM",1845,"gmst",-0.117696440196574,"degC"
"4309","GCAM",1846,"gmst",-0.120410855861679,"degC"
"4310","GCAM",1847,"gmst",-0.117018990334026,"degC"
"4311","GCAM",1848,"gmst",-0.106796691055767,"degC"
"4312","GCAM",1849,"gmst",-0.0950851314807023,"degC"
"4313","GCAM",1850,"gmst",-0.084655388992313,"degC"
"4314","GCAM",1851,"gmst",-0.0746902358745448,"degC"
"4315","GCAM",1852,"gmst",-0.066067584371228,"degC"
"4316","GCAM",1853,"gmst",-0.0716573411561892,"degC"
"4317","GCAM",1854,"gmst",-0.0783020677972322,"degC"
"4318","GCAM",1855,"gmst",-0.0710108097314042,"degC"
"4319","GCAM",1856,"gmst",-0.0636182103950548,"degC"
"4320","GCAM",1857,"gmst",-0.0710239450069499,"degC"
"4321","GCAM",1858,"gmst",-0.065752210645392,"degC"
"4322","GCAM",1859,"gmst",-0.0552365873035393,"degC"
"4323","GCAM",1860,"gmst",-0.045251376742613,"degC"
"4324","GCAM",1861,"gmst",-0.0417715580092775,"degC"
"4325","GCAM",1862,"gmst",-0.0972259867465156,"degC"
"4326","GCAM",1863,"gmst",-0.109101603629066,"degC"
"4327","GCAM",1864,"gmst",-0.0915516068854973,"degC"
"4328","GCAM",1865,"gmst",-0.0710996868020336,"degC"
"4329","GCAM",1866,"gmst",-0.0535976821000224,"degC"
"4330","GCAM",1867,"gmst",-0.0404377285186562,"degC"
"4331","GCAM",1868,"gmst",-0.03063844629665,"degC"
"4332","GCAM",1869,"gmst",-0.0221020309118183,"degC"
"4333","GCAM",1870,"gmst",-0.0153293869972024,"degC"
"4334","GCAM",1871,"gmst",-0.00877203504137611,"degC"
"4335","GCAM",1872,"gmst",-0.00281364335194033,"degC"
"4336","GCAM",1873,"gmst",-0.0146131797699896,"degC"
"4337","GCAM",1874,"gmst",-0.0136635108363032,"degC"
"4338","GCAM",1875,"gmst",-0.00941196104516573,"degC"
"4339","GCAM",1876,"gmst",-0.00524714104903349,"degC"
"4340","GCAM",1877,"gmst",0.00153307555622404,"degC"
"4341","GCAM",1878,"gmst",0.00838237856069765,"degC"
"4342","GCAM",1879,"gmst",0.0137390441165442,"degC"
"4343","GCAM",1880,"gmst",0.0151573439473688,"degC"
"4344","GCAM",1881,"gmst",0.016660089175506,"degC"
"4345","GCAM",1882,"gmst",0.0216968802425618,"degC"
"4346","GCAM",1883,"gmst",-0.0140440919676229,"degC"
"4347","GCAM",1884,"gmst",-0.159207769139257,"degC"
"4348","GCAM",1885,"gmst",-0.174724217892106,"degC"
"4349","GCAM",1886,"gmst",-0.136967690181135,"degC"
"4350","GCAM",1887,"gmst",-0.107336155297233,"degC"
"4351","GCAM",1888,"gmst",-0.0769566173456854,"degC"
"4352","GCAM",1889,"gmst",-0.0508771718265113,"degC"
"4353","GCAM",1890,"gmst",-0.0420071072127,"degC"
"4354","GCAM",1891,"gmst",-0.0485949064756609,"degC"
"4355","GCAM",1892,"gmst",-0.0382587873767953,"degC"
"4356","GCAM",1893,"gmst",-0.0206881338815259,"degC"
"4357","GCAM",1894,"gmst",-0.00776565212129857,"degC"
"4358","GCAM",1895,"gmst",0.00227071507331819,"degC"
"4359","GCAM",1896,"gmst",0.0105936925993075,"degC"
"4360","GCAM",1897,"gmst",0.0169681900598558,"degC"
"4361","GCAM",1898,"gmst",0.0222827994501898,"degC"
"4362","GCAM",1899,"gmst",0.0255934030129489,"degC"
"4363","GCAM",1900,"gmst",0.0285386489643485,"degC"
"4364","GCAM",1901,"gmst",0.0317002561277501,"degC"
"4365","GCAM",1902,"gmst",0.0266432448731238,"degC"
"4366","GCAM",1903,"gmst",-0.0406484173338881,"degC"
"4367","GCAM",1904,"gmst",-0.0563478150485552,"degC"
"4368","GCAM",1905,"gmst",-0.0390226928858573,"degC"
"4369","GCAM",1906,"gmst",-0.0192383458221601,"degC"
"4370","GCAM",1907,"gmst",-0.0169111708847027,"degC"
"4371","GCAM",1908,"gmst",-0.00952172733184811,"degC"
"4372","GCAM",1909,"gmst",0.00139689943402996,"degC"
"4373","GCAM",1910,"gmst",0.0085680379269417,"degC"
"4374","GCAM",1911,"gmst",0.01520482773536,"degC"
"4375","GCAM",1912,"gmst",-0.0145326599958242,"degC"
"4376","GCAM",1913,"gmst",-0.0430189193152311,"degC"
"4377","GCAM",1914,"gmst",-0.034931510003303,"degC"
"4378","GCAM",1915,"gmst",-0.0154963555826938,"degC"
"4379","GCAM",1916,"gmst",-0.00142120988601036,"degC"
"4380","GCAM",1917,"gmst",0.00769942939314048,"degC"
"4381","GCAM",1918,"gmst",0.0149987603771611,"degC"
"4382","GCAM",1919,"gmst",0.0251515224623997,"degC"
"4383","GCAM",1920,"gmst",0.0311502796123304,"degC"
"4384","GCAM",1921,"gmst",0.0411047127241208,"degC"
"4385","GCAM",1922,"gmst",0.0406945032343998,"degC"
"4386","GCAM",1923,"gmst",0.0389600920153553,"degC"
"4387","GCAM",1924,"gmst",0.0451325801737512,"degC"
"4388","GCAM",1925,"gmst",0.0507034015038162,"degC"
"4389","GCAM",1926,"gmst",0.0555062193082414,"degC"
"4390","GCAM",1927,"gmst",0.0580260515817171,"degC"
"4391","GCAM",1928,"gmst",0.0589241622191814,"degC"
"4392","GCAM",1929,"gmst",0.0460398252903416,"degC"
"4393","GCAM",1930,"gmst",0.0524703559283741,"degC"
"4394","GCAM",1931,"gmst",0.0641432286132929,"degC"
"4395","GCAM",1932,"gmst",0.0648107358160802,"degC"
"4396","GCAM",1933,"gmst",0.0729341883566998,"degC"
"4397","GCAM",1934,"gmst",0.0799249288949666,"degC"
"4398","GCAM",1935,"gmst",0.083980805120385,"degC"
"4399","GCAM",1936,"gmst",0.0853040736435294,"degC"
"4400","GCAM",1937,"gmst",0.0853689239034826,"degC"
"4401","GCAM",1938,"gmst",0.0895059715793571,"degC"
"4402","GCAM",1939,"gmst",0.0909005733220628,"degC"
"4403","GCAM",1940,"gmst",0.090341451431479,"degC"
"4404","GCAM",1941,"gmst",0.0898766101919287,"degC"
"4405","GCAM",1942,"gmst",0.0891675603133915,"degC"
"4406","GCAM",1943,"gmst",0.0896211096040612,"degC"
"4407","GCAM",1944,"gmst",0.0917952467346323,"degC"
"4408","GCAM",1945,"gmst",0.0992858349929275,"degC"
"4409","GCAM",1946,"gmst",0.106762542885,"degC"
"4410","GCAM",1947,"gmst",0.109396725341864,"degC"
"4411","GCAM",1948,"gmst",0.110731633821507,"degC"
"4412","GCAM",1949,"gmst",0.113703184113152,"degC"
"4413","GCAM",1950,"gmst",0.112641318658917,"degC"
"4414","GCAM",1951,"gmst",0.113348695497768,"degC"
"4415","GCAM",1952,"gmst",0.114450474523987,"degC"
"4416","GCAM",1953,"gmst",0.115613937904,"degC"
"4417","GCAM",1954,"gmst",0.118129537046014,"degC"
"4418","GCAM",1955,"gmst",0.118216684311616,"degC"
"4419","GCAM",1956,"gmst",0.116073689184296,"degC"
"4420","GCAM",1957,"gmst",0.113544166631549,"degC"
"4421","GCAM",1958,"gmst",0.115125359941319,"degC"
"4422","GCAM",1959,"gmst",0.116354290322722,"degC"
"4423","GCAM",1960,"gmst",0.117676771911147,"degC"
"4424","GCAM",1961,"gmst",0.11131389739358,"degC"
"4425","GCAM",1962,"gmst",0.0963081728633884,"degC"
"4426","GCAM",1963,"gmst",0.0256106245761205,"degC"
"4427","GCAM",1964,"gmst",-0.0176873146215927,"degC"
"4428","GCAM",1965,"gmst",-0.0216075163600282,"degC"
"4429","GCAM",1966,"gmst",0.00890271880585993,"degC"
"4430","GCAM",1967,"gmst",0.0175287735325959,"degC"
"4431","GCAM",1968,"gmst",0.0288900428584761,"degC"
"4432","GCAM",1969,"gmst",0.0450138027135155,"degC"
"4433","GCAM",1970,"gmst",0.055981845582871,"degC"
"4434","GCAM",1971,"gmst",0.0584028856839922,"degC"
"4435","GCAM",1972,"gmst",0.0663538765191452,"degC"
"4436","GCAM",1973,"gmst",0.0834355795874535,"degC"
"4437","GCAM",1974,"gmst",0.0969624219318285,"degC"
"4438","GCAM",1975,"gmst",0.088038026846101,"degC"
"4439","GCAM",1976,"gmst",0.100269281901755,"degC"
"4440","GCAM",1977,"gmst",0.120862479633381,"degC"
"4441","GCAM",1978,"gmst",0.141714176618256,"degC"
"4442","GCAM",1979,"gmst",0.159492978028221,"degC"
"4443","GCAM",1980,"gmst",0.173513007219185,"degC"
"4444","GCAM",1981,"gmst",0.187989328307235,"degC"
"4445","GCAM",1982,"gmst",0.18314758443754,"degC"
"4446","GCAM",1983,"gmst",0.146355172917226,"degC"
"4447","GCAM",1984,"gmst",0.157532463929152,"degC"
"4448","GCAM",1985,"gmst",0.188320775080199,"degC"
"4449","GCAM",1986,"gmst",0.21574849729764,"degC"
"4450","GCAM",1987,"gmst",0.242094552100256,"degC"
"4451","GCAM",1988,"gmst",0.270009527443354,"degC"
"4452","GCAM",1989,"gmst",0.298248098381356,"degC"
"4453","GCAM",1990,"gmst",0.322943762682802,"degC"
"4454","GCAM",1991,"gmst",0.29635342180073,"degC"
"4455","GCAM",1992,"gmst",0.188758706086227,"degC"
"4456","GCAM",1993,"gmst",0.181627437854547,"degC"
"4457","GCAM",1994,"gmst",0.238899148530006,"degC"
"4458","GCAM",1995,"gmst",0.301649309594699,"degC"
"4459","GCAM",1996,"gmst",0.35539957637282,"degC"
"4460","GCAM",1997,"gmst",0.390187063919658,"degC"
"4461","GCAM",1998,"gmst",0.422300284287691,"degC"
"4462","GCAM",1999,"gmst",0.460963931333384,"degC"
"4463","GCAM",2000,"gmst",0.496195535023826,"degC"
"4464","GCAM",2001,"gmst",0.526277876154618,"degC"
"4465","GCAM",2002,"gmst",0.547918280075496,"degC"
"4466","GCAM",2003,"gmst",0.56536047791271,"degC"
"4467","GCAM",2004,"gmst",0.58522253673038,"degC"
"4468","GCAM",2005,"gmst",0.603614576984823,"degC"
"4469","GCAM",2006,"gmst",0.622664321879352,"degC"
"4470","GCAM",2007,"gmst",0.644107791608948,"degC"
"4471","GCAM",2008,"gmst",0.668570396848312,"degC"
"4472","GCAM",2009,"gmst",0.692277150421296,"degC"
"4473","GCAM",2010,"gmst",0.720042254296143,"degC"
"4474","GCAM",2011,"gmst",0.745324466605686,"degC"
"4475","GCAM",2012,"gmst",0.773374918376976,"degC"
"4476","GCAM",2013,"gmst",0.803044106669983,"degC"
"4477","GCAM",2014,"gmst",0.83102307491999,"degC"
"4478","GCAM",2015,"gmst",0.858169909399268,"degC"
"4479","GCAM",2016,"gmst",0.885734518457764,"degC"
"4480","GCAM",2017,"gmst",0.913573100934153,"degC"
"4481","GCAM",2018,"gmst",0.941528830953966,"degC"
"4482","GCAM",2019,"gmst",0.969461848013903,"degC"
"4483","GCAM",2020,"gmst",0.997322082261182,"degC"
"4484","GCAM",2021,"gmst",1.02506241847058,"degC"
"4485","GCAM",2022,"gmst",1.05053491580466,"degC"
"4486","GCAM",2023,"gmst",1.07447409000832,"degC"
"4487","GCAM",2024,"gmst",1.09750165559921,"degC"
"4488","GCAM",2025,"gmst",1.12110383605981,"degC"
"4489","GCAM",2026,"gmst",1.14501179913735,"degC"
"4490","GCAM",2027,"gmst",1.16908271332997,"degC"
"4491","GCAM",2028,"gmst",1.19325891278348,"degC"
"4492","GCAM",2029,"gmst",1.21751215973911,"degC"
"4493","GCAM",2030,"gmst",1.24182838958152,"degC"
"4494","GCAM",2031,"gmst",1.2661669861112,"degC"
"4495","GCAM",2032,"gmst",1.29051824344812,"degC"
"4496","GCAM",2033,"gmst",1.31487892426268,"degC"
"4497","GCAM",2034,"gmst",1.33925043208564,"degC"
"4498","GCAM",2035,"gmst",1.36363494867187,"degC"
"4499","GCAM",2036,"gmst",1.38789490816723,"degC"
"4500","GCAM",2037,"gmst",1.4120358005615,"degC"
"4501","GCAM",2038,"gmst",1.43607089811916,"degC"
"4502","GCAM",2039,"gmst",1.46000810820074,"degC"
"4503","GCAM",2040,"gmst",1.48385222873434,"degC"
"4504","GCAM",2041,"gmst",1.50775652488268,"degC"
"4505","GCAM",2042,"gmst",1.53169045032991,"degC"
"4506","GCAM",2043,"gmst",1.55562586976268,"degC"
"4507","GCAM",2044,"gmst",1.57954732962324,"degC"
"4508","GCAM",2045,"gmst",1.60344585905754,"degC"
"4509","GCAM",2046,"gmst",1.62726550833744,"degC"
"4510","GCAM",2047,"gmst",1.65104507393028,"degC"
"4511","GCAM",2048,"gmst",1.67481486790305,"degC"
"4512","GCAM",2049,"gmst",1.69859444042595,"degC"
"4513","GCAM",2050,"gmst",1.72239735222009,"degC"
"4514","GCAM",2051,"gmst",1.74631805232592,"degC"
"4515","GCAM",2052,"gmst",1.77033844607985,"degC"
"4516","GCAM",2053,"gmst",1.7944422207632,"degC"
"4517","GCAM",2054,"gmst",1.81862066650943,"degC"
"4518","GCAM",2055,"gmst",1.84286880081216,"degC"
"4519","GCAM",2056,"gmst",1.86708242616065,"degC"
"4520","GCAM",2057,"gmst",1.89129096395386,"degC"
"4521","GCAM",2058,"gmst",1.91551989750259,"degC"
"4522","GCAM",2059,"gmst",1.93978426701098,"degC"
"4523","GCAM",2060,"gmst",1.96409384150354,"degC"
"4524","GCAM",2061,"gmst",1.98844179776309,"degC"
"4525","GCAM",2062,"gmst",2.0128230861707,"degC"
"4526","GCAM",2063,"gmst",2.03723402580263,"degC"
"4527","GCAM",2064,"gmst",2.06167155503863,"degC"
"4528","GCAM",2065,"gmst",2.08613356900604,"degC"
"4529","GCAM",2066,"gmst",2.11057672858059,"degC"
"4530","GCAM",2067,"gmst",2.13500991344237,"degC"
"4531","GCAM",2068,"gmst",2.15944090687767,"degC"
"4532","GCAM",2069,"gmst",2.18387372894567,"degC"
"4533","GCAM",2070,"gmst",2.20831050936564,"degC"
"4534","GCAM",2071,"gmst",2.23278927958077,"degC"
"4535","GCAM",2072,"gmst",2.25730016527419,"degC"
"4536","GCAM",2073,"gmst",2.28183416680416,"degC"
"4537","GCAM",2074,"gmst",2.30638571073335,"degC"
"4538","GCAM",2075,"gmst",2.33095096308831,"degC"
"4539","GCAM",2076,"gmst",2.35554202503205,"degC"
"4540","GCAM",2077,"gmst",2.38014541693078,"degC"
"4541","GCAM",2078,"gmst",2.40475122806117,"degC"
"4542","GCAM",2079,"gmst",2.42935347575847,"degC"
"4543","GCAM",2080,"gmst",2.45394838219825,"degC"
"4544","GCAM",2081,"gmst",2.47863298675648,"degC"
"4545","GCAM",2082,"gmst",2.50336155491901,"degC"
"4546","GCAM",2083,"gmst",2.52809709249587,"degC"
"4547","GCAM",2084,"gmst",2.55281692265344,"degC"
"4548","GCAM",2085,"gmst",2.57750616989361,"degC"
"4549","GCAM",2086,"gmst",2.60214902593685,"degC"
"4550","GCAM",2087,"gmst",2.62674948505679,"degC"
"4551","GCAM",2088,"gmst",2.6513101731116,"degC"
"4552","GCAM",2089,"gmst",2.67583188956385,"degC"
"4553","GCAM",2090,"gmst",2.70031481999515,"degC"
"4554","GCAM",2091,"gmst",2.72478865397461,"degC"
"4555","GCAM",2092,"gmst",2.74924027417218,"degC"
"4556","GCAM",2093,"gmst",2.77365899911476,"degC"
"4557","GCAM",2094,"gmst",2.79803843454117,"degC"
"4558","GCAM",2095,"gmst",2.82237432240801,"degC"
"4559","GCAM",2096,"gmst",2.84668599845415,"degC"
"4560","GCAM",2097,"gmst",2.87096044659369,"degC"
"4561","GCAM",2098,"gmst",2.89518742432307,"degC"
"4562","GCAM",2099,"gmst",2.91936054422456,"degC"
"4563","GCAM",2100,"gmst",2.94347561626511,"degC"
