"","scenario","year","variable","value","units"
"1","Reference",1750,"CO2_concentration",277.313630922801,"ppmv CO2"
"2","Reference",1751,"CO2_concentration",277.341905377048,"ppmv CO2"
"3","Reference",1752,"CO2_concentration",277.376871032789,"ppmv CO2"
"4","Reference",1753,"CO2_concentration",277.419003656796,"ppmv CO2"
"5","Reference",1754,"CO2_concentration",277.461658529273,"ppmv CO2"
"6","Reference",1755,"CO2_concentration",277.502325574477,"ppmv CO2"
"7","Reference",1756,"CO2_concentration",277.539803417564,"ppmv CO2"
"8","Reference",1757,"CO2_concentration",277.56562795009,"ppmv CO2"
"9","Reference",1758,"CO2_concentration",277.585385737368,"ppmv CO2"
"10","Reference",1759,"CO2_concentration",277.610757029516,"ppmv CO2"
"11","Reference",1760,"CO2_concentration",277.641404741115,"ppmv CO2"
"12","Reference",1761,"CO2_concentration",277.674163518984,"ppmv CO2"
"13","Reference",1762,"CO2_concentration",277.707393972903,"ppmv CO2"
"14","Reference",1763,"CO2_concentration",277.704340777173,"ppmv CO2"
"15","Reference",1764,"CO2_concentration",277.674940671015,"ppmv CO2"
"16","Reference",1765,"CO2_concentration",277.667295640559,"ppmv CO2"
"17","Reference",1766,"CO2_concentration",277.687647130247,"ppmv CO2"
"18","Reference",1767,"CO2_concentration",277.710452097064,"ppmv CO2"
"19","Reference",1768,"CO2_concentration",277.72304497081,"ppmv CO2"
"20","Reference",1769,"CO2_concentration",277.741396796612,"ppmv CO2"
"21","Reference",1770,"CO2_concentration",277.773922503042,"ppmv CO2"
"22","Reference",1771,"CO2_concentration",277.809603044709,"ppmv CO2"
"23","Reference",1772,"CO2_concentration",277.844705894936,"ppmv CO2"
"24","Reference",1773,"CO2_concentration",277.883141220318,"ppmv CO2"
"25","Reference",1774,"CO2_concentration",277.92435670475,"ppmv CO2"
"26","Reference",1775,"CO2_concentration",277.965573614168,"ppmv CO2"
"27","Reference",1776,"CO2_concentration",278.005794956542,"ppmv CO2"
"28","Reference",1777,"CO2_concentration",278.045293050585,"ppmv CO2"
"29","Reference",1778,"CO2_concentration",278.083653137587,"ppmv CO2"
"30","Reference",1779,"CO2_concentration",278.120771460623,"ppmv CO2"
"31","Reference",1780,"CO2_concentration",278.157101618169,"ppmv CO2"
"32","Reference",1781,"CO2_concentration",278.192714894399,"ppmv CO2"
"33","Reference",1782,"CO2_concentration",278.228133747958,"ppmv CO2"
"34","Reference",1783,"CO2_concentration",278.263562677658,"ppmv CO2"
"35","Reference",1784,"CO2_concentration",278.227741708845,"ppmv CO2"
"36","Reference",1785,"CO2_concentration",278.05299780428,"ppmv CO2"
"37","Reference",1786,"CO2_concentration",277.876680887322,"ppmv CO2"
"38","Reference",1787,"CO2_concentration",277.81236012907,"ppmv CO2"
"39","Reference",1788,"CO2_concentration",277.838204240074,"ppmv CO2"
"40","Reference",1789,"CO2_concentration",277.917328380046,"ppmv CO2"
"41","Reference",1790,"CO2_concentration",278.021676017565,"ppmv CO2"
"42","Reference",1791,"CO2_concentration",278.13429843226,"ppmv CO2"
"43","Reference",1792,"CO2_concentration",278.247401796,"ppmv CO2"
"44","Reference",1793,"CO2_concentration",278.357844193235,"ppmv CO2"
"45","Reference",1794,"CO2_concentration",278.464767117457,"ppmv CO2"
"46","Reference",1795,"CO2_concentration",278.568020435595,"ppmv CO2"
"47","Reference",1796,"CO2_concentration",278.668699221178,"ppmv CO2"
"48","Reference",1797,"CO2_concentration",278.763551158965,"ppmv CO2"
"49","Reference",1798,"CO2_concentration",278.849076726912,"ppmv CO2"
"50","Reference",1799,"CO2_concentration",278.933262149475,"ppmv CO2"
"51","Reference",1800,"CO2_concentration",279.024895471811,"ppmv CO2"
"52","Reference",1801,"CO2_concentration",279.124195693853,"ppmv CO2"
"53","Reference",1802,"CO2_concentration",279.22851825634,"ppmv CO2"
"54","Reference",1803,"CO2_concentration",279.33691365642,"ppmv CO2"
"55","Reference",1804,"CO2_concentration",279.446870241837,"ppmv CO2"
"56","Reference",1805,"CO2_concentration",279.559157763739,"ppmv CO2"
"57","Reference",1806,"CO2_concentration",279.673121139054,"ppmv CO2"
"58","Reference",1807,"CO2_concentration",279.78318844208,"ppmv CO2"
"59","Reference",1808,"CO2_concentration",279.89080620242,"ppmv CO2"
"60","Reference",1809,"CO2_concentration",279.995845636781,"ppmv CO2"
"61","Reference",1810,"CO2_concentration",279.963646719422,"ppmv CO2"
"62","Reference",1811,"CO2_concentration",279.833218508018,"ppmv CO2"
"63","Reference",1812,"CO2_concentration",279.779149628415,"ppmv CO2"
"64","Reference",1813,"CO2_concentration",279.838472733259,"ppmv CO2"
"65","Reference",1814,"CO2_concentration",279.969665275313,"ppmv CO2"
"66","Reference",1815,"CO2_concentration",280.134465302245,"ppmv CO2"
"67","Reference",1816,"CO2_concentration",280.179860260983,"ppmv CO2"
"68","Reference",1817,"CO2_concentration",280.047575964666,"ppmv CO2"
"69","Reference",1818,"CO2_concentration",279.947744369632,"ppmv CO2"
"70","Reference",1819,"CO2_concentration",280.005349338905,"ppmv CO2"
"71","Reference",1820,"CO2_concentration",280.174363316931,"ppmv CO2"
"72","Reference",1821,"CO2_concentration",280.397054325786,"ppmv CO2"
"73","Reference",1822,"CO2_concentration",280.633672916378,"ppmv CO2"
"74","Reference",1823,"CO2_concentration",280.866250983057,"ppmv CO2"
"75","Reference",1824,"CO2_concentration",281.078824072439,"ppmv CO2"
"76","Reference",1825,"CO2_concentration",281.279305074105,"ppmv CO2"
"77","Reference",1826,"CO2_concentration",281.485685253339,"ppmv CO2"
"78","Reference",1827,"CO2_concentration",281.698127235319,"ppmv CO2"
"79","Reference",1828,"CO2_concentration",281.913449309251,"ppmv CO2"
"80","Reference",1829,"CO2_concentration",282.128263324669,"ppmv CO2"
"81","Reference",1830,"CO2_concentration",282.34189063562,"ppmv CO2"
"82","Reference",1831,"CO2_concentration",282.557260597839,"ppmv CO2"
"83","Reference",1832,"CO2_concentration",282.680881477169,"ppmv CO2"
"84","Reference",1833,"CO2_concentration",282.734012616937,"ppmv CO2"
"85","Reference",1834,"CO2_concentration",282.839107386453,"ppmv CO2"
"86","Reference",1835,"CO2_concentration",283.020153305584,"ppmv CO2"
"87","Reference",1836,"CO2_concentration",283.182676395011,"ppmv CO2"
"88","Reference",1837,"CO2_concentration",283.31759856686,"ppmv CO2"
"89","Reference",1838,"CO2_concentration",283.498081580244,"ppmv CO2"
"90","Reference",1839,"CO2_concentration",283.735198606867,"ppmv CO2"
"91","Reference",1840,"CO2_concentration",284.005727285425,"ppmv CO2"
"92","Reference",1841,"CO2_concentration",284.290876042848,"ppmv CO2"
"93","Reference",1842,"CO2_concentration",284.580054909598,"ppmv CO2"
"94","Reference",1843,"CO2_concentration",284.869395797623,"ppmv CO2"
"95","Reference",1844,"CO2_concentration",285.157803315803,"ppmv CO2"
"96","Reference",1845,"CO2_concentration",285.446351171951,"ppmv CO2"
"97","Reference",1846,"CO2_concentration",285.735842150984,"ppmv CO2"
"98","Reference",1847,"CO2_concentration",286.019133959999,"ppmv CO2"
"99","Reference",1848,"CO2_concentration",286.299980057454,"ppmv CO2"
"100","Reference",1849,"CO2_concentration",286.586419751657,"ppmv CO2"
"101","Reference",1850,"CO2_concentration",286.882004910411,"ppmv CO2"
"102","Reference",1851,"CO2_concentration",287.179063985087,"ppmv CO2"
"103","Reference",1852,"CO2_concentration",287.497626972856,"ppmv CO2"
"104","Reference",1853,"CO2_concentration",287.819657688824,"ppmv CO2"
"105","Reference",1854,"CO2_concentration",288.124676242937,"ppmv CO2"
"106","Reference",1855,"CO2_concentration",288.411604568227,"ppmv CO2"
"107","Reference",1856,"CO2_concentration",288.683997606345,"ppmv CO2"
"108","Reference",1857,"CO2_concentration",288.965120605868,"ppmv CO2"
"109","Reference",1858,"CO2_concentration",289.228780648965,"ppmv CO2"
"110","Reference",1859,"CO2_concentration",289.484979481951,"ppmv CO2"
"111","Reference",1860,"CO2_concentration",289.749233764377,"ppmv CO2"
"112","Reference",1861,"CO2_concentration",289.981206840114,"ppmv CO2"
"113","Reference",1862,"CO2_concentration",290.207432286273,"ppmv CO2"
"114","Reference",1863,"CO2_concentration",290.392263949992,"ppmv CO2"
"115","Reference",1864,"CO2_concentration",290.552225122329,"ppmv CO2"
"116","Reference",1865,"CO2_concentration",290.722599404149,"ppmv CO2"
"117","Reference",1866,"CO2_concentration",290.908612975444,"ppmv CO2"
"118","Reference",1867,"CO2_concentration",291.108324175416,"ppmv CO2"
"119","Reference",1868,"CO2_concentration",291.306433921135,"ppmv CO2"
"120","Reference",1869,"CO2_concentration",291.49768816097,"ppmv CO2"
"121","Reference",1870,"CO2_concentration",291.69296882058,"ppmv CO2"
"122","Reference",1871,"CO2_concentration",291.914333440295,"ppmv CO2"
"123","Reference",1872,"CO2_concentration",292.134100548166,"ppmv CO2"
"124","Reference",1873,"CO2_concentration",292.38222117486,"ppmv CO2"
"125","Reference",1874,"CO2_concentration",292.598499019831,"ppmv CO2"
"126","Reference",1875,"CO2_concentration",292.819314065987,"ppmv CO2"
"127","Reference",1876,"CO2_concentration",293.045626460571,"ppmv CO2"
"128","Reference",1877,"CO2_concentration",293.266139808706,"ppmv CO2"
"129","Reference",1878,"CO2_concentration",293.467226437732,"ppmv CO2"
"130","Reference",1879,"CO2_concentration",293.675001421487,"ppmv CO2"
"131","Reference",1880,"CO2_concentration",293.879115448073,"ppmv CO2"
"132","Reference",1881,"CO2_concentration",294.097714691051,"ppmv CO2"
"133","Reference",1882,"CO2_concentration",294.304427063006,"ppmv CO2"
"134","Reference",1883,"CO2_concentration",294.530341666511,"ppmv CO2"
"135","Reference",1884,"CO2_concentration",294.722475261901,"ppmv CO2"
"136","Reference",1885,"CO2_concentration",294.841044119414,"ppmv CO2"
"137","Reference",1886,"CO2_concentration",294.927148086789,"ppmv CO2"
"138","Reference",1887,"CO2_concentration",295.074078291401,"ppmv CO2"
"139","Reference",1888,"CO2_concentration",295.291172121055,"ppmv CO2"
"140","Reference",1889,"CO2_concentration",295.525785549637,"ppmv CO2"
"141","Reference",1890,"CO2_concentration",295.783782866995,"ppmv CO2"
"142","Reference",1891,"CO2_concentration",296.082096147609,"ppmv CO2"
"143","Reference",1892,"CO2_concentration",296.391952311389,"ppmv CO2"
"144","Reference",1893,"CO2_concentration",296.684336716418,"ppmv CO2"
"145","Reference",1894,"CO2_concentration",297.002329035038,"ppmv CO2"
"146","Reference",1895,"CO2_concentration",297.326994710289,"ppmv CO2"
"147","Reference",1896,"CO2_concentration",297.656805978524,"ppmv CO2"
"148","Reference",1897,"CO2_concentration",297.976983492802,"ppmv CO2"
"149","Reference",1898,"CO2_concentration",298.318456608799,"ppmv CO2"
"150","Reference",1899,"CO2_concentration",298.655518185933,"ppmv CO2"
"151","Reference",1900,"CO2_concentration",299.01353397531,"ppmv CO2"
"152","Reference",1901,"CO2_concentration",299.380489077942,"ppmv CO2"
"153","Reference",1902,"CO2_concentration",299.749922785238,"ppmv CO2"
"154","Reference",1903,"CO2_concentration",300.124882496567,"ppmv CO2"
"155","Reference",1904,"CO2_concentration",300.4706152206,"ppmv CO2"
"156","Reference",1905,"CO2_concentration",300.802285397385,"ppmv CO2"
"157","Reference",1906,"CO2_concentration",301.196318144795,"ppmv CO2"
"158","Reference",1907,"CO2_concentration",301.610238421122,"ppmv CO2"
"159","Reference",1908,"CO2_concentration",302.035302794109,"ppmv CO2"
"160","Reference",1909,"CO2_concentration",302.439162774549,"ppmv CO2"
"161","Reference",1910,"CO2_concentration",302.856848969056,"ppmv CO2"
"162","Reference",1911,"CO2_concentration",303.250841844657,"ppmv CO2"
"163","Reference",1912,"CO2_concentration",303.64564123073,"ppmv CO2"
"164","Reference",1913,"CO2_concentration",304.00646413017,"ppmv CO2"
"165","Reference",1914,"CO2_concentration",304.338701969367,"ppmv CO2"
"166","Reference",1915,"CO2_concentration",304.635085550859,"ppmv CO2"
"167","Reference",1916,"CO2_concentration",304.936255152726,"ppmv CO2"
"168","Reference",1917,"CO2_concentration",305.264078983855,"ppmv CO2"
"169","Reference",1918,"CO2_concentration",305.600545772351,"ppmv CO2"
"170","Reference",1919,"CO2_concentration",305.917712906906,"ppmv CO2"
"171","Reference",1920,"CO2_concentration",306.163781856528,"ppmv CO2"
"172","Reference",1921,"CO2_concentration",306.478104088094,"ppmv CO2"
"173","Reference",1922,"CO2_concentration",306.758847844693,"ppmv CO2"
"174","Reference",1923,"CO2_concentration",307.048076689816,"ppmv CO2"
"175","Reference",1924,"CO2_concentration",307.383951068581,"ppmv CO2"
"176","Reference",1925,"CO2_concentration",307.712124451727,"ppmv CO2"
"177","Reference",1926,"CO2_concentration",308.040467369678,"ppmv CO2"
"178","Reference",1927,"CO2_concentration",308.360193241443,"ppmv CO2"
"179","Reference",1928,"CO2_concentration",308.712787734508,"ppmv CO2"
"180","Reference",1929,"CO2_concentration",309.048146746089,"ppmv CO2"
"181","Reference",1930,"CO2_concentration",309.395274273874,"ppmv CO2"
"182","Reference",1931,"CO2_concentration",309.701466618166,"ppmv CO2"
"183","Reference",1932,"CO2_concentration",309.984289625984,"ppmv CO2"
"184","Reference",1933,"CO2_concentration",310.228530056231,"ppmv CO2"
"185","Reference",1934,"CO2_concentration",310.498188212999,"ppmv CO2"
"186","Reference",1935,"CO2_concentration",310.806346165929,"ppmv CO2"
"187","Reference",1936,"CO2_concentration",311.11861305025,"ppmv CO2"
"188","Reference",1937,"CO2_concentration",311.470025220493,"ppmv CO2"
"189","Reference",1938,"CO2_concentration",311.849811054141,"ppmv CO2"
"190","Reference",1939,"CO2_concentration",312.189742979355,"ppmv CO2"
"191","Reference",1940,"CO2_concentration",312.543699954416,"ppmv CO2"
"192","Reference",1941,"CO2_concentration",312.955596214538,"ppmv CO2"
"193","Reference",1942,"CO2_concentration",313.399730151906,"ppmv CO2"
"194","Reference",1943,"CO2_concentration",313.831060023917,"ppmv CO2"
"195","Reference",1944,"CO2_concentration",314.26342050806,"ppmv CO2"
"196","Reference",1945,"CO2_concentration",314.674455215278,"ppmv CO2"
"197","Reference",1946,"CO2_concentration",314.978007135554,"ppmv CO2"
"198","Reference",1947,"CO2_concentration",315.312817020942,"ppmv CO2"
"199","Reference",1948,"CO2_concentration",315.703624547695,"ppmv CO2"
"200","Reference",1949,"CO2_concentration",316.106128826426,"ppmv CO2"
"201","Reference",1950,"CO2_concentration",316.4747694015,"ppmv CO2"
"202","Reference",1951,"CO2_concentration",316.981989442569,"ppmv CO2"
"203","Reference",1952,"CO2_concentration",317.562362322237,"ppmv CO2"
"204","Reference",1953,"CO2_concentration",318.123071102241,"ppmv CO2"
"205","Reference",1954,"CO2_concentration",318.696918946168,"ppmv CO2"
"206","Reference",1955,"CO2_concentration",319.320069522834,"ppmv CO2"
"207","Reference",1956,"CO2_concentration",320.011814234002,"ppmv CO2"
"208","Reference",1957,"CO2_concentration",320.742771627222,"ppmv CO2"
"209","Reference",1958,"CO2_concentration",321.487791335003,"ppmv CO2"
"210","Reference",1959,"CO2_concentration",322.228321520277,"ppmv CO2"
"211","Reference",1960,"CO2_concentration",323.062094375489,"ppmv CO2"
"212","Reference",1961,"CO2_concentration",323.805800464713,"ppmv CO2"
"213","Reference",1962,"CO2_concentration",324.547003664764,"ppmv CO2"
"214","Reference",1963,"CO2_concentration",325.241868062605,"ppmv CO2"
"215","Reference",1964,"CO2_concentration",325.922860446878,"ppmv CO2"
"216","Reference",1965,"CO2_concentration",326.573645396389,"ppmv CO2"
"217","Reference",1966,"CO2_concentration",327.253520414881,"ppmv CO2"
"218","Reference",1967,"CO2_concentration",327.968981757973,"ppmv CO2"
"219","Reference",1968,"CO2_concentration",328.756264560015,"ppmv CO2"
"220","Reference",1969,"CO2_concentration",329.600137273695,"ppmv CO2"
"221","Reference",1970,"CO2_concentration",330.574647068841,"ppmv CO2"
"222","Reference",1971,"CO2_concentration",331.625666359036,"ppmv CO2"
"223","Reference",1972,"CO2_concentration",332.629616879154,"ppmv CO2"
"224","Reference",1973,"CO2_concentration",333.717897876947,"ppmv CO2"
"225","Reference",1974,"CO2_concentration",334.86882627377,"ppmv CO2"
"226","Reference",1975,"CO2_concentration",335.961833459638,"ppmv CO2"
"227","Reference",1976,"CO2_concentration",336.995680523307,"ppmv CO2"
"228","Reference",1977,"CO2_concentration",338.107922387911,"ppmv CO2"
"229","Reference",1978,"CO2_concentration",339.321015337184,"ppmv CO2"
"230","Reference",1979,"CO2_concentration",340.561329729133,"ppmv CO2"
"231","Reference",1980,"CO2_concentration",341.740413199163,"ppmv CO2"
"232","Reference",1981,"CO2_concentration",342.89676979529,"ppmv CO2"
"233","Reference",1982,"CO2_concentration",343.9685377685,"ppmv CO2"
"234","Reference",1983,"CO2_concentration",344.957927866419,"ppmv CO2"
"235","Reference",1984,"CO2_concentration",345.937657111053,"ppmv CO2"
"236","Reference",1985,"CO2_concentration",347.066221603398,"ppmv CO2"
"237","Reference",1986,"CO2_concentration",348.185503864358,"ppmv CO2"
"238","Reference",1987,"CO2_concentration",349.376043243708,"ppmv CO2"
"239","Reference",1988,"CO2_concentration",350.60358071063,"ppmv CO2"
"240","Reference",1989,"CO2_concentration",351.871744037108,"ppmv CO2"
"241","Reference",1990,"CO2_concentration",353.131581016749,"ppmv CO2"
"242","Reference",1991,"CO2_concentration",354.443998877719,"ppmv CO2"
"243","Reference",1992,"CO2_concentration",355.703572312072,"ppmv CO2"
"244","Reference",1993,"CO2_concentration",356.851536070182,"ppmv CO2"
"245","Reference",1994,"CO2_concentration",357.901640942704,"ppmv CO2"
"246","Reference",1995,"CO2_concentration",359.166037208236,"ppmv CO2"
"247","Reference",1996,"CO2_concentration",360.495271605868,"ppmv CO2"
"248","Reference",1997,"CO2_concentration",361.978365250286,"ppmv CO2"
"249","Reference",1998,"CO2_concentration",363.673625727621,"ppmv CO2"
"250","Reference",1999,"CO2_concentration",365.241920508361,"ppmv CO2"
"251","Reference",2000,"CO2_concentration",366.839208493269,"ppmv CO2"
"252","Reference",2001,"CO2_concentration",368.460599532809,"ppmv CO2"
"253","Reference",2002,"CO2_concentration",370.053670630303,"ppmv CO2"
"254","Reference",2003,"CO2_concentration",371.747438965365,"ppmv CO2"
"255","Reference",2004,"CO2_concentration",373.702252504834,"ppmv CO2"
"256","Reference",2005,"CO2_concentration",375.72077053615,"ppmv CO2"
"257","Reference",2006,"CO2_concentration",377.775466058899,"ppmv CO2"
"258","Reference",2007,"CO2_concentration",379.984086378702,"ppmv CO2"
"259","Reference",2008,"CO2_concentration",382.218598357095,"ppmv CO2"
"260","Reference",2009,"CO2_concentration",384.492314065482,"ppmv CO2"
"261","Reference",2010,"CO2_concentration",386.70798620346,"ppmv CO2"
"262","Reference",2011,"CO2_concentration",389.183765743344,"ppmv CO2"
"263","Reference",2012,"CO2_concentration",391.726871661576,"ppmv CO2"
"264","Reference",2013,"CO2_concentration",394.333184831409,"ppmv CO2"
"265","Reference",2014,"CO2_concentration",396.932927005201,"ppmv CO2"
"266","Reference",2015,"CO2_concentration",399.579467938337,"ppmv CO2"
"267","Reference",2016,"CO2_concentration",402.206287093717,"ppmv CO2"
"268","Reference",2017,"CO2_concentration",404.685033227814,"ppmv CO2"
"269","Reference",2018,"CO2_concentration",407.188251454576,"ppmv CO2"
"270","Reference",2019,"CO2_concentration",409.701180966594,"ppmv CO2"
"271","Reference",2020,"CO2_concentration",412.182028948118,"ppmv CO2"
"272","Reference",2021,"CO2_concentration",414.386557831272,"ppmv CO2"
"273","Reference",2022,"CO2_concentration",416.859414899819,"ppmv CO2"
"274","Reference",2023,"CO2_concentration",419.333257048319,"ppmv CO2"
"275","Reference",2024,"CO2_concentration",421.971204488984,"ppmv CO2"
"276","Reference",2025,"CO2_concentration",424.758509918731,"ppmv CO2"
"277","Reference",2026,"CO2_concentration",427.692285388171,"ppmv CO2"
"278","Reference",2027,"CO2_concentration",430.584974303669,"ppmv CO2"
"279","Reference",2028,"CO2_concentration",433.443259513276,"ppmv CO2"
"280","Reference",2029,"CO2_concentration",436.268998491511,"ppmv CO2"
"281","Reference",2030,"CO2_concentration",439.062394817447,"ppmv CO2"
"282","Reference",2031,"CO2_concentration",441.823001681895,"ppmv CO2"
"283","Reference",2032,"CO2_concentration",444.586649935751,"ppmv CO2"
"284","Reference",2033,"CO2_concentration",447.35391839002,"ppmv CO2"
"285","Reference",2034,"CO2_concentration",450.126202149683,"ppmv CO2"
"286","Reference",2035,"CO2_concentration",452.904834398498,"ppmv CO2"
"287","Reference",2036,"CO2_concentration",455.691068903028,"ppmv CO2"
"288","Reference",2037,"CO2_concentration",458.4785788909,"ppmv CO2"
"289","Reference",2038,"CO2_concentration",461.26929729426,"ppmv CO2"
"290","Reference",2039,"CO2_concentration",464.06469890174,"ppmv CO2"
"291","Reference",2040,"CO2_concentration",466.866065602131,"ppmv CO2"
"292","Reference",2041,"CO2_concentration",469.674611172864,"ppmv CO2"
"293","Reference",2042,"CO2_concentration",472.498040078681,"ppmv CO2"
"294","Reference",2043,"CO2_concentration",475.337494462696,"ppmv CO2"
"295","Reference",2044,"CO2_concentration",478.19423202931,"ppmv CO2"
"296","Reference",2045,"CO2_concentration",481.069509382157,"ppmv CO2"
"297","Reference",2046,"CO2_concentration",483.964553232056,"ppmv CO2"
"298","Reference",2047,"CO2_concentration",486.865738017212,"ppmv CO2"
"299","Reference",2048,"CO2_concentration",489.773573835343,"ppmv CO2"
"300","Reference",2049,"CO2_concentration",492.68838130398,"ppmv CO2"
"301","Reference",2050,"CO2_concentration",495.610400418861,"ppmv CO2"
"302","Reference",2051,"CO2_concentration",498.539830328171,"ppmv CO2"
"303","Reference",2052,"CO2_concentration",501.487377814606,"ppmv CO2"
"304","Reference",2053,"CO2_concentration",504.452251270843,"ppmv CO2"
"305","Reference",2054,"CO2_concentration",507.433992268528,"ppmv CO2"
"306","Reference",2055,"CO2_concentration",510.43223959738,"ppmv CO2"
"307","Reference",2056,"CO2_concentration",513.446681460559,"ppmv CO2"
"308","Reference",2057,"CO2_concentration",516.482517536981,"ppmv CO2"
"309","Reference",2058,"CO2_concentration",519.538780695,"ppmv CO2"
"310","Reference",2059,"CO2_concentration",522.614723010786,"ppmv CO2"
"311","Reference",2060,"CO2_concentration",525.709683845664,"ppmv CO2"
"312","Reference",2061,"CO2_concentration",528.823017990255,"ppmv CO2"
"313","Reference",2062,"CO2_concentration",531.954086496324,"ppmv CO2"
"314","Reference",2063,"CO2_concentration",535.102249436259,"ppmv CO2"
"315","Reference",2064,"CO2_concentration",538.266876679328,"ppmv CO2"
"316","Reference",2065,"CO2_concentration",541.447416076459,"ppmv CO2"
"317","Reference",2066,"CO2_concentration",544.643261269167,"ppmv CO2"
"318","Reference",2067,"CO2_concentration",547.85756633944,"ppmv CO2"
"319","Reference",2068,"CO2_concentration",551.089307944784,"ppmv CO2"
"320","Reference",2069,"CO2_concentration",554.337630117243,"ppmv CO2"
"321","Reference",2070,"CO2_concentration",557.601736512441,"ppmv CO2"
"322","Reference",2071,"CO2_concentration",560.880864240801,"ppmv CO2"
"323","Reference",2072,"CO2_concentration",564.174996844429,"ppmv CO2"
"324","Reference",2073,"CO2_concentration",567.484018204683,"ppmv CO2"
"325","Reference",2074,"CO2_concentration",570.80773895192,"ppmv CO2"
"326","Reference",2075,"CO2_concentration",574.145952866882,"ppmv CO2"
"327","Reference",2076,"CO2_concentration",577.498470237726,"ppmv CO2"
"328","Reference",2077,"CO2_concentration",580.850667169513,"ppmv CO2"
"329","Reference",2078,"CO2_concentration",584.203179520122,"ppmv CO2"
"330","Reference",2079,"CO2_concentration",587.556196861084,"ppmv CO2"
"331","Reference",2080,"CO2_concentration",590.909812856638,"ppmv CO2"
"332","Reference",2081,"CO2_concentration",594.264089838597,"ppmv CO2"
"333","Reference",2082,"CO2_concentration",597.620069749639,"ppmv CO2"
"334","Reference",2083,"CO2_concentration",600.977698712863,"ppmv CO2"
"335","Reference",2084,"CO2_concentration",604.336905241284,"ppmv CO2"
"336","Reference",2085,"CO2_concentration",607.6976099825,"ppmv CO2"
"337","Reference",2086,"CO2_concentration",611.059776450548,"ppmv CO2"
"338","Reference",2087,"CO2_concentration",614.424860357411,"ppmv CO2"
"339","Reference",2088,"CO2_concentration",617.792674881954,"ppmv CO2"
"340","Reference",2089,"CO2_concentration",621.163005662145,"ppmv CO2"
"341","Reference",2090,"CO2_concentration",624.535664883677,"ppmv CO2"
"342","Reference",2091,"CO2_concentration",627.910462191387,"ppmv CO2"
"343","Reference",2092,"CO2_concentration",631.283514964514,"ppmv CO2"
"344","Reference",2093,"CO2_concentration",634.654930845242,"ppmv CO2"
"345","Reference",2094,"CO2_concentration",638.024697373009,"ppmv CO2"
"346","Reference",2095,"CO2_concentration",641.392753536821,"ppmv CO2"
"347","Reference",2096,"CO2_concentration",644.759027186004,"ppmv CO2"
"348","Reference",2097,"CO2_concentration",648.122710545775,"ppmv CO2"
"349","Reference",2098,"CO2_concentration",651.484097736462,"ppmv CO2"
"350","Reference",2099,"CO2_concentration",654.843375660175,"ppmv CO2"
"351","Reference",2100,"CO2_concentration",658.200707067273,"ppmv CO2"
"352","Reference",1750,"CH4_concentration",731.4059957,"ppbv CH4"
"353","Reference",1751,"CH4_concentration",731.8381653,"ppbv CH4"
"354","Reference",1752,"CH4_concentration",732.8999736,"ppbv CH4"
"355","Reference",1753,"CH4_concentration",733.634038236157,"ppbv CH4"
"356","Reference",1754,"CH4_concentration",734.202020479877,"ppbv CH4"
"357","Reference",1755,"CH4_concentration",734.736075239844,"ppbv CH4"
"358","Reference",1756,"CH4_concentration",735.420990434455,"ppbv CH4"
"359","Reference",1757,"CH4_concentration",735.89301208121,"ppbv CH4"
"360","Reference",1758,"CH4_concentration",736.206977665042,"ppbv CH4"
"361","Reference",1759,"CH4_concentration",736.098868699422,"ppbv CH4"
"362","Reference",1760,"CH4_concentration",735.484147335413,"ppbv CH4"
"363","Reference",1761,"CH4_concentration",735.762982672726,"ppbv CH4"
"364","Reference",1762,"CH4_concentration",736.303045284661,"ppbv CH4"
"365","Reference",1763,"CH4_concentration",737.180947775575,"ppbv CH4"
"366","Reference",1764,"CH4_concentration",738.102978216697,"ppbv CH4"
"367","Reference",1765,"CH4_concentration",738.985960761901,"ppbv CH4"
"368","Reference",1766,"CH4_concentration",739.83101439065,"ppbv CH4"
"369","Reference",1767,"CH4_concentration",740.728918849594,"ppbv CH4"
"370","Reference",1768,"CH4_concentration",741.221996882911,"ppbv CH4"
"371","Reference",1769,"CH4_concentration",741.746995843597,"ppbv CH4"
"372","Reference",1770,"CH4_concentration",742.300965671312,"ppbv CH4"
"373","Reference",1771,"CH4_concentration",742.871119705503,"ppbv CH4"
"374","Reference",1772,"CH4_concentration",744.018925278362,"ppbv CH4"
"375","Reference",1773,"CH4_concentration",744.662946017998,"ppbv CH4"
"376","Reference",1774,"CH4_concentration",744.878030423671,"ppbv CH4"
"377","Reference",1775,"CH4_concentration",745.366998069968,"ppbv CH4"
"378","Reference",1776,"CH4_concentration",746.04796996145,"ppbv CH4"
"379","Reference",1777,"CH4_concentration",746.73675630096,"ppbv CH4"
"380","Reference",1778,"CH4_concentration",746.750811563207,"ppbv CH4"
"381","Reference",1779,"CH4_concentration",746.906674565922,"ppbv CH4"
"382","Reference",1780,"CH4_concentration",747.230600719361,"ppbv CH4"
"383","Reference",1781,"CH4_concentration",747.765454402862,"ppbv CH4"
"384","Reference",1782,"CH4_concentration",748.289293003148,"ppbv CH4"
"385","Reference",1783,"CH4_concentration",748.62615932924,"ppbv CH4"
"386","Reference",1784,"CH4_concentration",748.933004015487,"ppbv CH4"
"387","Reference",1785,"CH4_concentration",749.251104529343,"ppbv CH4"
"388","Reference",1786,"CH4_concentration",749.563124674976,"ppbv CH4"
"389","Reference",1787,"CH4_concentration",749.6683000068,"ppbv CH4"
"390","Reference",1788,"CH4_concentration",750.160304873369,"ppbv CH4"
"391","Reference",1789,"CH4_concentration",750.64639388277,"ppbv CH4"
"392","Reference",1790,"CH4_concentration",751.163437701621,"ppbv CH4"
"393","Reference",1791,"CH4_concentration",751.707505210631,"ppbv CH4"
"394","Reference",1792,"CH4_concentration",752.277513395644,"ppbv CH4"
"395","Reference",1793,"CH4_concentration",752.6816088801,"ppbv CH4"
"396","Reference",1794,"CH4_concentration",753.251624670579,"ppbv CH4"
"397","Reference",1795,"CH4_concentration",753.840680173304,"ppbv CH4"
"398","Reference",1796,"CH4_concentration",754.517698538745,"ppbv CH4"
"399","Reference",1797,"CH4_concentration",755.255743011229,"ppbv CH4"
"400","Reference",1798,"CH4_concentration",756.112742848954,"ppbv CH4"
"401","Reference",1799,"CH4_concentration",756.94176765934,"ppbv CH4"
"402","Reference",1800,"CH4_concentration",757.761792600148,"ppbv CH4"
"403","Reference",1801,"CH4_concentration",758.583818465696,"ppbv CH4"
"404","Reference",1802,"CH4_concentration",759.506823258349,"ppbv CH4"
"405","Reference",1803,"CH4_concentration",760.507767008745,"ppbv CH4"
"406","Reference",1804,"CH4_concentration",761.540741623581,"ppbv CH4"
"407","Reference",1805,"CH4_concentration",762.670625461665,"ppbv CH4"
"408","Reference",1806,"CH4_concentration",763.798525879523,"ppbv CH4"
"409","Reference",1807,"CH4_concentration",765.021393446265,"ppbv CH4"
"410","Reference",1808,"CH4_concentration",766.318242049612,"ppbv CH4"
"411","Reference",1809,"CH4_concentration",767.654076443845,"ppbv CH4"
"412","Reference",1810,"CH4_concentration",769.14595012864,"ppbv CH4"
"413","Reference",1811,"CH4_concentration",770.716907221421,"ppbv CH4"
"414","Reference",1812,"CH4_concentration",772.209009907372,"ppbv CH4"
"415","Reference",1813,"CH4_concentration",773.699910257508,"ppbv CH4"
"416","Reference",1814,"CH4_concentration",774.82707467638,"ppbv CH4"
"417","Reference",1815,"CH4_concentration",776.13898074665,"ppbv CH4"
"418","Reference",1816,"CH4_concentration",777.379138576695,"ppbv CH4"
"419","Reference",1817,"CH4_concentration",778.990032658718,"ppbv CH4"
"420","Reference",1818,"CH4_concentration",780.30206686008,"ppbv CH4"
"421","Reference",1819,"CH4_concentration",781.425084172334,"ppbv CH4"
"422","Reference",1820,"CH4_concentration",782.426126662852,"ppbv CH4"
"423","Reference",1821,"CH4_concentration",783.567193160532,"ppbv CH4"
"424","Reference",1822,"CH4_concentration",784.955130610848,"ppbv CH4"
"425","Reference",1823,"CH4_concentration",786.220162804374,"ppbv CH4"
"426","Reference",1824,"CH4_concentration",787.474172409453,"ppbv CH4"
"427","Reference",1825,"CH4_concentration",788.713171747258,"ppbv CH4"
"428","Reference",1826,"CH4_concentration",789.830166182573,"ppbv CH4"
"429","Reference",1827,"CH4_concentration",790.869223336658,"ppbv CH4"
"430","Reference",1828,"CH4_concentration",791.982183191097,"ppbv CH4"
"431","Reference",1829,"CH4_concentration",792.999220786524,"ppbv CH4"
"432","Reference",1830,"CH4_concentration",793.959185039454,"ppbv CH4"
"433","Reference",1831,"CH4_concentration",794.809239814862,"ppbv CH4"
"434","Reference",1832,"CH4_concentration",795.578157578332,"ppbv CH4"
"435","Reference",1833,"CH4_concentration",796.123295322241,"ppbv CH4"
"436","Reference",1834,"CH4_concentration",797.04322417249,"ppbv CH4"
"437","Reference",1835,"CH4_concentration",797.830162202042,"ppbv CH4"
"438","Reference",1836,"CH4_concentration",798.105213419938,"ppbv CH4"
"439","Reference",1837,"CH4_concentration",798.115188737818,"ppbv CH4"
"440","Reference",1838,"CH4_concentration",797.93622943645,"ppbv CH4"
"441","Reference",1839,"CH4_concentration",797.921317220883,"ppbv CH4"
"442","Reference",1840,"CH4_concentration",798.3862733835,"ppbv CH4"
"443","Reference",1841,"CH4_concentration",799.059313414332,"ppbv CH4"
"444","Reference",1842,"CH4_concentration",800.00035365068,"ppbv CH4"
"445","Reference",1843,"CH4_concentration",801.491422173315,"ppbv CH4"
"446","Reference",1844,"CH4_concentration",803.618319289239,"ppbv CH4"
"447","Reference",1845,"CH4_concentration",805.66431991363,"ppbv CH4"
"448","Reference",1846,"CH4_concentration",807.255224054657,"ppbv CH4"
"449","Reference",1847,"CH4_concentration",807.93629564715,"ppbv CH4"
"450","Reference",1848,"CH4_concentration",808.091368648893,"ppbv CH4"
"451","Reference",1849,"CH4_concentration",808.214351296058,"ppbv CH4"
"452","Reference",1850,"CH4_concentration",808.248440632104,"ppbv CH4"
"453","Reference",1851,"CH4_concentration",808.413641228918,"ppbv CH4"
"454","Reference",1852,"CH4_concentration",809.162845036919,"ppbv CH4"
"455","Reference",1853,"CH4_concentration",810.404020268324,"ppbv CH4"
"456","Reference",1854,"CH4_concentration",811.732413668661,"ppbv CH4"
"457","Reference",1855,"CH4_concentration",813.332448211512,"ppbv CH4"
"458","Reference",1856,"CH4_concentration",814.79659033778,"ppbv CH4"
"459","Reference",1857,"CH4_concentration",816.45274833215,"ppbv CH4"
"460","Reference",1858,"CH4_concentration",818.355978240694,"ppbv CH4"
"461","Reference",1859,"CH4_concentration",820.396978470153,"ppbv CH4"
"462","Reference",1860,"CH4_concentration",822.313169715867,"ppbv CH4"
"463","Reference",1861,"CH4_concentration",824.400533559853,"ppbv CH4"
"464","Reference",1862,"CH4_concentration",827.030959555714,"ppbv CH4"
"465","Reference",1863,"CH4_concentration",830.168362568037,"ppbv CH4"
"466","Reference",1864,"CH4_concentration",833.606227905093,"ppbv CH4"
"467","Reference",1865,"CH4_concentration",836.896237535564,"ppbv CH4"
"468","Reference",1866,"CH4_concentration",840.364271654079,"ppbv CH4"
"469","Reference",1867,"CH4_concentration",843.997405707408,"ppbv CH4"
"470","Reference",1868,"CH4_concentration",847.251834592289,"ppbv CH4"
"471","Reference",1869,"CH4_concentration",850.133378502257,"ppbv CH4"
"472","Reference",1870,"CH4_concentration",852.43898456293,"ppbv CH4"
"473","Reference",1871,"CH4_concentration",853.997817489926,"ppbv CH4"
"474","Reference",1872,"CH4_concentration",855.238555324673,"ppbv CH4"
"475","Reference",1873,"CH4_concentration",856.174629283572,"ppbv CH4"
"476","Reference",1874,"CH4_concentration",857.827401223696,"ppbv CH4"
"477","Reference",1875,"CH4_concentration",859.476765745265,"ppbv CH4"
"478","Reference",1876,"CH4_concentration",860.867249217768,"ppbv CH4"
"479","Reference",1877,"CH4_concentration",862.387738621126,"ppbv CH4"
"480","Reference",1878,"CH4_concentration",864.148262186738,"ppbv CH4"
"481","Reference",1879,"CH4_concentration",866.292861745139,"ppbv CH4"
"482","Reference",1880,"CH4_concentration",868.706459221585,"ppbv CH4"
"483","Reference",1881,"CH4_concentration",870.995149421422,"ppbv CH4"
"484","Reference",1882,"CH4_concentration",873.261720623017,"ppbv CH4"
"485","Reference",1883,"CH4_concentration",875.615240034423,"ppbv CH4"
"486","Reference",1884,"CH4_concentration",878.160859693761,"ppbv CH4"
"487","Reference",1885,"CH4_concentration",881.037267764958,"ppbv CH4"
"488","Reference",1886,"CH4_concentration",883.850372275575,"ppbv CH4"
"489","Reference",1887,"CH4_concentration",886.943388270009,"ppbv CH4"
"490","Reference",1888,"CH4_concentration",889.935638277573,"ppbv CH4"
"491","Reference",1889,"CH4_concentration",893.164827285013,"ppbv CH4"
"492","Reference",1890,"CH4_concentration",896.391282147291,"ppbv CH4"
"493","Reference",1891,"CH4_concentration",899.674087689752,"ppbv CH4"
"494","Reference",1892,"CH4_concentration",903.541789630566,"ppbv CH4"
"495","Reference",1893,"CH4_concentration",907.281354017227,"ppbv CH4"
"496","Reference",1894,"CH4_concentration",910.485248306358,"ppbv CH4"
"497","Reference",1895,"CH4_concentration",913.233307778906,"ppbv CH4"
"498","Reference",1896,"CH4_concentration",914.778817670294,"ppbv CH4"
"499","Reference",1897,"CH4_concentration",916.282532082832,"ppbv CH4"
"500","Reference",1898,"CH4_concentration",919.026091039892,"ppbv CH4"
"501","Reference",1899,"CH4_concentration",922.290701938177,"ppbv CH4"
"502","Reference",1900,"CH4_concentration",925.562326147449,"ppbv CH4"
"503","Reference",1901,"CH4_concentration",928.811214819325,"ppbv CH4"
"504","Reference",1902,"CH4_concentration",932.742702305623,"ppbv CH4"
"505","Reference",1903,"CH4_concentration",936.795683594218,"ppbv CH4"
"506","Reference",1904,"CH4_concentration",942.127018100602,"ppbv CH4"
"507","Reference",1905,"CH4_concentration",947.455374707282,"ppbv CH4"
"508","Reference",1906,"CH4_concentration",953.103962446929,"ppbv CH4"
"509","Reference",1907,"CH4_concentration",959.167467037475,"ppbv CH4"
"510","Reference",1908,"CH4_concentration",964.096835330045,"ppbv CH4"
"511","Reference",1909,"CH4_concentration",969.410019900762,"ppbv CH4"
"512","Reference",1910,"CH4_concentration",974.799058947369,"ppbv CH4"
"513","Reference",1911,"CH4_concentration",979.477870716556,"ppbv CH4"
"514","Reference",1912,"CH4_concentration",983.619110287531,"ppbv CH4"
"515","Reference",1913,"CH4_concentration",986.256343584685,"ppbv CH4"
"516","Reference",1914,"CH4_concentration",988.624663061019,"ppbv CH4"
"517","Reference",1915,"CH4_concentration",991.47424935366,"ppbv CH4"
"518","Reference",1916,"CH4_concentration",998.466753828159,"ppbv CH4"
"519","Reference",1917,"CH4_concentration",1003.58372585679,"ppbv CH4"
"520","Reference",1918,"CH4_concentration",1010.14414030091,"ppbv CH4"
"521","Reference",1919,"CH4_concentration",1017.64467661289,"ppbv CH4"
"522","Reference",1920,"CH4_concentration",1025.08527304902,"ppbv CH4"
"523","Reference",1921,"CH4_concentration",1032.21610336719,"ppbv CH4"
"524","Reference",1922,"CH4_concentration",1039.11685689963,"ppbv CH4"
"525","Reference",1923,"CH4_concentration",1045.14773018424,"ppbv CH4"
"526","Reference",1924,"CH4_concentration",1049.46867407755,"ppbv CH4"
"527","Reference",1925,"CH4_concentration",1052.1794345512,"ppbv CH4"
"528","Reference",1926,"CH4_concentration",1053.6204900745,"ppbv CH4"
"529","Reference",1927,"CH4_concentration",1055.79183757691,"ppbv CH4"
"530","Reference",1928,"CH4_concentration",1060.66247591978,"ppbv CH4"
"531","Reference",1929,"CH4_concentration",1066.68324942221,"ppbv CH4"
"532","Reference",1930,"CH4_concentration",1072.66371465991,"ppbv CH4"
"533","Reference",1931,"CH4_concentration",1077.51398247626,"ppbv CH4"
"534","Reference",1932,"CH4_concentration",1081.98453886598,"ppbv CH4"
"535","Reference",1933,"CH4_concentration",1086.56541021343,"ppbv CH4"
"536","Reference",1934,"CH4_concentration",1091.79600940266,"ppbv CH4"
"537","Reference",1935,"CH4_concentration",1097.10662593553,"ppbv CH4"
"538","Reference",1936,"CH4_concentration",1101.85765030394,"ppbv CH4"
"539","Reference",1937,"CH4_concentration",1106.34819590909,"ppbv CH4"
"540","Reference",1938,"CH4_concentration",1110.65985155053,"ppbv CH4"
"541","Reference",1939,"CH4_concentration",1116.93954669354,"ppbv CH4"
"542","Reference",1940,"CH4_concentration",1120.15088646464,"ppbv CH4"
"543","Reference",1941,"CH4_concentration",1123.27201618736,"ppbv CH4"
"544","Reference",1942,"CH4_concentration",1128.22236031717,"ppbv CH4"
"545","Reference",1943,"CH4_concentration",1132.69300570935,"ppbv CH4"
"546","Reference",1944,"CH4_concentration",1136.3039061808,"ppbv CH4"
"547","Reference",1945,"CH4_concentration",1139.35485424649,"ppbv CH4"
"548","Reference",1946,"CH4_concentration",1143.69557447687,"ppbv CH4"
"549","Reference",1947,"CH4_concentration",1149.67609249238,"ppbv CH4"
"550","Reference",1948,"CH4_concentration",1155.66658512966,"ppbv CH4"
"551","Reference",1949,"CH4_concentration",1160.38678946418,"ppbv CH4"
"552","Reference",1950,"CH4_concentration",1163.85768314178,"ppbv CH4"
"553","Reference",1951,"CH4_concentration",1168.84753083548,"ppbv CH4"
"554","Reference",1952,"CH4_concentration",1174.34846896152,"ppbv CH4"
"555","Reference",1953,"CH4_concentration",1183.3984025956,"ppbv CH4"
"556","Reference",1954,"CH4_concentration",1194.4686399216,"ppbv CH4"
"557","Reference",1955,"CH4_concentration",1206.6891282099,"ppbv CH4"
"558","Reference",1956,"CH4_concentration",1221.13922542731,"ppbv CH4"
"559","Reference",1957,"CH4_concentration",1235.83883081105,"ppbv CH4"
"560","Reference",1958,"CH4_concentration",1247.45922620519,"ppbv CH4"
"561","Reference",1959,"CH4_concentration",1257.35877349943,"ppbv CH4"
"562","Reference",1960,"CH4_concentration",1264.15844136795,"ppbv CH4"
"563","Reference",1961,"CH4_concentration",1269.50002023121,"ppbv CH4"
"564","Reference",1962,"CH4_concentration",1282.60960690905,"ppbv CH4"
"565","Reference",1963,"CH4_concentration",1300.82869399191,"ppbv CH4"
"566","Reference",1964,"CH4_concentration",1317.40799853223,"ppbv CH4"
"567","Reference",1965,"CH4_concentration",1331.09491333397,"ppbv CH4"
"568","Reference",1966,"CH4_concentration",1342.27244933099,"ppbv CH4"
"569","Reference",1967,"CH4_concentration",1354.30117206438,"ppbv CH4"
"570","Reference",1968,"CH4_concentration",1371.67867824703,"ppbv CH4"
"571","Reference",1969,"CH4_concentration",1389.36864563909,"ppbv CH4"
"572","Reference",1970,"CH4_concentration",1411.12640512337,"ppbv CH4"
"573","Reference",1971,"CH4_concentration",1431.14623071621,"ppbv CH4"
"574","Reference",1972,"CH4_concentration",1449.314829311,"ppbv CH4"
"575","Reference",1973,"CH4_concentration",1462.88495851083,"ppbv CH4"
"576","Reference",1974,"CH4_concentration",1476.16486398858,"ppbv CH4"
"577","Reference",1975,"CH4_concentration",1491.76497882534,"ppbv CH4"
"578","Reference",1976,"CH4_concentration",1509.13519527836,"ppbv CH4"
"579","Reference",1977,"CH4_concentration",1527.70496683397,"ppbv CH4"
"580","Reference",1978,"CH4_concentration",1546.91507695156,"ppbv CH4"
"581","Reference",1979,"CH4_concentration",1566.18560074965,"ppbv CH4"
"582","Reference",1980,"CH4_concentration",1584.9663890069,"ppbv CH4"
"583","Reference",1981,"CH4_concentration",1602.67759182677,"ppbv CH4"
"584","Reference",1982,"CH4_concentration",1618.75951207715,"ppbv CH4"
"585","Reference",1983,"CH4_concentration",1632.6525262222,"ppbv CH4"
"586","Reference",1984,"CH4_concentration",1644.87563945986,"ppbv CH4"
"587","Reference",1985,"CH4_concentration",1657.32729417652,"ppbv CH4"
"588","Reference",1986,"CH4_concentration",1670.12991729031,"ppbv CH4"
"589","Reference",1987,"CH4_concentration",1682.74406838818,"ppbv CH4"
"590","Reference",1988,"CH4_concentration",1693.30795189188,"ppbv CH4"
"591","Reference",1989,"CH4_concentration",1704.58176455182,"ppbv CH4"
"592","Reference",1990,"CH4_concentration",1714.48624591209,"ppbv CH4"
"593","Reference",1991,"CH4_concentration",1724.84049390418,"ppbv CH4"
"594","Reference",1992,"CH4_concentration",1735.53394475821,"ppbv CH4"
"595","Reference",1993,"CH4_concentration",1736.54575311056,"ppbv CH4"
"596","Reference",1994,"CH4_concentration",1742.11352261962,"ppbv CH4"
"597","Reference",1995,"CH4_concentration",1748.94212992505,"ppbv CH4"
"598","Reference",1996,"CH4_concentration",1751.36237716904,"ppbv CH4"
"599","Reference",1997,"CH4_concentration",1754.5447337974,"ppbv CH4"
"600","Reference",1998,"CH4_concentration",1765.59731235077,"ppbv CH4"
"601","Reference",1999,"CH4_concentration",1772.36954084096,"ppbv CH4"
"602","Reference",2000,"CH4_concentration",1773.29260806227,"ppbv CH4"
"603","Reference",2001,"CH4_concentration",1771.36680160723,"ppbv CH4"
"604","Reference",2002,"CH4_concentration",1772.74057232442,"ppbv CH4"
"605","Reference",2003,"CH4_concentration",1777.41410953214,"ppbv CH4"
"606","Reference",2004,"CH4_concentration",1777.13771744646,"ppbv CH4"
"607","Reference",2005,"CH4_concentration",1774.35106162175,"ppbv CH4"
"608","Reference",2006,"CH4_concentration",1775.0545233501,"ppbv CH4"
"609","Reference",2007,"CH4_concentration",1781.47831143711,"ppbv CH4"
"610","Reference",2008,"CH4_concentration",1787.11153964911,"ppbv CH4"
"611","Reference",2009,"CH4_concentration",1793.64577877373,"ppbv CH4"
"612","Reference",2010,"CH4_concentration",1798.98909750606,"ppbv CH4"
"613","Reference",2011,"CH4_concentration",1803.21218959796,"ppbv CH4"
"614","Reference",2012,"CH4_concentration",1808.23555515722,"ppbv CH4"
"615","Reference",2013,"CH4_concentration",1813.54824796949,"ppbv CH4"
"616","Reference",2014,"CH4_concentration",1822.65101475694,"ppbv CH4"
"617","Reference",2015,"CH4_concentration",1834.38445858376,"ppbv CH4"
"618","Reference",2016,"CH4_concentration",1843.24700323223,"ppbv CH4"
"619","Reference",2017,"CH4_concentration",1849.70837596144,"ppbv CH4"
"620","Reference",2018,"CH4_concentration",1857.46960046326,"ppbv CH4"
"621","Reference",2019,"CH4_concentration",1866.67196261976,"ppbv CH4"
"622","Reference",2020,"CH4_concentration",1878.86375481084,"ppbv CH4"
"623","Reference",2021,"CH4_concentration",1894.94607484802,"ppbv CH4"
"624","Reference",2022,"CH4_concentration",1911.06851935918,"ppbv CH4"
"625","Reference",2023,"CH4_concentration",1924.18245587272,"ppbv CH4"
"626","Reference",2024,"CH4_concentration",1942.02470125072,"ppbv CH4"
"627","Reference",2025,"CH4_concentration",1964.14512156743,"ppbv CH4"
"628","Reference",2026,"CH4_concentration",1986.28885392642,"ppbv CH4"
"629","Reference",2027,"CH4_concentration",2008.46813138296,"ppbv CH4"
"630","Reference",2028,"CH4_concentration",2030.69231774334,"ppbv CH4"
"631","Reference",2029,"CH4_concentration",2052.96651174068,"ppbv CH4"
"632","Reference",2030,"CH4_concentration",2075.29440621479,"ppbv CH4"
"633","Reference",2031,"CH4_concentration",2097.74474748837,"ppbv CH4"
"634","Reference",2032,"CH4_concentration",2120.31610881523,"ppbv CH4"
"635","Reference",2033,"CH4_concentration",2143.00324539079,"ppbv CH4"
"636","Reference",2034,"CH4_concentration",2165.80371666775,"ppbv CH4"
"637","Reference",2035,"CH4_concentration",2188.71601531337,"ppbv CH4"
"638","Reference",2036,"CH4_concentration",2211.13449010644,"ppbv CH4"
"639","Reference",2037,"CH4_concentration",2233.09610861631,"ppbv CH4"
"640","Reference",2038,"CH4_concentration",2254.63547720477,"ppbv CH4"
"641","Reference",2039,"CH4_concentration",2275.78406642657,"ppbv CH4"
"642","Reference",2040,"CH4_concentration",2296.57072943296,"ppbv CH4"
"643","Reference",2041,"CH4_concentration",2317.31567413463,"ppbv CH4"
"644","Reference",2042,"CH4_concentration",2338.02135647624,"ppbv CH4"
"645","Reference",2043,"CH4_concentration",2358.69004583239,"ppbv CH4"
"646","Reference",2044,"CH4_concentration",2379.32427657608,"ppbv CH4"
"647","Reference",2045,"CH4_concentration",2399.92657843109,"ppbv CH4"
"648","Reference",2046,"CH4_concentration",2420.29914736725,"ppbv CH4"
"649","Reference",2047,"CH4_concentration",2440.45686058936,"ppbv CH4"
"650","Reference",2048,"CH4_concentration",2460.41290602071,"ppbv CH4"
"651","Reference",2049,"CH4_concentration",2480.17965947384,"ppbv CH4"
"652","Reference",2050,"CH4_concentration",2499.76861744437,"ppbv CH4"
"653","Reference",2051,"CH4_concentration",2519.15927358578,"ppbv CH4"
"654","Reference",2052,"CH4_concentration",2538.36359368059,"ppbv CH4"
"655","Reference",2053,"CH4_concentration",2557.39259958704,"ppbv CH4"
"656","Reference",2054,"CH4_concentration",2576.25668612006,"ppbv CH4"
"657","Reference",2055,"CH4_concentration",2594.96554984841,"ppbv CH4"
"658","Reference",2056,"CH4_concentration",2613.48904036211,"ppbv CH4"
"659","Reference",2057,"CH4_concentration",2631.8377958094,"ppbv CH4"
"660","Reference",2058,"CH4_concentration",2650.0216036681,"ppbv CH4"
"661","Reference",2059,"CH4_concentration",2668.04963902145,"ppbv CH4"
"662","Reference",2060,"CH4_concentration",2685.9304454339,"ppbv CH4"
"663","Reference",2061,"CH4_concentration",2703.31635656345,"ppbv CH4"
"664","Reference",2062,"CH4_concentration",2720.23899667711,"ppbv CH4"
"665","Reference",2063,"CH4_concentration",2736.72783086721,"ppbv CH4"
"666","Reference",2064,"CH4_concentration",2752.81006117788,"ppbv CH4"
"667","Reference",2065,"CH4_concentration",2768.51091008413,"ppbv CH4"
"668","Reference",2066,"CH4_concentration",2783.76959919536,"ppbv CH4"
"669","Reference",2067,"CH4_concentration",2798.61358257136,"ppbv CH4"
"670","Reference",2068,"CH4_concentration",2813.06816198826,"ppbv CH4"
"671","Reference",2069,"CH4_concentration",2827.15699848065,"ppbv CH4"
"672","Reference",2070,"CH4_concentration",2840.90214167918,"ppbv CH4"
"673","Reference",2071,"CH4_concentration",2854.22633634956,"ppbv CH4"
"674","Reference",2072,"CH4_concentration",2867.15588475339,"ppbv CH4"
"675","Reference",2073,"CH4_concentration",2879.71552928439,"ppbv CH4"
"676","Reference",2074,"CH4_concentration",2891.92815637541,"ppbv CH4"
"677","Reference",2075,"CH4_concentration",2903.81504341762,"ppbv CH4"
"678","Reference",2076,"CH4_concentration",2915.24305196762,"ppbv CH4"
"679","Reference",2077,"CH4_concentration",2926.24158877701,"ppbv CH4"
"680","Reference",2078,"CH4_concentration",2936.83863617941,"ppbv CH4"
"681","Reference",2079,"CH4_concentration",2947.05975247687,"ppbv CH4"
"682","Reference",2080,"CH4_concentration",2956.92859571541,"ppbv CH4"
"683","Reference",2081,"CH4_concentration",2966.36040871576,"ppbv CH4"
"684","Reference",2082,"CH4_concentration",2975.38268612583,"ppbv CH4"
"685","Reference",2083,"CH4_concentration",2984.02139481628,"ppbv CH4"
"686","Reference",2084,"CH4_concentration",2992.3004971413,"ppbv CH4"
"687","Reference",2085,"CH4_concentration",3000.24226178727,"ppbv CH4"
"688","Reference",2086,"CH4_concentration",3007.58337187046,"ppbv CH4"
"689","Reference",2087,"CH4_concentration",3014.36152684894,"ppbv CH4"
"690","Reference",2088,"CH4_concentration",3020.61238851184,"ppbv CH4"
"691","Reference",2089,"CH4_concentration",3026.3688841729,"ppbv CH4"
"692","Reference",2090,"CH4_concentration",3031.66169561813,"ppbv CH4"
"693","Reference",2091,"CH4_concentration",3036.36089286705,"ppbv CH4"
"694","Reference",2092,"CH4_concentration",3040.50415200577,"ppbv CH4"
"695","Reference",2093,"CH4_concentration",3044.12687839172,"ppbv CH4"
"696","Reference",2094,"CH4_concentration",3047.26199625911,"ppbv CH4"
"697","Reference",2095,"CH4_concentration",3049.94024230833,"ppbv CH4"
"698","Reference",2096,"CH4_concentration",3052.10201013405,"ppbv CH4"
"699","Reference",2097,"CH4_concentration",3053.78023438769,"ppbv CH4"
"700","Reference",2098,"CH4_concentration",3055.00606942534,"ppbv CH4"
"701","Reference",2099,"CH4_concentration",3055.80841916521,"ppbv CH4"
"702","Reference",2100,"CH4_concentration",3056.21426013227,"ppbv CH4"
"703","Reference",1750,"N2O_concentration",273.743982774585,"ppbv N2O"
"704","Reference",1751,"N2O_concentration",273.735823848476,"ppbv N2O"
"705","Reference",1752,"N2O_concentration",273.726724915638,"ppbv N2O"
"706","Reference",1753,"N2O_concentration",273.715867358545,"ppbv N2O"
"707","Reference",1754,"N2O_concentration",273.708545485792,"ppbv N2O"
"708","Reference",1755,"N2O_concentration",273.702558917222,"ppbv N2O"
"709","Reference",1756,"N2O_concentration",273.690336890072,"ppbv N2O"
"710","Reference",1757,"N2O_concentration",273.683734710579,"ppbv N2O"
"711","Reference",1758,"N2O_concentration",273.677331621682,"ppbv N2O"
"712","Reference",1759,"N2O_concentration",273.669199413906,"ppbv N2O"
"713","Reference",1760,"N2O_concentration",273.662110460601,"ppbv N2O"
"714","Reference",1761,"N2O_concentration",273.657870042768,"ppbv N2O"
"715","Reference",1762,"N2O_concentration",273.650754747491,"ppbv N2O"
"716","Reference",1763,"N2O_concentration",273.647370880474,"ppbv N2O"
"717","Reference",1764,"N2O_concentration",273.637598209143,"ppbv N2O"
"718","Reference",1765,"N2O_concentration",273.633067099915,"ppbv N2O"
"719","Reference",1766,"N2O_concentration",273.627571911737,"ppbv N2O"
"720","Reference",1767,"N2O_concentration",273.617257834155,"ppbv N2O"
"721","Reference",1768,"N2O_concentration",273.614882576123,"ppbv N2O"
"722","Reference",1769,"N2O_concentration",273.609668269314,"ppbv N2O"
"723","Reference",1770,"N2O_concentration",273.607547130483,"ppbv N2O"
"724","Reference",1771,"N2O_concentration",273.604170119435,"ppbv N2O"
"725","Reference",1772,"N2O_concentration",273.599410184298,"ppbv N2O"
"726","Reference",1773,"N2O_concentration",273.590395929255,"ppbv N2O"
"727","Reference",1774,"N2O_concentration",273.587678972683,"ppbv N2O"
"728","Reference",1775,"N2O_concentration",273.586361582004,"ppbv N2O"
"729","Reference",1776,"N2O_concentration",273.579696867169,"ppbv N2O"
"730","Reference",1777,"N2O_concentration",273.573662373753,"ppbv N2O"
"731","Reference",1778,"N2O_concentration",273.573637681811,"ppbv N2O"
"732","Reference",1779,"N2O_concentration",273.56856296692,"ppbv N2O"
"733","Reference",1780,"N2O_concentration",273.566155507991,"ppbv N2O"
"734","Reference",1781,"N2O_concentration",273.565244483868,"ppbv N2O"
"735","Reference",1782,"N2O_concentration",273.563023730074,"ppbv N2O"
"736","Reference",1783,"N2O_concentration",273.561917006891,"ppbv N2O"
"737","Reference",1784,"N2O_concentration",273.557617611537,"ppbv N2O"
"738","Reference",1785,"N2O_concentration",273.556714564055,"ppbv N2O"
"739","Reference",1786,"N2O_concentration",273.553265084512,"ppbv N2O"
"740","Reference",1787,"N2O_concentration",273.546940321148,"ppbv N2O"
"741","Reference",1788,"N2O_concentration",273.548301228846,"ppbv N2O"
"742","Reference",1789,"N2O_concentration",273.546425500947,"ppbv N2O"
"743","Reference",1790,"N2O_concentration",273.54835402499,"ppbv N2O"
"744","Reference",1791,"N2O_concentration",273.548196476082,"ppbv N2O"
"745","Reference",1792,"N2O_concentration",273.548002530698,"ppbv N2O"
"746","Reference",1793,"N2O_concentration",273.542665037375,"ppbv N2O"
"747","Reference",1794,"N2O_concentration",273.543784680644,"ppbv N2O"
"748","Reference",1795,"N2O_concentration",273.546666715505,"ppbv N2O"
"749","Reference",1796,"N2O_concentration",273.543277220368,"ppbv N2O"
"750","Reference",1797,"N2O_concentration",273.541235488465,"ppbv N2O"
"751","Reference",1798,"N2O_concentration",273.543723332887,"ppbv N2O"
"752","Reference",1799,"N2O_concentration",273.543341417214,"ppbv N2O"
"753","Reference",1800,"N2O_concentration",273.543974318788,"ppbv N2O"
"754","Reference",1801,"N2O_concentration",273.545544877517,"ppbv N2O"
"755","Reference",1802,"N2O_concentration",273.547594316992,"ppbv N2O"
"756","Reference",1803,"N2O_concentration",273.548108840366,"ppbv N2O"
"757","Reference",1804,"N2O_concentration",273.547513777669,"ppbv N2O"
"758","Reference",1805,"N2O_concentration",273.548826103437,"ppbv N2O"
"759","Reference",1806,"N2O_concentration",273.549155772473,"ppbv N2O"
"760","Reference",1807,"N2O_concentration",273.545869127043,"ppbv N2O"
"761","Reference",1808,"N2O_concentration",273.550007760431,"ppbv N2O"
"762","Reference",1809,"N2O_concentration",273.551080260031,"ppbv N2O"
"763","Reference",1810,"N2O_concentration",273.555010065419,"ppbv N2O"
"764","Reference",1811,"N2O_concentration",273.558767732759,"ppbv N2O"
"765","Reference",1812,"N2O_concentration",273.560830931001,"ppbv N2O"
"766","Reference",1813,"N2O_concentration",273.558533174897,"ppbv N2O"
"767","Reference",1814,"N2O_concentration",273.562183090167,"ppbv N2O"
"768","Reference",1815,"N2O_concentration",273.566583301848,"ppbv N2O"
"769","Reference",1816,"N2O_concentration",273.567803770772,"ppbv N2O"
"770","Reference",1817,"N2O_concentration",273.567283742413,"ppbv N2O"
"771","Reference",1818,"N2O_concentration",273.573276479803,"ppbv N2O"
"772","Reference",1819,"N2O_concentration",273.575045756225,"ppbv N2O"
"773","Reference",1820,"N2O_concentration",273.578086228514,"ppbv N2O"
"774","Reference",1821,"N2O_concentration",273.583459623027,"ppbv N2O"
"775","Reference",1822,"N2O_concentration",273.58814191075,"ppbv N2O"
"776","Reference",1823,"N2O_concentration",273.591011819072,"ppbv N2O"
"777","Reference",1824,"N2O_concentration",273.593674333188,"ppbv N2O"
"778","Reference",1825,"N2O_concentration",273.598473873835,"ppbv N2O"
"779","Reference",1826,"N2O_concentration",273.601266017023,"ppbv N2O"
"780","Reference",1827,"N2O_concentration",273.600512733174,"ppbv N2O"
"781","Reference",1828,"N2O_concentration",273.607175952534,"ppbv N2O"
"782","Reference",1829,"N2O_concentration",273.610641511242,"ppbv N2O"
"783","Reference",1830,"N2O_concentration",273.618160931591,"ppbv N2O"
"784","Reference",1831,"N2O_concentration",273.623471043409,"ppbv N2O"
"785","Reference",1832,"N2O_concentration",273.628223638535,"ppbv N2O"
"786","Reference",1833,"N2O_concentration",273.628970506563,"ppbv N2O"
"787","Reference",1834,"N2O_concentration",273.635668931966,"ppbv N2O"
"788","Reference",1835,"N2O_concentration",273.641546878605,"ppbv N2O"
"789","Reference",1836,"N2O_concentration",273.645078970554,"ppbv N2O"
"790","Reference",1837,"N2O_concentration",273.647649486753,"ppbv N2O"
"791","Reference",1838,"N2O_concentration",273.655601453718,"ppbv N2O"
"792","Reference",1839,"N2O_concentration",273.661863033031,"ppbv N2O"
"793","Reference",1840,"N2O_concentration",273.665000758553,"ppbv N2O"
"794","Reference",1841,"N2O_concentration",273.673268454714,"ppbv N2O"
"795","Reference",1842,"N2O_concentration",273.68166797078,"ppbv N2O"
"796","Reference",1843,"N2O_concentration",273.686829554712,"ppbv N2O"
"797","Reference",1844,"N2O_concentration",273.691290175333,"ppbv N2O"
"798","Reference",1845,"N2O_concentration",273.698561516448,"ppbv N2O"
"799","Reference",1846,"N2O_concentration",273.70255029465,"ppbv N2O"
"800","Reference",1847,"N2O_concentration",273.705268574115,"ppbv N2O"
"801","Reference",1848,"N2O_concentration",273.713524222802,"ppbv N2O"
"802","Reference",1849,"N2O_concentration",273.719389917839,"ppbv N2O"
"803","Reference",1850,"N2O_concentration",273.790725379963,"ppbv N2O"
"804","Reference",1851,"N2O_concentration",273.860629407882,"ppbv N2O"
"805","Reference",1852,"N2O_concentration",273.949909983862,"ppbv N2O"
"806","Reference",1853,"N2O_concentration",274.038478521529,"ppbv N2O"
"807","Reference",1854,"N2O_concentration",274.142137090416,"ppbv N2O"
"808","Reference",1855,"N2O_concentration",274.246360689671,"ppbv N2O"
"809","Reference",1856,"N2O_concentration",274.334002578572,"ppbv N2O"
"810","Reference",1857,"N2O_concentration",274.407637754129,"ppbv N2O"
"811","Reference",1858,"N2O_concentration",274.543435325832,"ppbv N2O"
"812","Reference",1859,"N2O_concentration",274.699650410388,"ppbv N2O"
"813","Reference",1860,"N2O_concentration",274.877818461326,"ppbv N2O"
"814","Reference",1861,"N2O_concentration",275.050048260521,"ppbv N2O"
"815","Reference",1862,"N2O_concentration",275.202167927444,"ppbv N2O"
"816","Reference",1863,"N2O_concentration",275.345297751665,"ppbv N2O"
"817","Reference",1864,"N2O_concentration",275.49704877186,"ppbv N2O"
"818","Reference",1865,"N2O_concentration",275.661794328434,"ppbv N2O"
"819","Reference",1866,"N2O_concentration",275.819531168499,"ppbv N2O"
"820","Reference",1867,"N2O_concentration",275.989040281818,"ppbv N2O"
"821","Reference",1868,"N2O_concentration",276.157728767477,"ppbv N2O"
"822","Reference",1869,"N2O_concentration",276.309752920737,"ppbv N2O"
"823","Reference",1870,"N2O_concentration",276.491202754848,"ppbv N2O"
"824","Reference",1871,"N2O_concentration",276.664670087496,"ppbv N2O"
"825","Reference",1872,"N2O_concentration",276.82822348777,"ppbv N2O"
"826","Reference",1873,"N2O_concentration",276.98694245037,"ppbv N2O"
"827","Reference",1874,"N2O_concentration",277.155545952,"ppbv N2O"
"828","Reference",1875,"N2O_concentration",277.30081004668,"ppbv N2O"
"829","Reference",1876,"N2O_concentration",277.423856615134,"ppbv N2O"
"830","Reference",1877,"N2O_concentration",277.555976134705,"ppbv N2O"
"831","Reference",1878,"N2O_concentration",277.683148841715,"ppbv N2O"
"832","Reference",1879,"N2O_concentration",277.813090233164,"ppbv N2O"
"833","Reference",1880,"N2O_concentration",277.91671457183,"ppbv N2O"
"834","Reference",1881,"N2O_concentration",278.027255263485,"ppbv N2O"
"835","Reference",1882,"N2O_concentration",278.131200173871,"ppbv N2O"
"836","Reference",1883,"N2O_concentration",278.228386161261,"ppbv N2O"
"837","Reference",1884,"N2O_concentration",278.324152154479,"ppbv N2O"
"838","Reference",1885,"N2O_concentration",278.410909804831,"ppbv N2O"
"839","Reference",1886,"N2O_concentration",278.515669104653,"ppbv N2O"
"840","Reference",1887,"N2O_concentration",278.594213658921,"ppbv N2O"
"841","Reference",1888,"N2O_concentration",278.702803412772,"ppbv N2O"
"842","Reference",1889,"N2O_concentration",278.778720208284,"ppbv N2O"
"843","Reference",1890,"N2O_concentration",278.853118078959,"ppbv N2O"
"844","Reference",1891,"N2O_concentration",278.946652585365,"ppbv N2O"
"845","Reference",1892,"N2O_concentration",279.054022827455,"ppbv N2O"
"846","Reference",1893,"N2O_concentration",279.180713338212,"ppbv N2O"
"847","Reference",1894,"N2O_concentration",279.321490507438,"ppbv N2O"
"848","Reference",1895,"N2O_concentration",279.430571100116,"ppbv N2O"
"849","Reference",1896,"N2O_concentration",279.534721296664,"ppbv N2O"
"850","Reference",1897,"N2O_concentration",279.643678130265,"ppbv N2O"
"851","Reference",1898,"N2O_concentration",279.785258304702,"ppbv N2O"
"852","Reference",1899,"N2O_concentration",279.92946384996,"ppbv N2O"
"853","Reference",1900,"N2O_concentration",280.086472837574,"ppbv N2O"
"854","Reference",1901,"N2O_concentration",280.333160411461,"ppbv N2O"
"855","Reference",1902,"N2O_concentration",280.62792634343,"ppbv N2O"
"856","Reference",1903,"N2O_concentration",280.896387589442,"ppbv N2O"
"857","Reference",1904,"N2O_concentration",281.166074267133,"ppbv N2O"
"858","Reference",1905,"N2O_concentration",281.439011172431,"ppbv N2O"
"859","Reference",1906,"N2O_concentration",281.72834236021,"ppbv N2O"
"860","Reference",1907,"N2O_concentration",282.058923073523,"ppbv N2O"
"861","Reference",1908,"N2O_concentration",282.396652214526,"ppbv N2O"
"862","Reference",1909,"N2O_concentration",282.754865822598,"ppbv N2O"
"863","Reference",1910,"N2O_concentration",283.163066535935,"ppbv N2O"
"864","Reference",1911,"N2O_concentration",283.460988049724,"ppbv N2O"
"865","Reference",1912,"N2O_concentration",283.799284709056,"ppbv N2O"
"866","Reference",1913,"N2O_concentration",284.146798655048,"ppbv N2O"
"867","Reference",1914,"N2O_concentration",284.479176670935,"ppbv N2O"
"868","Reference",1915,"N2O_concentration",284.743685143474,"ppbv N2O"
"869","Reference",1916,"N2O_concentration",285.040786033006,"ppbv N2O"
"870","Reference",1917,"N2O_concentration",285.226974872291,"ppbv N2O"
"871","Reference",1918,"N2O_concentration",285.272091232036,"ppbv N2O"
"872","Reference",1919,"N2O_concentration",285.347020130355,"ppbv N2O"
"873","Reference",1920,"N2O_concentration",285.457845747465,"ppbv N2O"
"874","Reference",1921,"N2O_concentration",285.588375503877,"ppbv N2O"
"875","Reference",1922,"N2O_concentration",285.874952621669,"ppbv N2O"
"876","Reference",1923,"N2O_concentration",286.015468956106,"ppbv N2O"
"877","Reference",1924,"N2O_concentration",286.054775299339,"ppbv N2O"
"878","Reference",1925,"N2O_concentration",286.090146986723,"ppbv N2O"
"879","Reference",1926,"N2O_concentration",286.131846079103,"ppbv N2O"
"880","Reference",1927,"N2O_concentration",286.221937585444,"ppbv N2O"
"881","Reference",1928,"N2O_concentration",286.27417507457,"ppbv N2O"
"882","Reference",1929,"N2O_concentration",286.31654802111,"ppbv N2O"
"883","Reference",1930,"N2O_concentration",286.511865818601,"ppbv N2O"
"884","Reference",1931,"N2O_concentration",286.608147273372,"ppbv N2O"
"885","Reference",1932,"N2O_concentration",286.759983176872,"ppbv N2O"
"886","Reference",1933,"N2O_concentration",286.849882194838,"ppbv N2O"
"887","Reference",1934,"N2O_concentration",286.971369200785,"ppbv N2O"
"888","Reference",1935,"N2O_concentration",287.122779264311,"ppbv N2O"
"889","Reference",1936,"N2O_concentration",287.325220740028,"ppbv N2O"
"890","Reference",1937,"N2O_concentration",287.564421627871,"ppbv N2O"
"891","Reference",1938,"N2O_concentration",287.749279351028,"ppbv N2O"
"892","Reference",1939,"N2O_concentration",287.978229815849,"ppbv N2O"
"893","Reference",1940,"N2O_concentration",288.216981647126,"ppbv N2O"
"894","Reference",1941,"N2O_concentration",288.483419289949,"ppbv N2O"
"895","Reference",1942,"N2O_concentration",289.121081439855,"ppbv N2O"
"896","Reference",1943,"N2O_concentration",289.331025989274,"ppbv N2O"
"897","Reference",1944,"N2O_concentration",289.555518418804,"ppbv N2O"
"898","Reference",1945,"N2O_concentration",289.751577499826,"ppbv N2O"
"899","Reference",1946,"N2O_concentration",289.824438962026,"ppbv N2O"
"900","Reference",1947,"N2O_concentration",289.856312753395,"ppbv N2O"
"901","Reference",1948,"N2O_concentration",289.88905452476,"ppbv N2O"
"902","Reference",1949,"N2O_concentration",290.008316721389,"ppbv N2O"
"903","Reference",1950,"N2O_concentration",290.12618290147,"ppbv N2O"
"904","Reference",1951,"N2O_concentration",290.274776268275,"ppbv N2O"
"905","Reference",1952,"N2O_concentration",290.564961618827,"ppbv N2O"
"906","Reference",1953,"N2O_concentration",290.765622948531,"ppbv N2O"
"907","Reference",1954,"N2O_concentration",291.047509036862,"ppbv N2O"
"908","Reference",1955,"N2O_concentration",291.372039491117,"ppbv N2O"
"909","Reference",1956,"N2O_concentration",291.6779516514,"ppbv N2O"
"910","Reference",1957,"N2O_concentration",291.937029450864,"ppbv N2O"
"911","Reference",1958,"N2O_concentration",292.140934083078,"ppbv N2O"
"912","Reference",1959,"N2O_concentration",292.425519058495,"ppbv N2O"
"913","Reference",1960,"N2O_concentration",292.685921282469,"ppbv N2O"
"914","Reference",1961,"N2O_concentration",293.021199598218,"ppbv N2O"
"915","Reference",1962,"N2O_concentration",293.381165284637,"ppbv N2O"
"916","Reference",1963,"N2O_concentration",293.743380609879,"ppbv N2O"
"917","Reference",1964,"N2O_concentration",294.089266415994,"ppbv N2O"
"918","Reference",1965,"N2O_concentration",294.485968401063,"ppbv N2O"
"919","Reference",1966,"N2O_concentration",294.873010323108,"ppbv N2O"
"920","Reference",1967,"N2O_concentration",295.277424887775,"ppbv N2O"
"921","Reference",1968,"N2O_concentration",295.686005807099,"ppbv N2O"
"922","Reference",1969,"N2O_concentration",296.084973001836,"ppbv N2O"
"923","Reference",1970,"N2O_concentration",296.490354224237,"ppbv N2O"
"924","Reference",1971,"N2O_concentration",296.893090677915,"ppbv N2O"
"925","Reference",1972,"N2O_concentration",297.324644544461,"ppbv N2O"
"926","Reference",1973,"N2O_concentration",297.763528998364,"ppbv N2O"
"927","Reference",1974,"N2O_concentration",298.216276397174,"ppbv N2O"
"928","Reference",1975,"N2O_concentration",298.673231925473,"ppbv N2O"
"929","Reference",1976,"N2O_concentration",299.173011616213,"ppbv N2O"
"930","Reference",1977,"N2O_concentration",299.676346822175,"ppbv N2O"
"931","Reference",1978,"N2O_concentration",300.217729537363,"ppbv N2O"
"932","Reference",1979,"N2O_concentration",300.888883897498,"ppbv N2O"
"933","Reference",1980,"N2O_concentration",301.746338080129,"ppbv N2O"
"934","Reference",1981,"N2O_concentration",302.913138671171,"ppbv N2O"
"935","Reference",1982,"N2O_concentration",303.487617113041,"ppbv N2O"
"936","Reference",1983,"N2O_concentration",304.157943207984,"ppbv N2O"
"937","Reference",1984,"N2O_concentration",304.725815076176,"ppbv N2O"
"938","Reference",1985,"N2O_concentration",305.6327919656,"ppbv N2O"
"939","Reference",1986,"N2O_concentration",305.815826243607,"ppbv N2O"
"940","Reference",1987,"N2O_concentration",306.518496915009,"ppbv N2O"
"941","Reference",1988,"N2O_concentration",307.584037098559,"ppbv N2O"
"942","Reference",1989,"N2O_concentration",308.49103953164,"ppbv N2O"
"943","Reference",1990,"N2O_concentration",309.166778826374,"ppbv N2O"
"944","Reference",1991,"N2O_concentration",309.742839843214,"ppbv N2O"
"945","Reference",1992,"N2O_concentration",310.049637476105,"ppbv N2O"
"946","Reference",1993,"N2O_concentration",310.558937406236,"ppbv N2O"
"947","Reference",1994,"N2O_concentration",311.152345782446,"ppbv N2O"
"948","Reference",1995,"N2O_concentration",311.993258132466,"ppbv N2O"
"949","Reference",1996,"N2O_concentration",312.800256432775,"ppbv N2O"
"950","Reference",1997,"N2O_concentration",313.572665098668,"ppbv N2O"
"951","Reference",1998,"N2O_concentration",314.622560264668,"ppbv N2O"
"952","Reference",1999,"N2O_concentration",315.641483784572,"ppbv N2O"
"953","Reference",2000,"N2O_concentration",316.37754080161,"ppbv N2O"
"954","Reference",2001,"N2O_concentration",316.986925833529,"ppbv N2O"
"955","Reference",2002,"N2O_concentration",317.682664719798,"ppbv N2O"
"956","Reference",2003,"N2O_concentration",318.321905635712,"ppbv N2O"
"957","Reference",2004,"N2O_concentration",319.025801993323,"ppbv N2O"
"958","Reference",2005,"N2O_concentration",319.856999748995,"ppbv N2O"
"959","Reference",2006,"N2O_concentration",320.583959820407,"ppbv N2O"
"960","Reference",2007,"N2O_concentration",321.511276274403,"ppbv N2O"
"961","Reference",2008,"N2O_concentration",322.222510347527,"ppbv N2O"
"962","Reference",2009,"N2O_concentration",323.064965831096,"ppbv N2O"
"963","Reference",2010,"N2O_concentration",324.072137613964,"ppbv N2O"
"964","Reference",2011,"N2O_concentration",324.931963212755,"ppbv N2O"
"965","Reference",2012,"N2O_concentration",325.851339106606,"ppbv N2O"
"966","Reference",2013,"N2O_concentration",326.942687034116,"ppbv N2O"
"967","Reference",2014,"N2O_concentration",327.865172971667,"ppbv N2O"
"968","Reference",2015,"N2O_concentration",328.704800933687,"ppbv N2O"
"969","Reference",2016,"N2O_concentration",329.595851081239,"ppbv N2O"
"970","Reference",2017,"N2O_concentration",330.740219268569,"ppbv N2O"
"971","Reference",2018,"N2O_concentration",331.653009224047,"ppbv N2O"
"972","Reference",2019,"N2O_concentration",332.839644590593,"ppbv N2O"
"973","Reference",2020,"N2O_concentration",334.047342236016,"ppbv N2O"
"974","Reference",2021,"N2O_concentration",335.405754163591,"ppbv N2O"
"975","Reference",2022,"N2O_concentration",336.353556613898,"ppbv N2O"
"976","Reference",2023,"N2O_concentration",337.321812530725,"ppbv N2O"
"977","Reference",2024,"N2O_concentration",338.310356439028,"ppbv N2O"
"978","Reference",2025,"N2O_concentration",339.3190241262,"ppbv N2O"
"979","Reference",2026,"N2O_concentration",340.335201706956,"ppbv N2O"
"980","Reference",2027,"N2O_concentration",341.358827585627,"ppbv N2O"
"981","Reference",2028,"N2O_concentration",342.389840638324,"ppbv N2O"
"982","Reference",2029,"N2O_concentration",343.428180209372,"ppbv N2O"
"983","Reference",2030,"N2O_concentration",344.473786107779,"ppbv N2O"
"984","Reference",2031,"N2O_concentration",345.525381917606,"ppbv N2O"
"985","Reference",2032,"N2O_concentration",346.582918158064,"ppbv N2O"
"986","Reference",2033,"N2O_concentration",347.64634572832,"ppbv N2O"
"987","Reference",2034,"N2O_concentration",348.71561590466,"ppbv N2O"
"988","Reference",2035,"N2O_concentration",349.790680337681,"ppbv N2O"
"989","Reference",2036,"N2O_concentration",350.871781905381,"ppbv N2O"
"990","Reference",2037,"N2O_concentration",351.958870656164,"ppbv N2O"
"991","Reference",2038,"N2O_concentration",353.051897022226,"ppbv N2O"
"992","Reference",2039,"N2O_concentration",354.150811816694,"ppbv N2O"
"993","Reference",2040,"N2O_concentration",355.25556623079,"ppbv N2O"
"994","Reference",2041,"N2O_concentration",356.373433324035,"ppbv N2O"
"995","Reference",2042,"N2O_concentration",357.50430602444,"ppbv N2O"
"996","Reference",2043,"N2O_concentration",358.648078077574,"ppbv N2O"
"997","Reference",2044,"N2O_concentration",359.804644040212,"ppbv N2O"
"998","Reference",2045,"N2O_concentration",360.973899274047,"ppbv N2O"
"999","Reference",2046,"N2O_concentration",362.154687498771,"ppbv N2O"
"1000","Reference",2047,"N2O_concentration",363.346914156773,"ppbv N2O"
"1001","Reference",2048,"N2O_concentration",364.550485412569,"ppbv N2O"
"1002","Reference",2049,"N2O_concentration",365.76530814729,"ppbv N2O"
"1003","Reference",2050,"N2O_concentration",366.991289953216,"ppbv N2O"
"1004","Reference",2051,"N2O_concentration",368.224289998663,"ppbv N2O"
"1005","Reference",2052,"N2O_concentration",369.464249971332,"ppbv N2O"
"1006","Reference",2053,"N2O_concentration",370.711112006584,"ppbv N2O"
"1007","Reference",2054,"N2O_concentration",371.964818684124,"ppbv N2O"
"1008","Reference",2055,"N2O_concentration",373.225313024718,"ppbv N2O"
"1009","Reference",2056,"N2O_concentration",374.491513371864,"ppbv N2O"
"1010","Reference",2057,"N2O_concentration",375.7633719016,"ppbv N2O"
"1011","Reference",2058,"N2O_concentration",377.040841158604,"ppbv N2O"
"1012","Reference",2059,"N2O_concentration",378.323874053476,"ppbv N2O"
"1013","Reference",2060,"N2O_concentration",379.61242386006,"ppbv N2O"
"1014","Reference",2061,"N2O_concentration",380.905096177569,"ppbv N2O"
"1015","Reference",2062,"N2O_concentration",382.201855899689,"ppbv N2O"
"1016","Reference",2063,"N2O_concentration",383.502668192793,"ppbv N2O"
"1017","Reference",2064,"N2O_concentration",384.807498493945,"ppbv N2O"
"1018","Reference",2065,"N2O_concentration",386.11631250892,"ppbv N2O"
"1019","Reference",2066,"N2O_concentration",387.427077172225,"ppbv N2O"
"1020","Reference",2067,"N2O_concentration",388.739774900803,"ppbv N2O"
"1021","Reference",2068,"N2O_concentration",390.054388251699,"ppbv N2O"
"1022","Reference",2069,"N2O_concentration",391.370899921018,"ppbv N2O"
"1023","Reference",2070,"N2O_concentration",392.689292742896,"ppbv N2O"
"1024","Reference",2071,"N2O_concentration",394.008428438312,"ppbv N2O"
"1025","Reference",2072,"N2O_concentration",395.328299197127,"ppbv N2O"
"1026","Reference",2073,"N2O_concentration",396.64889727516,"ppbv N2O"
"1027","Reference",2074,"N2O_concentration",397.970214993674,"ppbv N2O"
"1028","Reference",2075,"N2O_concentration",399.292244738874,"ppbv N2O"
"1029","Reference",2076,"N2O_concentration",400.613315610762,"ppbv N2O"
"1030","Reference",2077,"N2O_concentration",401.933433609132,"ppbv N2O"
"1031","Reference",2078,"N2O_concentration",403.252604694532,"ppbv N2O"
"1032","Reference",2079,"N2O_concentration",404.570834788483,"ppbv N2O"
"1033","Reference",2080,"N2O_concentration",405.888129773706,"ppbv N2O"
"1034","Reference",2081,"N2O_concentration",407.20314175393,"ppbv N2O"
"1035","Reference",2082,"N2O_concentration",408.515887519034,"ppbv N2O"
"1036","Reference",2083,"N2O_concentration",409.82638373693,"ppbv N2O"
"1037","Reference",2084,"N2O_concentration",411.134646954369,"ppbv N2O"
"1038","Reference",2085,"N2O_concentration",412.440693597728,"ppbv N2O"
"1039","Reference",2086,"N2O_concentration",413.743162098949,"ppbv N2O"
"1040","Reference",2087,"N2O_concentration",415.042079834871,"ppbv N2O"
"1041","Reference",2088,"N2O_concentration",416.33747397872,"ppbv N2O"
"1042","Reference",2089,"N2O_concentration",417.629371501482,"ppbv N2O"
"1043","Reference",2090,"N2O_concentration",418.917799173257,"ppbv N2O"
"1044","Reference",2091,"N2O_concentration",420.201247407864,"ppbv N2O"
"1045","Reference",2092,"N2O_concentration",421.47975506148,"ppbv N2O"
"1046","Reference",2093,"N2O_concentration",422.753360697667,"ppbv N2O"
"1047","Reference",2094,"N2O_concentration",424.02210258935,"ppbv N2O"
"1048","Reference",2095,"N2O_concentration",425.286018720796,"ppbv N2O"
"1049","Reference",2096,"N2O_concentration",426.544032486739,"ppbv N2O"
"1050","Reference",2097,"N2O_concentration",427.79619036233,"ppbv N2O"
"1051","Reference",2098,"N2O_concentration",429.042538470203,"ppbv N2O"
"1052","Reference",2099,"N2O_concentration",430.283122582875,"ppbv N2O"
"1053","Reference",2100,"N2O_concentration",431.517988125145,"ppbv N2O"
"1054","Reference",1750,"RF_aci",0,"W/m2"
"1055","Reference",1751,"RF_aci",0.00520149552180227,"W/m2"
"1056","Reference",1752,"RF_aci",0.00812632940533892,"W/m2"
"1057","Reference",1753,"RF_aci",0.00525969707021012,"W/m2"
"1058","Reference",1754,"RF_aci",-0.0022331474464693,"W/m2"
"1059","Reference",1755,"RF_aci",0.00140115215294789,"W/m2"
"1060","Reference",1756,"RF_aci",0.00494492232077576,"W/m2"
"1061","Reference",1757,"RF_aci",-0.00605035908952539,"W/m2"
"1062","Reference",1758,"RF_aci",-0.00209338804698272,"W/m2"
"1063","Reference",1759,"RF_aci",-0.00304436475642017,"W/m2"
"1064","Reference",1760,"RF_aci",-0.0077414514314495,"W/m2"
"1065","Reference",1761,"RF_aci",-0.00580254675899206,"W/m2"
"1066","Reference",1762,"RF_aci",-0.00199664109857489,"W/m2"
"1067","Reference",1763,"RF_aci",-0.00223209374694289,"W/m2"
"1068","Reference",1764,"RF_aci",0.00881089166746379,"W/m2"
"1069","Reference",1765,"RF_aci",-0.00541807859527871,"W/m2"
"1070","Reference",1766,"RF_aci",0.000548042153818984,"W/m2"
"1071","Reference",1767,"RF_aci",-0.000276145868998434,"W/m2"
"1072","Reference",1768,"RF_aci",-0.0138524343816412,"W/m2"
"1073","Reference",1769,"RF_aci",-0.00700942162531609,"W/m2"
"1074","Reference",1770,"RF_aci",-0.00722702709436301,"W/m2"
"1075","Reference",1771,"RF_aci",0.00111801407447082,"W/m2"
"1076","Reference",1772,"RF_aci",0.00514680060674749,"W/m2"
"1077","Reference",1773,"RF_aci",0.00336593931316886,"W/m2"
"1078","Reference",1774,"RF_aci",-0.0102031230480103,"W/m2"
"1079","Reference",1775,"RF_aci",-0.00490801145409459,"W/m2"
"1080","Reference",1776,"RF_aci",-0.000249746536169604,"W/m2"
"1081","Reference",1777,"RF_aci",-0.00704004469990399,"W/m2"
"1082","Reference",1778,"RF_aci",-0.0118147356218539,"W/m2"
"1083","Reference",1779,"RF_aci",-0.00602614828699399,"W/m2"
"1084","Reference",1780,"RF_aci",-0.0136111306220543,"W/m2"
"1085","Reference",1781,"RF_aci",-0.0100181721850569,"W/m2"
"1086","Reference",1782,"RF_aci",-0.00767934233865541,"W/m2"
"1087","Reference",1783,"RF_aci",-0.00568637236364683,"W/m2"
"1088","Reference",1784,"RF_aci",0.0013363730375674,"W/m2"
"1089","Reference",1785,"RF_aci",-0.00837229363128694,"W/m2"
"1090","Reference",1786,"RF_aci",-0.0036085029239678,"W/m2"
"1091","Reference",1787,"RF_aci",-0.00863345508006069,"W/m2"
"1092","Reference",1788,"RF_aci",-0.0215875456098833,"W/m2"
"1093","Reference",1789,"RF_aci",-0.0144787068020756,"W/m2"
"1094","Reference",1790,"RF_aci",-0.0157312560124072,"W/m2"
"1095","Reference",1791,"RF_aci",-0.00704612895225537,"W/m2"
"1096","Reference",1792,"RF_aci",-0.00392989637350044,"W/m2"
"1097","Reference",1793,"RF_aci",-0.00435161504021164,"W/m2"
"1098","Reference",1794,"RF_aci",-0.0181827503828285,"W/m2"
"1099","Reference",1795,"RF_aci",-0.0129068819133537,"W/m2"
"1100","Reference",1796,"RF_aci",-0.00737643746697153,"W/m2"
"1101","Reference",1797,"RF_aci",-0.014448159973127,"W/m2"
"1102","Reference",1798,"RF_aci",-0.0184776565049139,"W/m2"
"1103","Reference",1799,"RF_aci",-0.0163337842515512,"W/m2"
"1104","Reference",1800,"RF_aci",-0.0203848527937259,"W/m2"
"1105","Reference",1801,"RF_aci",-0.0173967295599911,"W/m2"
"1106","Reference",1802,"RF_aci",-0.0176206742364623,"W/m2"
"1107","Reference",1803,"RF_aci",-0.0128256721813276,"W/m2"
"1108","Reference",1804,"RF_aci",-0.0106275890319044,"W/m2"
"1109","Reference",1805,"RF_aci",-0.0186645533639199,"W/m2"
"1110","Reference",1806,"RF_aci",-0.016493577055493,"W/m2"
"1111","Reference",1807,"RF_aci",-0.0200228138926368,"W/m2"
"1112","Reference",1808,"RF_aci",-0.032635860939844,"W/m2"
"1113","Reference",1809,"RF_aci",-0.0266060663058096,"W/m2"
"1114","Reference",1810,"RF_aci",-0.028548792818897,"W/m2"
"1115","Reference",1811,"RF_aci",-0.0222645086218251,"W/m2"
"1116","Reference",1812,"RF_aci",-0.0173775790238941,"W/m2"
"1117","Reference",1813,"RF_aci",-0.0200731388992223,"W/m2"
"1118","Reference",1814,"RF_aci",-0.0333589341669906,"W/m2"
"1119","Reference",1815,"RF_aci",-0.0293344198519473,"W/m2"
"1120","Reference",1816,"RF_aci",-0.0275112428420874,"W/m2"
"1121","Reference",1817,"RF_aci",-0.0306912277482144,"W/m2"
"1122","Reference",1818,"RF_aci",-0.0377547536700856,"W/m2"
"1123","Reference",1819,"RF_aci",-0.0338560468794873,"W/m2"
"1124","Reference",1820,"RF_aci",-0.0397510104569305,"W/m2"
"1125","Reference",1821,"RF_aci",-0.0384549397070605,"W/m2"
"1126","Reference",1822,"RF_aci",-0.0369449603964663,"W/m2"
"1127","Reference",1823,"RF_aci",-0.0322496069521625,"W/m2"
"1128","Reference",1824,"RF_aci",-0.0321268150240064,"W/m2"
"1129","Reference",1825,"RF_aci",-0.0386792990176139,"W/m2"
"1130","Reference",1826,"RF_aci",-0.0355412339958654,"W/m2"
"1131","Reference",1827,"RF_aci",-0.0397305888187939,"W/m2"
"1132","Reference",1828,"RF_aci",-0.053673790479654,"W/m2"
"1133","Reference",1829,"RF_aci",-0.0479945976188512,"W/m2"
"1134","Reference",1830,"RF_aci",-0.0521023503019064,"W/m2"
"1135","Reference",1831,"RF_aci",-0.0435326972870423,"W/m2"
"1136","Reference",1832,"RF_aci",-0.041340568851571,"W/m2"
"1137","Reference",1833,"RF_aci",-0.0440256888459327,"W/m2"
"1138","Reference",1834,"RF_aci",-0.0560161680327033,"W/m2"
"1139","Reference",1835,"RF_aci",-0.0512291577784522,"W/m2"
"1140","Reference",1836,"RF_aci",-0.0534913432605107,"W/m2"
"1141","Reference",1837,"RF_aci",-0.0566104207160557,"W/m2"
"1142","Reference",1838,"RF_aci",-0.0630430624949565,"W/m2"
"1143","Reference",1839,"RF_aci",-0.0605958308729599,"W/m2"
"1144","Reference",1840,"RF_aci",-0.0622340570688006,"W/m2"
"1145","Reference",1841,"RF_aci",-0.06684739893631,"W/m2"
"1146","Reference",1842,"RF_aci",-0.0639669071301907,"W/m2"
"1147","Reference",1843,"RF_aci",-0.0573008629595319,"W/m2"
"1148","Reference",1844,"RF_aci",-0.05825829833401,"W/m2"
"1149","Reference",1845,"RF_aci",-0.0673836716011433,"W/m2"
"1150","Reference",1846,"RF_aci",-0.0641616592912153,"W/m2"
"1151","Reference",1847,"RF_aci",-0.0728939988248289,"W/m2"
"1152","Reference",1848,"RF_aci",-0.084328236103292,"W/m2"
"1153","Reference",1849,"RF_aci",-0.0808889229638389,"W/m2"
"1154","Reference",1850,"RF_aci",-0.0842728641536501,"W/m2"
"1155","Reference",1851,"RF_aci",-0.0748909148221481,"W/m2"
"1156","Reference",1852,"RF_aci",-0.0708935269443814,"W/m2"
"1157","Reference",1853,"RF_aci",-0.0752594631065421,"W/m2"
"1158","Reference",1854,"RF_aci",-0.0912614169287178,"W/m2"
"1159","Reference",1855,"RF_aci",-0.0853695739948806,"W/m2"
"1160","Reference",1856,"RF_aci",-0.0858275095293113,"W/m2"
"1161","Reference",1857,"RF_aci",-0.0937933375184046,"W/m2"
"1162","Reference",1858,"RF_aci",-0.0984168119298777,"W/m2"
"1163","Reference",1859,"RF_aci",-0.0994883528072463,"W/m2"
"1164","Reference",1860,"RF_aci",-0.102977314814267,"W/m2"
"1165","Reference",1861,"RF_aci",-0.10296720690402,"W/m2"
"1166","Reference",1862,"RF_aci",-0.102605128924509,"W/m2"
"1167","Reference",1863,"RF_aci",-0.097875141327817,"W/m2"
"1168","Reference",1864,"RF_aci",-0.1008749647638,"W/m2"
"1169","Reference",1865,"RF_aci",-0.113666567244078,"W/m2"
"1170","Reference",1866,"RF_aci",-0.110425369514873,"W/m2"
"1171","Reference",1867,"RF_aci",-0.119992319237396,"W/m2"
"1172","Reference",1868,"RF_aci",-0.131748462934826,"W/m2"
"1173","Reference",1869,"RF_aci",-0.126491687402533,"W/m2"
"1174","Reference",1870,"RF_aci",-0.135069566537664,"W/m2"
"1175","Reference",1871,"RF_aci",-0.128968856643257,"W/m2"
"1176","Reference",1872,"RF_aci",-0.126974054003385,"W/m2"
"1177","Reference",1873,"RF_aci",-0.141465076593761,"W/m2"
"1178","Reference",1874,"RF_aci",-0.147412870808002,"W/m2"
"1179","Reference",1875,"RF_aci",-0.140447054175516,"W/m2"
"1180","Reference",1876,"RF_aci",-0.146234046218835,"W/m2"
"1181","Reference",1877,"RF_aci",-0.15034081357468,"W/m2"
"1182","Reference",1878,"RF_aci",-0.153967763938141,"W/m2"
"1183","Reference",1879,"RF_aci",-0.162977180045335,"W/m2"
"1184","Reference",1880,"RF_aci",-0.167085557955566,"W/m2"
"1185","Reference",1881,"RF_aci",-0.170646032503338,"W/m2"
"1186","Reference",1882,"RF_aci",-0.171306705026351,"W/m2"
"1187","Reference",1883,"RF_aci",-0.167895999383913,"W/m2"
"1188","Reference",1884,"RF_aci",-0.175391029541173,"W/m2"
"1189","Reference",1885,"RF_aci",-0.179396980866017,"W/m2"
"1190","Reference",1886,"RF_aci",-0.178058430283994,"W/m2"
"1191","Reference",1887,"RF_aci",-0.186578766998607,"W/m2"
"1192","Reference",1888,"RF_aci",-0.204394423592564,"W/m2"
"1193","Reference",1889,"RF_aci",-0.200170787861465,"W/m2"
"1194","Reference",1890,"RF_aci",-0.212839535837609,"W/m2"
"1195","Reference",1891,"RF_aci",-0.207803205024988,"W/m2"
"1196","Reference",1892,"RF_aci",-0.205519806927619,"W/m2"
"1197","Reference",1893,"RF_aci",-0.208680753499879,"W/m2"
"1198","Reference",1894,"RF_aci",-0.224879126278424,"W/m2"
"1199","Reference",1895,"RF_aci",-0.226921037746786,"W/m2"
"1200","Reference",1896,"RF_aci",-0.224434799403353,"W/m2"
"1201","Reference",1897,"RF_aci",-0.238787449754534,"W/m2"
"1202","Reference",1898,"RF_aci",-0.245451626349686,"W/m2"
"1203","Reference",1899,"RF_aci",-0.264689384674754,"W/m2"
"1204","Reference",1900,"RF_aci",-0.270411761625558,"W/m2"
"1205","Reference",1901,"RF_aci",-0.272942169194273,"W/m2"
"1206","Reference",1902,"RF_aci",-0.275427793068055,"W/m2"
"1207","Reference",1903,"RF_aci",-0.284728974506376,"W/m2"
"1208","Reference",1904,"RF_aci",-0.298725126847447,"W/m2"
"1209","Reference",1905,"RF_aci",-0.31295990081259,"W/m2"
"1210","Reference",1906,"RF_aci",-0.323730093271953,"W/m2"
"1211","Reference",1907,"RF_aci",-0.35552913725822,"W/m2"
"1212","Reference",1908,"RF_aci",-0.348906888336325,"W/m2"
"1213","Reference",1909,"RF_aci",-0.356566342319341,"W/m2"
"1214","Reference",1910,"RF_aci",-0.376031366914466,"W/m2"
"1215","Reference",1911,"RF_aci",-0.368867580343837,"W/m2"
"1216","Reference",1912,"RF_aci",-0.37294286134438,"W/m2"
"1217","Reference",1913,"RF_aci",-0.389946512715945,"W/m2"
"1218","Reference",1914,"RF_aci",-0.375436843558977,"W/m2"
"1219","Reference",1915,"RF_aci",-0.365897697653586,"W/m2"
"1220","Reference",1916,"RF_aci",-0.385465860385779,"W/m2"
"1221","Reference",1917,"RF_aci",-0.40208651794401,"W/m2"
"1222","Reference",1918,"RF_aci",-0.401920719328413,"W/m2"
"1223","Reference",1919,"RF_aci",-0.358549614567415,"W/m2"
"1224","Reference",1920,"RF_aci",-0.387189723383205,"W/m2"
"1225","Reference",1921,"RF_aci",-0.338740192338813,"W/m2"
"1226","Reference",1922,"RF_aci",-0.343665659450912,"W/m2"
"1227","Reference",1923,"RF_aci",-0.387136172244193,"W/m2"
"1228","Reference",1924,"RF_aci",-0.376405301083494,"W/m2"
"1229","Reference",1925,"RF_aci",-0.37922126469667,"W/m2"
"1230","Reference",1926,"RF_aci",-0.383001734437655,"W/m2"
"1231","Reference",1927,"RF_aci",-0.402912446118177,"W/m2"
"1232","Reference",1928,"RF_aci",-0.403472266502846,"W/m2"
"1233","Reference",1929,"RF_aci",-0.42801452132909,"W/m2"
"1234","Reference",1930,"RF_aci",-0.41368466872986,"W/m2"
"1235","Reference",1931,"RF_aci",-0.360161284634074,"W/m2"
"1236","Reference",1932,"RF_aci",-0.337234184339354,"W/m2"
"1237","Reference",1933,"RF_aci",-0.347393678671027,"W/m2"
"1238","Reference",1934,"RF_aci",-0.383606786851217,"W/m2"
"1239","Reference",1935,"RF_aci",-0.401039345135866,"W/m2"
"1240","Reference",1936,"RF_aci",-0.431796672257751,"W/m2"
"1241","Reference",1937,"RF_aci",-0.448625702943142,"W/m2"
"1242","Reference",1938,"RF_aci",-0.415927002303019,"W/m2"
"1243","Reference",1939,"RF_aci",-0.447644459047011,"W/m2"
"1244","Reference",1940,"RF_aci",-0.471644959628707,"W/m2"
"1245","Reference",1941,"RF_aci",-0.483080440083891,"W/m2"
"1246","Reference",1942,"RF_aci",-0.499843745333743,"W/m2"
"1247","Reference",1943,"RF_aci",-0.502307163049388,"W/m2"
"1248","Reference",1944,"RF_aci",-0.494978188733175,"W/m2"
"1249","Reference",1945,"RF_aci",-0.439728993121708,"W/m2"
"1250","Reference",1946,"RF_aci",-0.426857589545205,"W/m2"
"1251","Reference",1947,"RF_aci",-0.456262543307281,"W/m2"
"1252","Reference",1948,"RF_aci",-0.477240678177788,"W/m2"
"1253","Reference",1949,"RF_aci",-0.473478386636514,"W/m2"
"1254","Reference",1950,"RF_aci",-0.512600133327684,"W/m2"
"1255","Reference",1951,"RF_aci",-0.505393727492063,"W/m2"
"1256","Reference",1952,"RF_aci",-0.520877825456467,"W/m2"
"1257","Reference",1953,"RF_aci",-0.5379092450468,"W/m2"
"1258","Reference",1954,"RF_aci",-0.547920566299622,"W/m2"
"1259","Reference",1955,"RF_aci",-0.579528719654331,"W/m2"
"1260","Reference",1956,"RF_aci",-0.62358586949338,"W/m2"
"1261","Reference",1957,"RF_aci",-0.649545849872006,"W/m2"
"1262","Reference",1958,"RF_aci",-0.63526847860717,"W/m2"
"1263","Reference",1959,"RF_aci",-0.653595367643435,"W/m2"
"1264","Reference",1960,"RF_aci",-0.680435000986215,"W/m2"
"1265","Reference",1961,"RF_aci",-0.705744783504575,"W/m2"
"1266","Reference",1962,"RF_aci",-0.71078268804259,"W/m2"
"1267","Reference",1963,"RF_aci",-0.76118676569291,"W/m2"
"1268","Reference",1964,"RF_aci",-0.756561503666863,"W/m2"
"1269","Reference",1965,"RF_aci",-0.774045481896331,"W/m2"
"1270","Reference",1966,"RF_aci",-0.784303230362599,"W/m2"
"1271","Reference",1967,"RF_aci",-0.801830703831365,"W/m2"
"1272","Reference",1968,"RF_aci",-0.816340130747189,"W/m2"
"1273","Reference",1969,"RF_aci",-0.830420267296563,"W/m2"
"1274","Reference",1970,"RF_aci",-0.877774877122809,"W/m2"
"1275","Reference",1971,"RF_aci",-0.883693114333595,"W/m2"
"1276","Reference",1972,"RF_aci",-0.93140223489796,"W/m2"
"1277","Reference",1973,"RF_aci",-0.935812419725456,"W/m2"
"1278","Reference",1974,"RF_aci",-0.929209330110996,"W/m2"
"1279","Reference",1975,"RF_aci",-0.914861218702071,"W/m2"
"1280","Reference",1976,"RF_aci",-0.962594697780446,"W/m2"
"1281","Reference",1977,"RF_aci",-0.968647440853826,"W/m2"
"1282","Reference",1978,"RF_aci",-0.981494890576937,"W/m2"
"1283","Reference",1979,"RF_aci",-0.997050565817741,"W/m2"
"1284","Reference",1980,"RF_aci",-0.992701362359243,"W/m2"
"1285","Reference",1981,"RF_aci",-0.963583983059795,"W/m2"
"1286","Reference",1982,"RF_aci",-0.990450289147422,"W/m2"
"1287","Reference",1983,"RF_aci",-0.930856541618906,"W/m2"
"1288","Reference",1984,"RF_aci",-0.950090357861853,"W/m2"
"1289","Reference",1985,"RF_aci",-0.958935311462313,"W/m2"
"1290","Reference",1986,"RF_aci",-0.959922785873792,"W/m2"
"1291","Reference",1987,"RF_aci",-0.988871702580311,"W/m2"
"1292","Reference",1988,"RF_aci",-0.994642370094806,"W/m2"
"1293","Reference",1989,"RF_aci",-0.982493997991022,"W/m2"
"1294","Reference",1990,"RF_aci",-0.992970413086169,"W/m2"
"1295","Reference",1991,"RF_aci",-1.06633704215273,"W/m2"
"1296","Reference",1992,"RF_aci",-0.945646974879506,"W/m2"
"1297","Reference",1993,"RF_aci",-0.952144342957977,"W/m2"
"1298","Reference",1994,"RF_aci",-1.00065385281728,"W/m2"
"1299","Reference",1995,"RF_aci",-0.9473016469746,"W/m2"
"1300","Reference",1996,"RF_aci",-0.917994293203086,"W/m2"
"1301","Reference",1997,"RF_aci",-1.03713728798295,"W/m2"
"1302","Reference",1998,"RF_aci",-1.02198188755326,"W/m2"
"1303","Reference",1999,"RF_aci",-0.901689656694587,"W/m2"
"1304","Reference",2000,"RF_aci",-0.862166447441284,"W/m2"
"1305","Reference",2001,"RF_aci",-0.863087039774716,"W/m2"
"1306","Reference",2002,"RF_aci",-0.932491689497453,"W/m2"
"1307","Reference",2003,"RF_aci",-0.960521611585025,"W/m2"
"1308","Reference",2004,"RF_aci",-0.959222530813894,"W/m2"
"1309","Reference",2005,"RF_aci",-0.990935817949241,"W/m2"
"1310","Reference",2006,"RF_aci",-1.00833200245973,"W/m2"
"1311","Reference",2007,"RF_aci",-0.989188923520795,"W/m2"
"1312","Reference",2008,"RF_aci",-0.946184424102633,"W/m2"
"1313","Reference",2009,"RF_aci",-0.891369003567127,"W/m2"
"1314","Reference",2010,"RF_aci",-0.911444535976133,"W/m2"
"1315","Reference",2011,"RF_aci",-0.893286831585268,"W/m2"
"1316","Reference",2012,"RF_aci",-0.915496844304284,"W/m2"
"1317","Reference",2013,"RF_aci",-0.852641355665233,"W/m2"
"1318","Reference",2014,"RF_aci",-0.865146688660813,"W/m2"
"1319","Reference",2015,"RF_aci",-0.862710573743973,"W/m2"
"1320","Reference",2016,"RF_aci",-0.779992745371746,"W/m2"
"1321","Reference",2017,"RF_aci",-0.783948741216024,"W/m2"
"1322","Reference",2018,"RF_aci",-0.756581794143641,"W/m2"
"1323","Reference",2019,"RF_aci",-0.825316926245269,"W/m2"
"1324","Reference",2020,"RF_aci",-0.694213794858365,"W/m2"
"1325","Reference",2021,"RF_aci",-0.807732161164364,"W/m2"
"1326","Reference",2022,"RF_aci",-0.654084367498457,"W/m2"
"1327","Reference",2023,"RF_aci",-0.654654107539137,"W/m2"
"1328","Reference",2024,"RF_aci",-0.655223705230289,"W/m2"
"1329","Reference",2025,"RF_aci",-0.655793160643031,"W/m2"
"1330","Reference",2026,"RF_aci",-0.647190002344144,"W/m2"
"1331","Reference",2027,"RF_aci",-0.638554255167003,"W/m2"
"1332","Reference",2028,"RF_aci",-0.629885671278307,"W/m2"
"1333","Reference",2029,"RF_aci",-0.621184000006857,"W/m2"
"1334","Reference",2030,"RF_aci",-0.612448987800067,"W/m2"
"1335","Reference",2031,"RF_aci",-0.606610278581407,"W/m2"
"1336","Reference",2032,"RF_aci",-0.60075657739306,"W/m2"
"1337","Reference",2033,"RF_aci",-0.594887807047461,"W/m2"
"1338","Reference",2034,"RF_aci",-0.589003889759392,"W/m2"
"1339","Reference",2035,"RF_aci",-0.583104747139803,"W/m2"
"1340","Reference",2036,"RF_aci",-0.579721090777389,"W/m2"
"1341","Reference",2037,"RF_aci",-0.576332404869861,"W/m2"
"1342","Reference",2038,"RF_aci",-0.572938674442893,"W/m2"
"1343","Reference",2039,"RF_aci",-0.569539884455187,"W/m2"
"1344","Reference",2040,"RF_aci",-0.56613601979807,"W/m2"
"1345","Reference",2041,"RF_aci",-0.564150404205529,"W/m2"
"1346","Reference",2042,"RF_aci",-0.562163057681564,"W/m2"
"1347","Reference",2043,"RF_aci",-0.560173977205711,"W/m2"
"1348","Reference",2044,"RF_aci",-0.558183159749597,"W/m2"
"1349","Reference",2045,"RF_aci",-0.556190602276906,"W/m2"
"1350","Reference",2046,"RF_aci",-0.554947330801926,"W/m2"
"1351","Reference",2047,"RF_aci",-0.553703380936194,"W/m2"
"1352","Reference",2048,"RF_aci",-0.552458751938978,"W/m2"
"1353","Reference",2049,"RF_aci",-0.551213443068333,"W/m2"
"1354","Reference",2050,"RF_aci",-0.549967453581096,"W/m2"
"1355","Reference",2051,"RF_aci",-0.54941756178622,"W/m2"
"1356","Reference",2052,"RF_aci",-0.548867537322082,"W/m2"
"1357","Reference",2053,"RF_aci",-0.548317380124651,"W/m2"
"1358","Reference",2054,"RF_aci",-0.547767090129848,"W/m2"
"1359","Reference",2055,"RF_aci",-0.54721666727355,"W/m2"
"1360","Reference",2056,"RF_aci",-0.547384841663397,"W/m2"
"1361","Reference",2057,"RF_aci",-0.547553003648188,"W/m2"
"1362","Reference",2058,"RF_aci",-0.547721153229752,"W/m2"
"1363","Reference",2059,"RF_aci",-0.547889290409919,"W/m2"
"1364","Reference",2060,"RF_aci",-0.548057415190518,"W/m2"
"1365","Reference",2061,"RF_aci",-0.548457380285688,"W/m2"
"1366","Reference",2062,"RF_aci",-0.548857275222558,"W/m2"
"1367","Reference",2063,"RF_aci",-0.549257100025735,"W/m2"
"1368","Reference",2064,"RF_aci",-0.549656854719817,"W/m2"
"1369","Reference",2065,"RF_aci",-0.550056539329385,"W/m2"
"1370","Reference",2066,"RF_aci",-0.550862404321045,"W/m2"
"1371","Reference",2067,"RF_aci",-0.551667984550625,"W/m2"
"1372","Reference",2068,"RF_aci",-0.552473280219304,"W/m2"
"1373","Reference",2069,"RF_aci",-0.553278291528045,"W/m2"
"1374","Reference",2070,"RF_aci",-0.5540830186776,"W/m2"
"1375","Reference",2071,"RF_aci",-0.554636094889097,"W/m2"
"1376","Reference",2072,"RF_aci",-0.555189036955228,"W/m2"
"1377","Reference",2073,"RF_aci",-0.55574184494105,"W/m2"
"1378","Reference",2074,"RF_aci",-0.556294518911572,"W/m2"
"1379","Reference",2075,"RF_aci",-0.556847058931757,"W/m2"
"1380","Reference",2076,"RF_aci",-0.556596562369326,"W/m2"
"1381","Reference",2077,"RF_aci",-0.556346038279677,"W/m2"
"1382","Reference",2078,"RF_aci",-0.556095486656759,"W/m2"
"1383","Reference",2079,"RF_aci",-0.55584490749452,"W/m2"
"1384","Reference",2080,"RF_aci",-0.555594300786905,"W/m2"
"1385","Reference",2081,"RF_aci",-0.555002573631142,"W/m2"
"1386","Reference",2082,"RF_aci",-0.554410692848643,"W/m2"
"1387","Reference",2083,"RF_aci",-0.553818658359617,"W/m2"
"1388","Reference",2084,"RF_aci",-0.553226470084211,"W/m2"
"1389","Reference",2085,"RF_aci",-0.552634127942509,"W/m2"
"1390","Reference",2086,"RF_aci",-0.552002507909222,"W/m2"
"1391","Reference",2087,"RF_aci",-0.55137071283356,"W/m2"
"1392","Reference",2088,"RF_aci",-0.550738742618476,"W/m2"
"1393","Reference",2089,"RF_aci",-0.550106597166844,"W/m2"
"1394","Reference",2090,"RF_aci",-0.549474276381454,"W/m2"
"1395","Reference",2091,"RF_aci",-0.548732472718245,"W/m2"
"1396","Reference",2092,"RF_aci",-0.54799042760329,"W/m2"
"1397","Reference",2093,"RF_aci",-0.547248140879357,"W/m2"
"1398","Reference",2094,"RF_aci",-0.54650561238906,"W/m2"
"1399","Reference",2095,"RF_aci",-0.545762841974859,"W/m2"
"1400","Reference",2096,"RF_aci",-0.544759710838775,"W/m2"
"1401","Reference",2097,"RF_aci",-0.543756138114319,"W/m2"
"1402","Reference",2098,"RF_aci",-0.542752123412539,"W/m2"
"1403","Reference",2099,"RF_aci",-0.541747666343964,"W/m2"
"1404","Reference",2100,"RF_aci",-0.540742766518611,"W/m2"
"1405","Reference",1750,"RF_OC",0,"W/m2"
"1406","Reference",1751,"RF_OC",0.00165126667951707,"W/m2"
"1407","Reference",1752,"RF_OC",0.00263064890920275,"W/m2"
"1408","Reference",1753,"RF_OC",0.00167017191339057,"W/m2"
"1409","Reference",1754,"RF_OC",-0.000754358555712403,"W/m2"
"1410","Reference",1755,"RF_OC",0.000522598536934579,"W/m2"
"1411","Reference",1756,"RF_OC",0.00155484834608467,"W/m2"
"1412","Reference",1757,"RF_OC",-0.00172177377251535,"W/m2"
"1413","Reference",1758,"RF_OC",-0.000511272328828569,"W/m2"
"1414","Reference",1759,"RF_OC",-0.000902467309195173,"W/m2"
"1415","Reference",1760,"RF_OC",-0.00248491259445939,"W/m2"
"1416","Reference",1761,"RF_OC",-0.00167971163797724,"W/m2"
"1417","Reference",1762,"RF_OC",-0.000625633540412757,"W/m2"
"1418","Reference",1763,"RF_OC",-0.000641910058487155,"W/m2"
"1419","Reference",1764,"RF_OC",0.00299242845039541,"W/m2"
"1420","Reference",1765,"RF_OC",-0.00164652075388701,"W/m2"
"1421","Reference",1766,"RF_OC",0.000403617824054778,"W/m2"
"1422","Reference",1767,"RF_OC",0.000125064795083604,"W/m2"
"1423","Reference",1768,"RF_OC",-0.00414115868851983,"W/m2"
"1424","Reference",1769,"RF_OC",-0.00204294363039285,"W/m2"
"1425","Reference",1770,"RF_OC",-0.00210244256896921,"W/m2"
"1426","Reference",1771,"RF_OC",0.000584978543191617,"W/m2"
"1427","Reference",1772,"RF_OC",0.00190546652832128,"W/m2"
"1428","Reference",1773,"RF_OC",0.00131199923235693,"W/m2"
"1429","Reference",1774,"RF_OC",-0.00300615467139535,"W/m2"
"1430","Reference",1775,"RF_OC",-0.00118070955574645,"W/m2"
"1431","Reference",1776,"RF_OC",0.000212872902900563,"W/m2"
"1432","Reference",1777,"RF_OC",-0.0017465219654945,"W/m2"
"1433","Reference",1778,"RF_OC",-0.00320930394412526,"W/m2"
"1434","Reference",1779,"RF_OC",-0.00147639094220049,"W/m2"
"1435","Reference",1780,"RF_OC",-0.00396839745760269,"W/m2"
"1436","Reference",1781,"RF_OC",-0.00262709025730638,"W/m2"
"1437","Reference",1782,"RF_OC",-0.00203725662184889,"W/m2"
"1438","Reference",1783,"RF_OC",-0.00137402044278863,"W/m2"
"1439","Reference",1784,"RF_OC",0.00104312746226551,"W/m2"
"1440","Reference",1785,"RF_OC",-0.00220763489209809,"W/m2"
"1441","Reference",1786,"RF_OC",-0.000515829606204637,"W/m2"
"1442","Reference",1787,"RF_OC",-0.00209039941708644,"W/m2"
"1443","Reference",1788,"RF_OC",-0.0061668042132382,"W/m2"
"1444","Reference",1789,"RF_OC",-0.0039811531245689,"W/m2"
"1445","Reference",1790,"RF_OC",-0.00435579576451249,"W/m2"
"1446","Reference",1791,"RF_OC",-0.00154677828721611,"W/m2"
"1447","Reference",1792,"RF_OC",-0.000481619103744085,"W/m2"
"1448","Reference",1793,"RF_OC",-0.000698556130155861,"W/m2"
"1449","Reference",1794,"RF_OC",-0.00512917488961116,"W/m2"
"1450","Reference",1795,"RF_OC",-0.00333671611277764,"W/m2"
"1451","Reference",1796,"RF_OC",-0.00172394165281918,"W/m2"
"1452","Reference",1797,"RF_OC",-0.0037318291206473,"W/m2"
"1453","Reference",1798,"RF_OC",-0.00495488525694172,"W/m2"
"1454","Reference",1799,"RF_OC",-0.00439592939688065,"W/m2"
"1455","Reference",1800,"RF_OC",-0.0057250640328011,"W/m2"
"1456","Reference",1801,"RF_OC",-0.00461021806402907,"W/m2"
"1457","Reference",1802,"RF_OC",-0.00472257996902704,"W/m2"
"1458","Reference",1803,"RF_OC",-0.00317991738028695,"W/m2"
"1459","Reference",1804,"RF_OC",-0.00221743567485319,"W/m2"
"1460","Reference",1805,"RF_OC",-0.00492757847780001,"W/m2"
"1461","Reference",1806,"RF_OC",-0.00404207254543426,"W/m2"
"1462","Reference",1807,"RF_OC",-0.00513059903213933,"W/m2"
"1463","Reference",1808,"RF_OC",-0.00910716352354456,"W/m2"
"1464","Reference",1809,"RF_OC",-0.00726595916645172,"W/m2"
"1465","Reference",1810,"RF_OC",-0.0078456995228386,"W/m2"
"1466","Reference",1811,"RF_OC",-0.0057311634576498,"W/m2"
"1467","Reference",1812,"RF_OC",-0.00411252576442293,"W/m2"
"1468","Reference",1813,"RF_OC",-0.00503072815606531,"W/m2"
"1469","Reference",1814,"RF_OC",-0.00928102321320284,"W/m2"
"1470","Reference",1815,"RF_OC",-0.00783363325251321,"W/m2"
"1471","Reference",1816,"RF_OC",-0.00728046516244224,"W/m2"
"1472","Reference",1817,"RF_OC",-0.0081045089858002,"W/m2"
"1473","Reference",1818,"RF_OC",-0.0102828617626502,"W/m2"
"1474","Reference",1819,"RF_OC",-0.00914314743527928,"W/m2"
"1475","Reference",1820,"RF_OC",-0.0111016799205306,"W/m2"
"1476","Reference",1821,"RF_OC",-0.01048646180376,"W/m2"
"1477","Reference",1822,"RF_OC",-0.0101330394227978,"W/m2"
"1478","Reference",1823,"RF_OC",-0.00849539980002835,"W/m2"
"1479","Reference",1824,"RF_OC",-0.00815809982099272,"W/m2"
"1480","Reference",1825,"RF_OC",-0.0103718347154022,"W/m2"
"1481","Reference",1826,"RF_OC",-0.00922041378264299,"W/m2"
"1482","Reference",1827,"RF_OC",-0.0104178100213551,"W/m2"
"1483","Reference",1828,"RF_OC",-0.0148407762395224,"W/m2"
"1484","Reference",1829,"RF_OC",-0.0130565854381488,"W/m2"
"1485","Reference",1830,"RF_OC",-0.013868854052686,"W/m2"
"1486","Reference",1831,"RF_OC",-0.0111341643588261,"W/m2"
"1487","Reference",1832,"RF_OC",-0.0103217700416718,"W/m2"
"1488","Reference",1833,"RF_OC",-0.0111990767273876,"W/m2"
"1489","Reference",1834,"RF_OC",-0.0150509996965152,"W/m2"
"1490","Reference",1835,"RF_OC",-0.0132919370194431,"W/m2"
"1491","Reference",1836,"RF_OC",-0.0137703738576427,"W/m2"
"1492","Reference",1837,"RF_OC",-0.0145979362115402,"W/m2"
"1493","Reference",1838,"RF_OC",-0.0165128114351737,"W/m2"
"1494","Reference",1839,"RF_OC",-0.0157020771192795,"W/m2"
"1495","Reference",1840,"RF_OC",-0.0162059269316171,"W/m2"
"1496","Reference",1841,"RF_OC",-0.0173806059809553,"W/m2"
"1497","Reference",1842,"RF_OC",-0.0164559594694621,"W/m2"
"1498","Reference",1843,"RF_OC",-0.0141404336876737,"W/m2"
"1499","Reference",1844,"RF_OC",-0.013967248166533,"W/m2"
"1500","Reference",1845,"RF_OC",-0.0167232967095719,"W/m2"
"1501","Reference",1846,"RF_OC",-0.0155109664663593,"W/m2"
"1502","Reference",1847,"RF_OC",-0.0179163294384332,"W/m2"
"1503","Reference",1848,"RF_OC",-0.0214552514371055,"W/m2"
"1504","Reference",1849,"RF_OC",-0.020084676207575,"W/m2"
"1505","Reference",1850,"RF_OC",-0.0211328273628786,"W/m2"
"1506","Reference",1851,"RF_OC",-0.0179458196130138,"W/m2"
"1507","Reference",1852,"RF_OC",-0.0164188890320353,"W/m2"
"1508","Reference",1853,"RF_OC",-0.0176510386140069,"W/m2"
"1509","Reference",1854,"RF_OC",-0.022093845991606,"W/m2"
"1510","Reference",1855,"RF_OC",-0.0199317851833197,"W/m2"
"1511","Reference",1856,"RF_OC",-0.0197826256477916,"W/m2"
"1512","Reference",1857,"RF_OC",-0.0220444465236128,"W/m2"
"1513","Reference",1858,"RF_OC",-0.0233466050495853,"W/m2"
"1514","Reference",1859,"RF_OC",-0.0232606506716728,"W/m2"
"1515","Reference",1860,"RF_OC",-0.0238106032134394,"W/m2"
"1516","Reference",1861,"RF_OC",-0.0232505090791745,"W/m2"
"1517","Reference",1862,"RF_OC",-0.0231572359627414,"W/m2"
"1518","Reference",1863,"RF_OC",-0.0209034592013891,"W/m2"
"1519","Reference",1864,"RF_OC",-0.0209584335721283,"W/m2"
"1520","Reference",1865,"RF_OC",-0.0246781486624117,"W/m2"
"1521","Reference",1866,"RF_OC",-0.0231566698254118,"W/m2"
"1522","Reference",1867,"RF_OC",-0.0254078316466149,"W/m2"
"1523","Reference",1868,"RF_OC",-0.0288497568041671,"W/m2"
"1524","Reference",1869,"RF_OC",-0.0262826754172418,"W/m2"
"1525","Reference",1870,"RF_OC",-0.028716145578161,"W/m2"
"1526","Reference",1871,"RF_OC",-0.0255237482535906,"W/m2"
"1527","Reference",1872,"RF_OC",-0.0232520976610021,"W/m2"
"1528","Reference",1873,"RF_OC",-0.0269693255011028,"W/m2"
"1529","Reference",1874,"RF_OC",-0.029402263164409,"W/m2"
"1530","Reference",1875,"RF_OC",-0.0258294000579951,"W/m2"
"1531","Reference",1876,"RF_OC",-0.027426313437366,"W/m2"
"1532","Reference",1877,"RF_OC",-0.0280071707638665,"W/m2"
"1533","Reference",1878,"RF_OC",-0.0289195275133424,"W/m2"
"1534","Reference",1879,"RF_OC",-0.030645917930503,"W/m2"
"1535","Reference",1880,"RF_OC",-0.0296688312429754,"W/m2"
"1536","Reference",1881,"RF_OC",-0.0296512798957712,"W/m2"
"1537","Reference",1882,"RF_OC",-0.0285869237929372,"W/m2"
"1538","Reference",1883,"RF_OC",-0.0257208038663937,"W/m2"
"1539","Reference",1884,"RF_OC",-0.0276466846059634,"W/m2"
"1540","Reference",1885,"RF_OC",-0.028890502588229,"W/m2"
"1541","Reference",1886,"RF_OC",-0.0279712668389162,"W/m2"
"1542","Reference",1887,"RF_OC",-0.0296193557618537,"W/m2"
"1543","Reference",1888,"RF_OC",-0.0325885150041446,"W/m2"
"1544","Reference",1889,"RF_OC",-0.0310229273996488,"W/m2"
"1545","Reference",1890,"RF_OC",-0.0325062107717006,"W/m2"
"1546","Reference",1891,"RF_OC",-0.0288116315038539,"W/m2"
"1547","Reference",1892,"RF_OC",-0.0272077619511192,"W/m2"
"1548","Reference",1893,"RF_OC",-0.0286797629000482,"W/m2"
"1549","Reference",1894,"RF_OC",-0.032842385404142,"W/m2"
"1550","Reference",1895,"RF_OC",-0.0308947563032689,"W/m2"
"1551","Reference",1896,"RF_OC",-0.0286164480402751,"W/m2"
"1552","Reference",1897,"RF_OC",-0.0311740292629986,"W/m2"
"1553","Reference",1898,"RF_OC",-0.0306417709046028,"W/m2"
"1554","Reference",1899,"RF_OC",-0.0329978891012285,"W/m2"
"1555","Reference",1900,"RF_OC",-0.0322341520916016,"W/m2"
"1556","Reference",1901,"RF_OC",-0.0305223087751467,"W/m2"
"1557","Reference",1902,"RF_OC",-0.0296048913802332,"W/m2"
"1558","Reference",1903,"RF_OC",-0.0275410653153878,"W/m2"
"1559","Reference",1904,"RF_OC",-0.0314747707107406,"W/m2"
"1560","Reference",1905,"RF_OC",-0.0320634808193517,"W/m2"
"1561","Reference",1906,"RF_OC",-0.0312559411372267,"W/m2"
"1562","Reference",1907,"RF_OC",-0.0347514618415575,"W/m2"
"1563","Reference",1908,"RF_OC",-0.0359063975847775,"W/m2"
"1564","Reference",1909,"RF_OC",-0.0344334511208462,"W/m2"
"1565","Reference",1910,"RF_OC",-0.0376273402087443,"W/m2"
"1566","Reference",1911,"RF_OC",-0.0339010210247213,"W/m2"
"1567","Reference",1912,"RF_OC",-0.032024533933876,"W/m2"
"1568","Reference",1913,"RF_OC",-0.0341995638779798,"W/m2"
"1569","Reference",1914,"RF_OC",-0.0377440394067403,"W/m2"
"1570","Reference",1915,"RF_OC",-0.0342957428557338,"W/m2"
"1571","Reference",1916,"RF_OC",-0.0333841979698129,"W/m2"
"1572","Reference",1917,"RF_OC",-0.0351194474945926,"W/m2"
"1573","Reference",1918,"RF_OC",-0.0362495145294357,"W/m2"
"1574","Reference",1919,"RF_OC",-0.0356541511918037,"W/m2"
"1575","Reference",1920,"RF_OC",-0.0362252016565411,"W/m2"
"1576","Reference",1921,"RF_OC",-0.0326885222042975,"W/m2"
"1577","Reference",1922,"RF_OC",-0.0303997354335983,"W/m2"
"1578","Reference",1923,"RF_OC",-0.0371031451900723,"W/m2"
"1579","Reference",1924,"RF_OC",-0.0331104351728519,"W/m2"
"1580","Reference",1925,"RF_OC",-0.0331821922489383,"W/m2"
"1581","Reference",1926,"RF_OC",-0.0321823259936899,"W/m2"
"1582","Reference",1927,"RF_OC",-0.0337473289010083,"W/m2"
"1583","Reference",1928,"RF_OC",-0.0337452638647966,"W/m2"
"1584","Reference",1929,"RF_OC",-0.0359555140669562,"W/m2"
"1585","Reference",1930,"RF_OC",-0.0395580991068156,"W/m2"
"1586","Reference",1931,"RF_OC",-0.0317674565898183,"W/m2"
"1587","Reference",1932,"RF_OC",-0.0339219966256189,"W/m2"
"1588","Reference",1933,"RF_OC",-0.0330828649756761,"W/m2"
"1589","Reference",1934,"RF_OC",-0.0375166786108923,"W/m2"
"1590","Reference",1935,"RF_OC",-0.0365610738056043,"W/m2"
"1591","Reference",1936,"RF_OC",-0.0405660231568092,"W/m2"
"1592","Reference",1937,"RF_OC",-0.0385099742212229,"W/m2"
"1593","Reference",1938,"RF_OC",-0.0344491597262891,"W/m2"
"1594","Reference",1939,"RF_OC",-0.0390946967840323,"W/m2"
"1595","Reference",1940,"RF_OC",-0.0361135025060046,"W/m2"
"1596","Reference",1941,"RF_OC",-0.0352942277113073,"W/m2"
"1597","Reference",1942,"RF_OC",-0.0389007851900382,"W/m2"
"1598","Reference",1943,"RF_OC",-0.0375574251040985,"W/m2"
"1599","Reference",1944,"RF_OC",-0.0385265810358735,"W/m2"
"1600","Reference",1945,"RF_OC",-0.0358435209265476,"W/m2"
"1601","Reference",1946,"RF_OC",-0.0335135620772739,"W/m2"
"1602","Reference",1947,"RF_OC",-0.0328698642903997,"W/m2"
"1603","Reference",1948,"RF_OC",-0.035876353736684,"W/m2"
"1604","Reference",1949,"RF_OC",-0.0385029770585657,"W/m2"
"1605","Reference",1950,"RF_OC",-0.044959959953129,"W/m2"
"1606","Reference",1951,"RF_OC",-0.0335048921430416,"W/m2"
"1607","Reference",1952,"RF_OC",-0.0367190833078437,"W/m2"
"1608","Reference",1953,"RF_OC",-0.0402112606891292,"W/m2"
"1609","Reference",1954,"RF_OC",-0.0401269314494517,"W/m2"
"1610","Reference",1955,"RF_OC",-0.0393540733135324,"W/m2"
"1611","Reference",1956,"RF_OC",-0.045464139114013,"W/m2"
"1612","Reference",1957,"RF_OC",-0.0512514152112539,"W/m2"
"1613","Reference",1958,"RF_OC",-0.0402074705688751,"W/m2"
"1614","Reference",1959,"RF_OC",-0.0382620850614181,"W/m2"
"1615","Reference",1960,"RF_OC",-0.0372709166434932,"W/m2"
"1616","Reference",1961,"RF_OC",-0.0458825523858431,"W/m2"
"1617","Reference",1962,"RF_OC",-0.0407093925350957,"W/m2"
"1618","Reference",1963,"RF_OC",-0.0539612529870962,"W/m2"
"1619","Reference",1964,"RF_OC",-0.0396370005791096,"W/m2"
"1620","Reference",1965,"RF_OC",-0.0413618041657953,"W/m2"
"1621","Reference",1966,"RF_OC",-0.0394587620580681,"W/m2"
"1622","Reference",1967,"RF_OC",-0.046266319430204,"W/m2"
"1623","Reference",1968,"RF_OC",-0.0409394956985962,"W/m2"
"1624","Reference",1969,"RF_OC",-0.0358912677198124,"W/m2"
"1625","Reference",1970,"RF_OC",-0.0396415939587835,"W/m2"
"1626","Reference",1971,"RF_OC",-0.0416560039159384,"W/m2"
"1627","Reference",1972,"RF_OC",-0.0564495558900959,"W/m2"
"1628","Reference",1973,"RF_OC",-0.0429532279338289,"W/m2"
"1629","Reference",1974,"RF_OC",-0.043446861226581,"W/m2"
"1630","Reference",1975,"RF_OC",-0.0400071701435168,"W/m2"
"1631","Reference",1976,"RF_OC",-0.0480094791047167,"W/m2"
"1632","Reference",1977,"RF_OC",-0.0477165538565403,"W/m2"
"1633","Reference",1978,"RF_OC",-0.0513641998815927,"W/m2"
"1634","Reference",1979,"RF_OC",-0.0522285934896716,"W/m2"
"1635","Reference",1980,"RF_OC",-0.051738483681497,"W/m2"
"1636","Reference",1981,"RF_OC",-0.0487226082879385,"W/m2"
"1637","Reference",1982,"RF_OC",-0.0698331325635104,"W/m2"
"1638","Reference",1983,"RF_OC",-0.0449216757778027,"W/m2"
"1639","Reference",1984,"RF_OC",-0.0501541623555034,"W/m2"
"1640","Reference",1985,"RF_OC",-0.0530820138102236,"W/m2"
"1641","Reference",1986,"RF_OC",-0.0535699616960087,"W/m2"
"1642","Reference",1987,"RF_OC",-0.0621488209763019,"W/m2"
"1643","Reference",1988,"RF_OC",-0.061190822931967,"W/m2"
"1644","Reference",1989,"RF_OC",-0.0557303942420772,"W/m2"
"1645","Reference",1990,"RF_OC",-0.0613337720677212,"W/m2"
"1646","Reference",1991,"RF_OC",-0.106362288654293,"W/m2"
"1647","Reference",1992,"RF_OC",-0.0559896395890958,"W/m2"
"1648","Reference",1993,"RF_OC",-0.0640773844091971,"W/m2"
"1649","Reference",1994,"RF_OC",-0.0955161945926891,"W/m2"
"1650","Reference",1995,"RF_OC",-0.0726861218212408,"W/m2"
"1651","Reference",1996,"RF_OC",-0.0659109466525245,"W/m2"
"1652","Reference",1997,"RF_OC",-0.127279401992984,"W/m2"
"1653","Reference",1998,"RF_OC",-0.12329451416296,"W/m2"
"1654","Reference",1999,"RF_OC",-0.0756774571384931,"W/m2"
"1655","Reference",2000,"RF_OC",-0.0589207065562444,"W/m2"
"1656","Reference",2001,"RF_OC",-0.0568320201837548,"W/m2"
"1657","Reference",2002,"RF_OC",-0.0935297836245863,"W/m2"
"1658","Reference",2003,"RF_OC",-0.0953063663870441,"W/m2"
"1659","Reference",2004,"RF_OC",-0.0805413215844702,"W/m2"
"1660","Reference",2005,"RF_OC",-0.0815311444311737,"W/m2"
"1661","Reference",2006,"RF_OC",-0.0901982537256905,"W/m2"
"1662","Reference",2007,"RF_OC",-0.0809995060209597,"W/m2"
"1663","Reference",2008,"RF_OC",-0.0698481604742118,"W/m2"
"1664","Reference",2009,"RF_OC",-0.0681342746936765,"W/m2"
"1665","Reference",2010,"RF_OC",-0.0848858195721697,"W/m2"
"1666","Reference",2011,"RF_OC",-0.0683367426651047,"W/m2"
"1667","Reference",2012,"RF_OC",-0.087952279551089,"W/m2"
"1668","Reference",2013,"RF_OC",-0.0698080896306584,"W/m2"
"1669","Reference",2014,"RF_OC",-0.0880261200212915,"W/m2"
"1670","Reference",2015,"RF_OC",-0.102496826181652,"W/m2"
"1671","Reference",2016,"RF_OC",-0.0724807600682624,"W/m2"
"1672","Reference",2017,"RF_OC",-0.0836462650802652,"W/m2"
"1673","Reference",2018,"RF_OC",-0.0775188806943137,"W/m2"
"1674","Reference",2019,"RF_OC",-0.115381527529025,"W/m2"
"1675","Reference",2020,"RF_OC",-0.0859263746025442,"W/m2"
"1676","Reference",2021,"RF_OC",-0.133236247588296,"W/m2"
"1677","Reference",2022,"RF_OC",-0.0614076364718628,"W/m2"
"1678","Reference",2023,"RF_OC",-0.0581886570240788,"W/m2"
"1679","Reference",2024,"RF_OC",-0.0549696775762948,"W/m2"
"1680","Reference",2025,"RF_OC",-0.0517506981285108,"W/m2"
"1681","Reference",2026,"RF_OC",-0.0501686057580344,"W/m2"
"1682","Reference",2027,"RF_OC",-0.048586513387558,"W/m2"
"1683","Reference",2028,"RF_OC",-0.0470044210170817,"W/m2"
"1684","Reference",2029,"RF_OC",-0.0454223286466054,"W/m2"
"1685","Reference",2030,"RF_OC",-0.043840236276129,"W/m2"
"1686","Reference",2031,"RF_OC",-0.0430064018038395,"W/m2"
"1687","Reference",2032,"RF_OC",-0.0421725673315499,"W/m2"
"1688","Reference",2033,"RF_OC",-0.0413387328592604,"W/m2"
"1689","Reference",2034,"RF_OC",-0.0405048983869708,"W/m2"
"1690","Reference",2035,"RF_OC",-0.0396710639146813,"W/m2"
"1691","Reference",2036,"RF_OC",-0.0391677358800214,"W/m2"
"1692","Reference",2037,"RF_OC",-0.0386644078453616,"W/m2"
"1693","Reference",2038,"RF_OC",-0.0381610798107017,"W/m2"
"1694","Reference",2039,"RF_OC",-0.0376577517760419,"W/m2"
"1695","Reference",2040,"RF_OC",-0.037154423741382,"W/m2"
"1696","Reference",2041,"RF_OC",-0.0368380869514634,"W/m2"
"1697","Reference",2042,"RF_OC",-0.0365217501615447,"W/m2"
"1698","Reference",2043,"RF_OC",-0.0362054133716261,"W/m2"
"1699","Reference",2044,"RF_OC",-0.0358890765817074,"W/m2"
"1700","Reference",2045,"RF_OC",-0.0355727397917888,"W/m2"
"1701","Reference",2046,"RF_OC",-0.0351668732887783,"W/m2"
"1702","Reference",2047,"RF_OC",-0.0347610067857679,"W/m2"
"1703","Reference",2048,"RF_OC",-0.0343551402827574,"W/m2"
"1704","Reference",2049,"RF_OC",-0.033949273779747,"W/m2"
"1705","Reference",2050,"RF_OC",-0.0335434072767365,"W/m2"
"1706","Reference",2051,"RF_OC",-0.0330919110032481,"W/m2"
"1707","Reference",2052,"RF_OC",-0.0326404147297597,"W/m2"
"1708","Reference",2053,"RF_OC",-0.0321889184562713,"W/m2"
"1709","Reference",2054,"RF_OC",-0.0317374221827829,"W/m2"
"1710","Reference",2055,"RF_OC",-0.0312859259092945,"W/m2"
"1711","Reference",2056,"RF_OC",-0.0309377247612673,"W/m2"
"1712","Reference",2057,"RF_OC",-0.0305895236132402,"W/m2"
"1713","Reference",2058,"RF_OC",-0.030241322465213,"W/m2"
"1714","Reference",2059,"RF_OC",-0.0298931213171858,"W/m2"
"1715","Reference",2060,"RF_OC",-0.0295449201691587,"W/m2"
"1716","Reference",2061,"RF_OC",-0.0293098115325818,"W/m2"
"1717","Reference",2062,"RF_OC",-0.0290747028960049,"W/m2"
"1718","Reference",2063,"RF_OC",-0.028839594259428,"W/m2"
"1719","Reference",2064,"RF_OC",-0.0286044856228511,"W/m2"
"1720","Reference",2065,"RF_OC",-0.0283693769862743,"W/m2"
"1721","Reference",2066,"RF_OC",-0.0281698743409953,"W/m2"
"1722","Reference",2067,"RF_OC",-0.0279703716957164,"W/m2"
"1723","Reference",2068,"RF_OC",-0.0277708690504374,"W/m2"
"1724","Reference",2069,"RF_OC",-0.0275713664051585,"W/m2"
"1725","Reference",2070,"RF_OC",-0.0273718637598795,"W/m2"
"1726","Reference",2071,"RF_OC",-0.0272233977935986,"W/m2"
"1727","Reference",2072,"RF_OC",-0.0270749318273178,"W/m2"
"1728","Reference",2073,"RF_OC",-0.0269264658610369,"W/m2"
"1729","Reference",2074,"RF_OC",-0.026777999894756,"W/m2"
"1730","Reference",2075,"RF_OC",-0.0266295339284751,"W/m2"
"1731","Reference",2076,"RF_OC",-0.0264262066354097,"W/m2"
"1732","Reference",2077,"RF_OC",-0.0262228793423443,"W/m2"
"1733","Reference",2078,"RF_OC",-0.026019552049279,"W/m2"
"1734","Reference",2079,"RF_OC",-0.0258162247562136,"W/m2"
"1735","Reference",2080,"RF_OC",-0.0256128974631482,"W/m2"
"1736","Reference",2081,"RF_OC",-0.0253665814654042,"W/m2"
"1737","Reference",2082,"RF_OC",-0.0251202654676602,"W/m2"
"1738","Reference",2083,"RF_OC",-0.0248739494699162,"W/m2"
"1739","Reference",2084,"RF_OC",-0.0246276334721722,"W/m2"
"1740","Reference",2085,"RF_OC",-0.0243813174744282,"W/m2"
"1741","Reference",2086,"RF_OC",-0.0241234457855559,"W/m2"
"1742","Reference",2087,"RF_OC",-0.0238655740966836,"W/m2"
"1743","Reference",2088,"RF_OC",-0.0236077024078114,"W/m2"
"1744","Reference",2089,"RF_OC",-0.0233498307189391,"W/m2"
"1745","Reference",2090,"RF_OC",-0.0230919590300668,"W/m2"
"1746","Reference",2091,"RF_OC",-0.0228317549358167,"W/m2"
"1747","Reference",2092,"RF_OC",-0.0225715508415667,"W/m2"
"1748","Reference",2093,"RF_OC",-0.0223113467473166,"W/m2"
"1749","Reference",2094,"RF_OC",-0.0220511426530666,"W/m2"
"1750","Reference",2095,"RF_OC",-0.0217909385588165,"W/m2"
"1751","Reference",2096,"RF_OC",-0.0215728960512829,"W/m2"
"1752","Reference",2097,"RF_OC",-0.0213548535437492,"W/m2"
"1753","Reference",2098,"RF_OC",-0.0211368110362156,"W/m2"
"1754","Reference",2099,"RF_OC",-0.0209187685286819,"W/m2"
"1755","Reference",2100,"RF_OC",-0.0207007260211483,"W/m2"
"1756","Reference",1750,"RF_H2O_strat",0,"W/m2"
"1757","Reference",1751,"RF_H2O_strat",1.90618554188408e-05,"W/m2"
"1758","Reference",1752,"RF_H2O_strat",6.58954047872391e-05,"W/m2"
"1759","Reference",1753,"RF_H2O_strat",9.82730499582643e-05,"W/m2"
"1760","Reference",1754,"RF_H2O_strat",0.000123325241066258,"W/m2"
"1761","Reference",1755,"RF_H2O_strat",0.000146880980804142,"W/m2"
"1762","Reference",1756,"RF_H2O_strat",0.000177090774398708,"W/m2"
"1763","Reference",1757,"RF_H2O_strat",0.000197910397956213,"W/m2"
"1764","Reference",1758,"RF_H2O_strat",0.00021175858756859,"W/m2"
"1765","Reference",1759,"RF_H2O_strat",0.000206990187680827,"W/m2"
"1766","Reference",1760,"RF_H2O_strat",0.000179876457877507,"W/m2"
"1767","Reference",1761,"RF_H2O_strat",0.000192175145442607,"W/m2"
"1768","Reference",1762,"RF_H2O_strat",0.000215995875604611,"W/m2"
"1769","Reference",1763,"RF_H2O_strat",0.0002547178272496,"W/m2"
"1770","Reference",1764,"RF_H2O_strat",0.000295386145799623,"W/m2"
"1771","Reference",1765,"RF_H2O_strat",0.00033433216517265,"W/m2"
"1772","Reference",1766,"RF_H2O_strat",0.000371605240586532,"W/m2"
"1773","Reference",1767,"RF_H2O_strat",0.000411209426018154,"W/m2"
"1774","Reference",1768,"RF_H2O_strat",0.000432957790968634,"W/m2"
"1775","Reference",1769,"RF_H2O_strat",0.000456114103406246,"W/m2"
"1776","Reference",1770,"RF_H2O_strat",0.000480548243989692,"W/m2"
"1777","Reference",1771,"RF_H2O_strat",0.000505696227018145,"W/m2"
"1778","Reference",1772,"RF_H2O_strat",0.000556322888122443,"W/m2"
"1779","Reference",1773,"RF_H2O_strat",0.000584728935715055,"W/m2"
"1780","Reference",1774,"RF_H2O_strat",0.000594215738682663,"W/m2"
"1781","Reference",1775,"RF_H2O_strat",0.000615782805357869,"W/m2"
"1782","Reference",1776,"RF_H2O_strat",0.000645818670304694,"W/m2"
"1783","Reference",1777,"RF_H2O_strat",0.000676199209838709,"W/m2"
"1784","Reference",1778,"RF_H2O_strat",0.000676819150197378,"W/m2"
"1785","Reference",1779,"RF_H2O_strat",0.000683693854070353,"W/m2"
"1786","Reference",1780,"RF_H2O_strat",0.000697981378003622,"W/m2"
"1787","Reference",1781,"RF_H2O_strat",0.000721572356140758,"W/m2"
"1788","Reference",1782,"RF_H2O_strat",0.00074467748815713,"W/m2"
"1789","Reference",1783,"RF_H2O_strat",0.000759535768803035,"W/m2"
"1790","Reference",1784,"RF_H2O_strat",0.000773069874499711,"W/m2"
"1791","Reference",1785,"RF_H2O_strat",0.00078710044491416,"W/m2"
"1792","Reference",1786,"RF_H2O_strat",0.000800862826404697,"W/m2"
"1793","Reference",1787,"RF_H2O_strat",0.000805501831482449,"W/m2"
"1794","Reference",1788,"RF_H2O_strat",0.000827202861892507,"W/m2"
"1795","Reference",1789,"RF_H2O_strat",0.000848642959525224,"W/m2"
"1796","Reference",1790,"RF_H2O_strat",0.000871448391744769,"W/m2"
"1797","Reference",1791,"RF_H2O_strat",0.000895445767300165,"W/m2"
"1798","Reference",1792,"RF_H2O_strat",0.000920587317308048,"W/m2"
"1799","Reference",1793,"RF_H2O_strat",0.000938410897911817,"W/m2"
"1800","Reference",1794,"RF_H2O_strat",0.000963552783376616,"W/m2"
"1801","Reference",1795,"RF_H2O_strat",0.000989534460076248,"W/m2"
"1802","Reference",1796,"RF_H2O_strat",0.00101939594546981,"W/m2"
"1803","Reference",1797,"RF_H2O_strat",0.00105194913067109,"W/m2"
"1804","Reference",1798,"RF_H2O_strat",0.00108974912169469,"W/m2"
"1805","Reference",1799,"RF_H2O_strat",0.00112631520842132,"W/m2"
"1806","Reference",1800,"RF_H2O_strat",0.00116248433475859,"W/m2"
"1807","Reference",1801,"RF_H2O_strat",0.00119874171658187,"W/m2"
"1808","Reference",1802,"RF_H2O_strat",0.00123945301119503,"W/m2"
"1809","Reference",1803,"RF_H2O_strat",0.00128360198662603,"W/m2"
"1810","Reference",1804,"RF_H2O_strat",0.001329163758577,"W/m2"
"1811","Reference",1805,"RF_H2O_strat",0.00137899993946904,"W/m2"
"1812","Reference",1806,"RF_H2O_strat",0.00142874863695273,"W/m2"
"1813","Reference",1807,"RF_H2O_strat",0.0014826860836256,"W/m2"
"1814","Reference",1808,"RF_H2O_strat",0.00153988663770696,"W/m2"
"1815","Reference",1809,"RF_H2O_strat",0.00159880675167699,"W/m2"
"1816","Reference",1810,"RF_H2O_strat",0.0016646093451096,"W/m2"
"1817","Reference",1811,"RF_H2O_strat",0.00173390009802646,"W/m2"
"1818","Reference",1812,"RF_H2O_strat",0.00179971279209302,"W/m2"
"1819","Reference",1813,"RF_H2O_strat",0.00186547245431399,"W/m2"
"1820","Reference",1814,"RF_H2O_strat",0.00191518868883352,"W/m2"
"1821","Reference",1815,"RF_H2O_strat",0.00197305338786503,"W/m2"
"1822","Reference",1816,"RF_H2O_strat",0.00202775346221749,"W/m2"
"1823","Reference",1817,"RF_H2O_strat",0.00209880572986097,"W/m2"
"1824","Reference",1818,"RF_H2O_strat",0.00215667608041532,"W/m2"
"1825","Reference",1819,"RF_H2O_strat",0.00220620939705546,"W/m2"
"1826","Reference",1820,"RF_H2O_strat",0.00225036272765152,"W/m2"
"1827","Reference",1821,"RF_H2O_strat",0.00230069214601423,"W/m2"
"1828","Reference",1822,"RF_H2O_strat",0.00236191038766826,"W/m2"
"1829","Reference",1823,"RF_H2O_strat",0.00241770760425442,"W/m2"
"1830","Reference",1824,"RF_H2O_strat",0.00247301864368398,"W/m2"
"1831","Reference",1825,"RF_H2O_strat",0.00252766762001473,"W/m2"
"1832","Reference",1826,"RF_H2O_strat",0.00257693528351914,"W/m2"
"1833","Reference",1827,"RF_H2O_strat",0.00262276534015216,"W/m2"
"1834","Reference",1828,"RF_H2O_strat",0.00267185504898935,"W/m2"
"1835","Reference",1829,"RF_H2O_strat",0.00271671388126156,"W/m2"
"1836","Reference",1830,"RF_H2O_strat",0.0027590553596918,"W/m2"
"1837","Reference",1831,"RF_H2O_strat",0.00279654902242728,"W/m2"
"1838","Reference",1832,"RF_H2O_strat",0.00283046394665205,"W/m2"
"1839","Reference",1833,"RF_H2O_strat",0.00285450852743175,"W/m2"
"1840","Reference",1834,"RF_H2O_strat",0.00289508415037947,"W/m2"
"1841","Reference",1835,"RF_H2O_strat",0.00292979390077125,"W/m2"
"1842","Reference",1836,"RF_H2O_strat",0.00294192568086012,"W/m2"
"1843","Reference",1837,"RF_H2O_strat",0.00294236566568827,"W/m2"
"1844","Reference",1838,"RF_H2O_strat",0.00293447224530762,"W/m2"
"1845","Reference",1839,"RF_H2O_strat",0.00293381450700971,"W/m2"
"1846","Reference",1840,"RF_H2O_strat",0.00295432249079179,"W/m2"
"1847","Reference",1841,"RF_H2O_strat",0.00298400850239191,"W/m2"
"1848","Reference",1842,"RF_H2O_strat",0.0030255152926163,"W/m2"
"1849","Reference",1843,"RF_H2O_strat",0.00309128237248045,"W/m2"
"1850","Reference",1844,"RF_H2O_strat",0.00318509416607834,"W/m2"
"1851","Reference",1845,"RF_H2O_strat",0.00327533782988303,"W/m2"
"1852","Reference",1846,"RF_H2O_strat",0.00334550839422046,"W/m2"
"1853","Reference",1847,"RF_H2O_strat",0.00337554865671459,"W/m2"
"1854","Reference",1848,"RF_H2O_strat",0.00338238851573887,"W/m2"
"1855","Reference",1849,"RF_H2O_strat",0.00338781295429098,"W/m2"
"1856","Reference",1850,"RF_H2O_strat",0.00338931654453664,"W/m2"
"1857","Reference",1851,"RF_H2O_strat",0.00339660310493234,"W/m2"
"1858","Reference",1852,"RF_H2O_strat",0.00342964849884102,"W/m2"
"1859","Reference",1853,"RF_H2O_strat",0.00348439344807038,"W/m2"
"1860","Reference",1854,"RF_H2O_strat",0.00354298535952495,"W/m2"
"1861","Reference",1855,"RF_H2O_strat",0.0036135586416831,"W/m2"
"1862","Reference",1856,"RF_H2O_strat",0.00367813806958261,"W/m2"
"1863","Reference",1857,"RF_H2O_strat",0.00375118680840975,"W/m2"
"1864","Reference",1858,"RF_H2O_strat",0.00383513323440886,"W/m2"
"1865","Reference",1859,"RF_H2O_strat",0.00392515634404862,"W/m2"
"1866","Reference",1860,"RF_H2O_strat",0.00400967446027116,"W/m2"
"1867","Reference",1861,"RF_H2O_strat",0.00410174254604248,"W/m2"
"1868","Reference",1862,"RF_H2O_strat",0.00421776366373115,"W/m2"
"1869","Reference",1863,"RF_H2O_strat",0.00435614619367199,"W/m2"
"1870","Reference",1864,"RF_H2O_strat",0.00450778132026209,"W/m2"
"1871","Reference",1865,"RF_H2O_strat",0.00465289492358504,"W/m2"
"1872","Reference",1866,"RF_H2O_strat",0.00480586071515096,"W/m2"
"1873","Reference",1867,"RF_H2O_strat",0.0049661086271786,"W/m2"
"1874","Reference",1868,"RF_H2O_strat",0.0051096528581344,"W/m2"
"1875","Reference",1869,"RF_H2O_strat",0.00523675012132654,"W/m2"
"1876","Reference",1870,"RF_H2O_strat",0.0053384442927383,"W/m2"
"1877","Reference",1871,"RF_H2O_strat",0.00540720028084234,"W/m2"
"1878","Reference",1872,"RF_H2O_strat",0.0054619259376646,"W/m2"
"1879","Reference",1873,"RF_H2O_strat",0.00550321367855588,"W/m2"
"1880","Reference",1874,"RF_H2O_strat",0.00557611306750632,"W/m2"
"1881","Reference",1875,"RF_H2O_strat",0.00564886216425699,"W/m2"
"1882","Reference",1876,"RF_H2O_strat",0.00571019270420042,"W/m2"
"1883","Reference",1877,"RF_H2O_strat",0.00577725746112154,"W/m2"
"1884","Reference",1878,"RF_H2O_strat",0.00585490948863377,"W/m2"
"1885","Reference",1879,"RF_H2O_strat",0.00594950209004197,"W/m2"
"1886","Reference",1880,"RF_H2O_strat",0.00605595947652933,"W/m2"
"1887","Reference",1881,"RF_H2O_strat",0.00615690753416178,"W/m2"
"1888","Reference",1882,"RF_H2O_strat",0.00625687998141699,"W/m2"
"1889","Reference",1883,"RF_H2O_strat",0.0063606874837162,"W/m2"
"1890","Reference",1884,"RF_H2O_strat",0.00647296801871371,"W/m2"
"1891","Reference",1885,"RF_H2O_strat",0.00659983875367226,"W/m2"
"1892","Reference",1886,"RF_H2O_strat",0.00672391733638482,"W/m2"
"1893","Reference",1887,"RF_H2O_strat",0.00686034207263203,"W/m2"
"1894","Reference",1888,"RF_H2O_strat",0.00699232228831866,"W/m2"
"1895","Reference",1889,"RF_H2O_strat",0.00713475325518887,"W/m2"
"1896","Reference",1890,"RF_H2O_strat",0.00727706362616395,"W/m2"
"1897","Reference",1891,"RF_H2O_strat",0.00742185947626206,"W/m2"
"1898","Reference",1892,"RF_H2O_strat",0.00759245355599126,"W/m2"
"1899","Reference",1893,"RF_H2O_strat",0.00775739582788633,"W/m2"
"1900","Reference",1894,"RF_H2O_strat",0.00789871111178564,"W/m2"
"1901","Reference",1895,"RF_H2O_strat",0.00801992073029672,"W/m2"
"1902","Reference",1896,"RF_H2O_strat",0.00808808907461806,"W/m2"
"1903","Reference",1897,"RF_H2O_strat",0.00815441393116283,"W/m2"
"1904","Reference",1898,"RF_H2O_strat",0.00827542504386613,"W/m2"
"1905","Reference",1899,"RF_H2O_strat",0.00841941837644176,"W/m2"
"1906","Reference",1900,"RF_H2O_strat",0.00856372104757342,"W/m2"
"1907","Reference",1901,"RF_H2O_strat",0.00870702091442014,"W/m2"
"1908","Reference",1902,"RF_H2O_strat",0.00888042840547179,"W/m2"
"1909","Reference",1903,"RF_H2O_strat",0.00905919466607513,"W/m2"
"1910","Reference",1904,"RF_H2O_strat",0.00929434569833229,"W/m2"
"1911","Reference",1905,"RF_H2O_strat",0.0095293653833276,"W/m2"
"1912","Reference",1906,"RF_H2O_strat",0.00977850961469824,"W/m2"
"1913","Reference",1907,"RF_H2O_strat",0.0100459547284602,"W/m2"
"1914","Reference",1908,"RF_H2O_strat",0.0102633760965971,"W/m2"
"1915","Reference",1909,"RF_H2O_strat",0.0104977265833056,"W/m2"
"1916","Reference",1910,"RF_H2O_strat",0.0107354228098631,"W/m2"
"1917","Reference",1911,"RF_H2O_strat",0.0109417927939532,"W/m2"
"1918","Reference",1912,"RF_H2O_strat",0.0111244518934287,"W/m2"
"1919","Reference",1913,"RF_H2O_strat",0.0112407732631319,"W/m2"
"1920","Reference",1914,"RF_H2O_strat",0.0113452335570617,"W/m2"
"1921","Reference",1915,"RF_H2O_strat",0.0114709212544699,"W/m2"
"1922","Reference",1916,"RF_H2O_strat",0.0117793420904298,"W/m2"
"1923","Reference",1917,"RF_H2O_strat",0.0120050381620462,"W/m2"
"1924","Reference",1918,"RF_H2O_strat",0.0122944006521925,"W/m2"
"1925","Reference",1919,"RF_H2O_strat",0.0126252294257633,"W/m2"
"1926","Reference",1920,"RF_H2O_strat",0.0129534144103053,"W/m2"
"1927","Reference",1921,"RF_H2O_strat",0.013267936432542,"W/m2"
"1928","Reference",1922,"RF_H2O_strat",0.0135723103776699,"W/m2"
"1929","Reference",1923,"RF_H2O_strat",0.0138383162110292,"W/m2"
"1930","Reference",1924,"RF_H2O_strat",0.0140289015917851,"W/m2"
"1931","Reference",1925,"RF_H2O_strat",0.0141484660503308,"W/m2"
"1932","Reference",1926,"RF_H2O_strat",0.0142120271893735,"W/m2"
"1933","Reference",1927,"RF_H2O_strat",0.014307799571686,"W/m2"
"1934","Reference",1928,"RF_H2O_strat",0.0145226305174285,"W/m2"
"1935","Reference",1929,"RF_H2O_strat",0.0147881908761694,"W/m2"
"1936","Reference",1930,"RF_H2O_strat",0.0150519733442062,"W/m2"
"1937","Reference",1931,"RF_H2O_strat",0.0152659058000241,"W/m2"
"1938","Reference",1932,"RF_H2O_strat",0.0154630901913896,"W/m2"
"1939","Reference",1933,"RF_H2O_strat",0.0156651402831067,"W/m2"
"1940","Reference",1934,"RF_H2O_strat",0.0158958481475634,"W/m2"
"1941","Reference",1935,"RF_H2O_strat",0.01613008536493,"W/m2"
"1942","Reference",1936,"RF_H2O_strat",0.0163396404553437,"W/m2"
"1943","Reference",1937,"RF_H2O_strat",0.0165377065180121,"W/m2"
"1944","Reference",1938,"RF_H2O_strat",0.0167278822186004,"W/m2"
"1945","Reference",1939,"RF_H2O_strat",0.0170048629245324,"W/m2"
"1946","Reference",1940,"RF_H2O_strat",0.0171465066089045,"W/m2"
"1947","Reference",1941,"RF_H2O_strat",0.0172841713671793,"W/m2"
"1948","Reference",1942,"RF_H2O_strat",0.0175025179238922,"W/m2"
"1949","Reference",1943,"RF_H2O_strat",0.0176997062409203,"W/m2"
"1950","Reference",1944,"RF_H2O_strat",0.01785897348859,"W/m2"
"1951","Reference",1945,"RF_H2O_strat",0.0179935427200183,"W/m2"
"1952","Reference",1946,"RF_H2O_strat",0.0181850003825772,"W/m2"
"1953","Reference",1947,"RF_H2O_strat",0.0184487851785031,"W/m2"
"1954","Reference",1948,"RF_H2O_strat",0.0187130099285538,"W/m2"
"1955","Reference",1949,"RF_H2O_strat",0.0189212056289732,"W/m2"
"1956","Reference",1950,"RF_H2O_strat",0.01907429754811,"W/m2"
"1957","Reference",1951,"RF_H2O_strat",0.019294386502306,"W/m2"
"1958","Reference",1952,"RF_H2O_strat",0.0195370183006245,"W/m2"
"1959","Reference",1953,"RF_H2O_strat",0.0199361868827805,"W/m2"
"1960","Reference",1954,"RF_H2O_strat",0.0204244657051698,"W/m2"
"1961","Reference",1955,"RF_H2O_strat",0.0209634790483092,"W/m2"
"1962","Reference",1956,"RF_H2O_strat",0.0216008345308476,"W/m2"
"1963","Reference",1957,"RF_H2O_strat",0.0222491951571824,"W/m2"
"1964","Reference",1958,"RF_H2O_strat",0.0227617399935446,"W/m2"
"1965","Reference",1959,"RF_H2O_strat",0.0231983827820117,"W/m2"
"1966","Reference",1960,"RF_H2O_strat",0.0234982981064721,"W/m2"
"1967","Reference",1961,"RF_H2O_strat",0.0237339009901544,"W/m2"
"1968","Reference",1962,"RF_H2O_strat",0.0243121301063479,"W/m2"
"1969","Reference",1963,"RF_H2O_strat",0.0251157257406464,"W/m2"
"1970","Reference",1964,"RF_H2O_strat",0.025846994913889,"W/m2"
"1971","Reference",1965,"RF_H2O_strat",0.0264506884431904,"W/m2"
"1972","Reference",1966,"RF_H2O_strat",0.0269436999255206,"W/m2"
"1973","Reference",1967,"RF_H2O_strat",0.0274742549983835,"W/m2"
"1974","Reference",1968,"RF_H2O_strat",0.0282407307301182,"W/m2"
"1975","Reference",1969,"RF_H2O_strat",0.0290209882974978,"W/m2"
"1976","Reference",1970,"RF_H2O_strat",0.029980665390767,"W/m2"
"1977","Reference",1971,"RF_H2O_strat",0.0308636868271685,"W/m2"
"1978","Reference",1972,"RF_H2O_strat",0.0316650555480986,"W/m2"
"1979","Reference",1973,"RF_H2O_strat",0.0322635979740859,"W/m2"
"1980","Reference",1974,"RF_H2O_strat",0.0328493394010457,"W/m2"
"1981","Reference",1975,"RF_H2O_strat",0.0335374191121956,"W/m2"
"1982","Reference",1976,"RF_H2O_strat",0.0343035733132806,"W/m2"
"1983","Reference",1977,"RF_H2O_strat",0.035122636710044,"W/m2"
"1984","Reference",1978,"RF_H2O_strat",0.0359699437433048,"W/m2"
"1985","Reference",1979,"RF_H2O_strat",0.0368199154638619,"W/m2"
"1986","Reference",1980,"RF_H2O_strat",0.0376482862479511,"W/m2"
"1987","Reference",1981,"RF_H2O_strat",0.0384294804537587,"W/m2"
"1988","Reference",1982,"RF_H2O_strat",0.0391388113244863,"W/m2"
"1989","Reference",1983,"RF_H2O_strat",0.0397515953494726,"W/m2"
"1990","Reference",1984,"RF_H2O_strat",0.0402907244721698,"W/m2"
"1991","Reference",1985,"RF_H2O_strat",0.0408399339536656,"W/m2"
"1992","Reference",1986,"RF_H2O_strat",0.0414046237207778,"W/m2"
"1993","Reference",1987,"RF_H2O_strat",0.0419610004868878,"W/m2"
"1994","Reference",1988,"RF_H2O_strat",0.0424269453844669,"W/m2"
"1995","Reference",1989,"RF_H2O_strat",0.042924203375179,"W/m2"
"1996","Reference",1990,"RF_H2O_strat",0.0433610637922192,"W/m2"
"1997","Reference",1991,"RF_H2O_strat",0.0438177622231038,"W/m2"
"1998","Reference",1992,"RF_H2O_strat",0.0442894219930366,"W/m2"
"1999","Reference",1993,"RF_H2O_strat",0.0443340501772589,"W/m2"
"2000","Reference",1994,"RF_H2O_strat",0.0445796297307193,"W/m2"
"2001","Reference",1995,"RF_H2O_strat",0.044880821497026,"W/m2"
"2002","Reference",1996,"RF_H2O_strat",0.044987572187132,"W/m2"
"2003","Reference",1997,"RF_H2O_strat",0.0451279375019086,"W/m2"
"2004","Reference",1998,"RF_H2O_strat",0.0456154374426487,"W/m2"
"2005","Reference",1999,"RF_H2O_strat",0.0459141424888701,"W/m2"
"2006","Reference",2000,"RF_H2O_strat",0.0459548565370456,"W/m2"
"2007","Reference",2001,"RF_H2O_strat",0.0458699143194287,"W/m2"
"2008","Reference",2002,"RF_H2O_strat",0.0459305077040391,"W/m2"
"2009","Reference",2003,"RF_H2O_strat",0.046136645041205,"W/m2"
"2010","Reference",2004,"RF_H2O_strat",0.0461244541189927,"W/m2"
"2011","Reference",2005,"RF_H2O_strat",0.0460015421177029,"W/m2"
"2012","Reference",2006,"RF_H2O_strat",0.0460325699497356,"W/m2"
"2013","Reference",2007,"RF_H2O_strat",0.0463159062134522,"W/m2"
"2014","Reference",2008,"RF_H2O_strat",0.0465643729767747,"W/m2"
"2015","Reference",2009,"RF_H2O_strat",0.0468525809429659,"W/m2"
"2016","Reference",2010,"RF_H2O_strat",0.0470882605676608,"W/m2"
"2017","Reference",2011,"RF_H2O_strat",0.0472745299648516,"W/m2"
"2018","Reference",2012,"RF_H2O_strat",0.0474960973032448,"W/m2"
"2019","Reference",2013,"RF_H2O_strat",0.047730426099792,"W/m2"
"2020","Reference",2014,"RF_H2O_strat",0.0481319250122878,"W/m2"
"2021","Reference",2015,"RF_H2O_strat",0.0486494561153362,"W/m2"
"2022","Reference",2016,"RF_H2O_strat",0.0490403594660858,"W/m2"
"2023","Reference",2017,"RF_H2O_strat",0.0493253534887366,"W/m2"
"2024","Reference",2018,"RF_H2O_strat",0.049667680527304,"W/m2"
"2025","Reference",2019,"RF_H2O_strat",0.0500735723275116,"W/m2"
"2026","Reference",2020,"RF_H2O_strat",0.050611319961873,"W/m2"
"2027","Reference",2021,"RF_H2O_strat",0.0513206684661366,"W/m2"
"2028","Reference",2022,"RF_H2O_strat",0.0520317867545814,"W/m2"
"2029","Reference",2023,"RF_H2O_strat",0.0526102077304967,"W/m2"
"2030","Reference",2024,"RF_H2O_strat",0.0533971818761628,"W/m2"
"2031","Reference",2025,"RF_H2O_strat",0.0543728549773737,"W/m2"
"2032","Reference",2026,"RF_H2O_strat",0.0553495563109718,"W/m2"
"2033","Reference",2027,"RF_H2O_strat",0.0563278254445962,"W/m2"
"2034","Reference",2028,"RF_H2O_strat",0.0573080753909202,"W/m2"
"2035","Reference",2029,"RF_H2O_strat",0.0582905310415456,"W/m2"
"2036","Reference",2030,"RF_H2O_strat",0.0592753552778466,"W/m2"
"2037","Reference",2031,"RF_H2O_strat",0.0602655803178784,"W/m2"
"2038","Reference",2032,"RF_H2O_strat",0.0612611432316486,"W/m2"
"2039","Reference",2033,"RF_H2O_strat",0.0622618126847309,"W/m2"
"2040","Reference",2034,"RF_H2O_strat",0.0632674810310533,"W/m2"
"2041","Reference",2035,"RF_H2O_strat",0.0642780817861641,"W/m2"
"2042","Reference",2036,"RF_H2O_strat",0.0652669012802158,"W/m2"
"2043","Reference",2037,"RF_H2O_strat",0.0662355700546942,"W/m2"
"2044","Reference",2038,"RF_H2O_strat",0.06718561450448,"W/m2"
"2045","Reference",2039,"RF_H2O_strat",0.0681184227123188,"W/m2"
"2046","Reference",2040,"RF_H2O_strat",0.0690352673142247,"W/m2"
"2047","Reference",2041,"RF_H2O_strat",0.0699502718323009,"W/m2"
"2048","Reference",2042,"RF_H2O_strat",0.0708635445917549,"W/m2"
"2049","Reference",2043,"RF_H2O_strat",0.0717751856886849,"W/m2"
"2050","Reference",2044,"RF_H2O_strat",0.0726853069075656,"W/m2"
"2051","Reference",2045,"RF_H2O_strat",0.0735940198278067,"W/m2"
"2052","Reference",2046,"RF_H2O_strat",0.0744925998379954,"W/m2"
"2053","Reference",2047,"RF_H2O_strat",0.0753817031321984,"W/m2"
"2054","Reference",2048,"RF_H2O_strat",0.076261911394751,"W/m2"
"2055","Reference",2049,"RF_H2O_strat",0.0771337704899383,"W/m2"
"2056","Reference",2050,"RF_H2O_strat",0.0779977874977054,"W/m2"
"2057","Reference",2051,"RF_H2O_strat",0.0788530579374681,"W/m2"
"2058","Reference",2052,"RF_H2O_strat",0.0797001095881723,"W/m2"
"2059","Reference",2053,"RF_H2O_strat",0.0805394285947683,"W/m2"
"2060","Reference",2054,"RF_H2O_strat",0.0813714734449865,"W/m2"
"2061","Reference",2055,"RF_H2O_strat",0.0821966718287706,"W/m2"
"2062","Reference",2056,"RF_H2O_strat",0.0830136938914618,"W/m2"
"2063","Reference",2057,"RF_H2O_strat",0.083823008853578,"W/m2"
"2064","Reference",2058,"RF_H2O_strat",0.0846250484148209,"W/m2"
"2065","Reference",2059,"RF_H2O_strat",0.0854202172637896,"W/m2"
"2066","Reference",2060,"RF_H2O_strat",0.086208892234464,"W/m2"
"2067","Reference",2061,"RF_H2O_strat",0.0869757386861262,"W/m2"
"2068","Reference",2062,"RF_H2O_strat",0.0877221514813612,"W/m2"
"2069","Reference",2063,"RF_H2O_strat",0.0884494302472827,"W/m2"
"2070","Reference",2064,"RF_H2O_strat",0.0891587747939478,"W/m2"
"2071","Reference",2065,"RF_H2O_strat",0.0898512976178669,"W/m2"
"2072","Reference",2066,"RF_H2O_strat",0.090524317945348,"W/m2"
"2073","Reference",2067,"RF_H2O_strat",0.0911790467021901,"W/m2"
"2074","Reference",2068,"RF_H2O_strat",0.0918165998826661,"W/m2"
"2075","Reference",2069,"RF_H2O_strat",0.0924380211122888,"W/m2"
"2076","Reference",2070,"RF_H2O_strat",0.0930442829418148,"W/m2"
"2077","Reference",2071,"RF_H2O_strat",0.0936319778476557,"W/m2"
"2078","Reference",2072,"RF_H2O_strat",0.0942022659528456,"W/m2"
"2079","Reference",2073,"RF_H2O_strat",0.094756238578782,"W/m2"
"2080","Reference",2074,"RF_H2O_strat",0.0952949051853484,"W/m2"
"2081","Reference",2075,"RF_H2O_strat",0.0958192042618654,"W/m2"
"2082","Reference",2076,"RF_H2O_strat",0.0963232634245307,"W/m2"
"2083","Reference",2077,"RF_H2O_strat",0.0968083797272029,"W/m2"
"2084","Reference",2078,"RF_H2O_strat",0.0972757873964399,"W/m2"
"2085","Reference",2079,"RF_H2O_strat",0.0977266137411926,"W/m2"
"2086","Reference",2080,"RF_H2O_strat",0.0981619022551563,"W/m2"
"2087","Reference",2081,"RF_H2O_strat",0.0985779145238354,"W/m2"
"2088","Reference",2082,"RF_H2O_strat",0.0989758632632645,"W/m2"
"2089","Reference",2083,"RF_H2O_strat",0.0993568938032716,"W/m2"
"2090","Reference",2084,"RF_H2O_strat",0.0997220630597798,"W/m2"
"2091","Reference",2085,"RF_H2O_strat",0.100072353245512,"W/m2"
"2092","Reference",2086,"RF_H2O_strat",0.100396150150754,"W/m2"
"2093","Reference",2087,"RF_H2O_strat",0.100695116598663,"W/m2"
"2094","Reference",2088,"RF_H2O_strat",0.100970825536222,"W/m2"
"2095","Reference",2089,"RF_H2O_strat",0.101224729299953,"W/m2"
"2096","Reference",2090,"RF_H2O_strat",0.101458181182104,"W/m2"
"2097","Reference",2091,"RF_H2O_strat",0.101665450315665,"W/m2"
"2098","Reference",2092,"RF_H2O_strat",0.10184819849292,"W/m2"
"2099","Reference",2093,"RF_H2O_strat",0.102007987350329,"W/m2"
"2100","Reference",2094,"RF_H2O_strat",0.102146269088585,"W/m2"
"2101","Reference",2095,"RF_H2O_strat",0.102264399422061,"W/m2"
"2102","Reference",2096,"RF_H2O_strat",0.102359749270229,"W/m2"
"2103","Reference",2097,"RF_H2O_strat",0.102433771293258,"W/m2"
"2104","Reference",2098,"RF_H2O_strat",0.102487839627206,"W/m2"
"2105","Reference",2099,"RF_H2O_strat",0.102523229147284,"W/m2"
"2106","Reference",2100,"RF_H2O_strat",0.102541129716499,"W/m2"
"2107","Reference",1750,"RF_O3_trop",0,"W/m2"
"2108","Reference",1751,"RF_O3_trop",-0.000569376507392194,"W/m2"
"2109","Reference",1752,"RF_O3_trop",-0.000421497294804452,"W/m2"
"2110","Reference",1753,"RF_O3_trop",-0.00020395490060543,"W/m2"
"2111","Reference",1754,"RF_O3_trop",0.000653326752148686,"W/m2"
"2112","Reference",1755,"RF_O3_trop",0.00098384168957133,"W/m2"
"2113","Reference",1756,"RF_O3_trop",-2.50068130540626e-05,"W/m2"
"2114","Reference",1757,"RF_O3_trop",0.00277504786080951,"W/m2"
"2115","Reference",1758,"RF_O3_trop",0.00218206006097854,"W/m2"
"2116","Reference",1759,"RF_O3_trop",0.0015805042420789,"W/m2"
"2117","Reference",1760,"RF_O3_trop",0.00152597715710279,"W/m2"
"2118","Reference",1761,"RF_O3_trop",0.00223216635849721,"W/m2"
"2119","Reference",1762,"RF_O3_trop",0.000854398635882658,"W/m2"
"2120","Reference",1763,"RF_O3_trop",0.00148273145631417,"W/m2"
"2121","Reference",1764,"RF_O3_trop",0.00100160803267113,"W/m2"
"2122","Reference",1765,"RF_O3_trop",0.00245679875977012,"W/m2"
"2123","Reference",1766,"RF_O3_trop",0.00247798472549676,"W/m2"
"2124","Reference",1767,"RF_O3_trop",0.00271266536794812,"W/m2"
"2125","Reference",1768,"RF_O3_trop",0.00507722340490613,"W/m2"
"2126","Reference",1769,"RF_O3_trop",0.00367349004685469,"W/m2"
"2127","Reference",1770,"RF_O3_trop",0.0039486460619842,"W/m2"
"2128","Reference",1771,"RF_O3_trop",0.0028704019463095,"W/m2"
"2129","Reference",1772,"RF_O3_trop",0.00270329600012764,"W/m2"
"2130","Reference",1773,"RF_O3_trop",0.00282608041408028,"W/m2"
"2131","Reference",1774,"RF_O3_trop",0.00456638515957897,"W/m2"
"2132","Reference",1775,"RF_O3_trop",0.00466478230174139,"W/m2"
"2133","Reference",1776,"RF_O3_trop",0.00327544385770739,"W/m2"
"2134","Reference",1777,"RF_O3_trop",0.00537291183533095,"W/m2"
"2135","Reference",1778,"RF_O3_trop",0.00641108316023087,"W/m2"
"2136","Reference",1779,"RF_O3_trop",0.00470735042790915,"W/m2"
"2137","Reference",1780,"RF_O3_trop",0.00526057299800464,"W/m2"
"2138","Reference",1781,"RF_O3_trop",0.00567885274449687,"W/m2"
"2139","Reference",1782,"RF_O3_trop",0.00451737486627946,"W/m2"
"2140","Reference",1783,"RF_O3_trop",0.00443583844804474,"W/m2"
"2141","Reference",1784,"RF_O3_trop",0.00460211554589418,"W/m2"
"2142","Reference",1785,"RF_O3_trop",0.00504703219198332,"W/m2"
"2143","Reference",1786,"RF_O3_trop",0.00496865812407221,"W/m2"
"2144","Reference",1787,"RF_O3_trop",0.00580060587744824,"W/m2"
"2145","Reference",1788,"RF_O3_trop",0.00808548499811157,"W/m2"
"2146","Reference",1789,"RF_O3_trop",0.00662055417607244,"W/m2"
"2147","Reference",1790,"RF_O3_trop",0.00707170388759004,"W/m2"
"2148","Reference",1791,"RF_O3_trop",0.00589659609074933,"W/m2"
"2149","Reference",1792,"RF_O3_trop",0.00590473343185671,"W/m2"
"2150","Reference",1793,"RF_O3_trop",0.00552423486169284,"W/m2"
"2151","Reference",1794,"RF_O3_trop",0.00743244435243717,"W/m2"
"2152","Reference",1795,"RF_O3_trop",0.0074607629505612,"W/m2"
"2153","Reference",1796,"RF_O3_trop",0.00573307929439881,"W/m2"
"2154","Reference",1797,"RF_O3_trop",0.00812262449972923,"W/m2"
"2155","Reference",1798,"RF_O3_trop",0.00925261364874364,"W/m2"
"2156","Reference",1799,"RF_O3_trop",0.00812036945513905,"W/m2"
"2157","Reference",1800,"RF_O3_trop",0.00840081968648398,"W/m2"
"2158","Reference",1801,"RF_O3_trop",0.00897700408190616,"W/m2"
"2159","Reference",1802,"RF_O3_trop",0.00822203832635093,"W/m2"
"2160","Reference",1803,"RF_O3_trop",0.00784574921334436,"W/m2"
"2161","Reference",1804,"RF_O3_trop",0.00894874435886872,"W/m2"
"2162","Reference",1805,"RF_O3_trop",0.00938860427661781,"W/m2"
"2163","Reference",1806,"RF_O3_trop",0.00995633576659727,"W/m2"
"2164","Reference",1807,"RF_O3_trop",0.0107202754587969,"W/m2"
"2165","Reference",1808,"RF_O3_trop",0.013329420393317,"W/m2"
"2166","Reference",1809,"RF_O3_trop",0.0121209527883361,"W/m2"
"2167","Reference",1810,"RF_O3_trop",0.0128224200715072,"W/m2"
"2168","Reference",1811,"RF_O3_trop",0.0124917926952066,"W/m2"
"2169","Reference",1812,"RF_O3_trop",0.012199257315384,"W/m2"
"2170","Reference",1813,"RF_O3_trop",0.0124466952943105,"W/m2"
"2171","Reference",1814,"RF_O3_trop",0.0144651246411607,"W/m2"
"2172","Reference",1815,"RF_O3_trop",0.0148709572220109,"W/m2"
"2173","Reference",1816,"RF_O3_trop",0.0140062465773259,"W/m2"
"2174","Reference",1817,"RF_O3_trop",0.0156941431802429,"W/m2"
"2175","Reference",1818,"RF_O3_trop",0.0176084412105286,"W/m2"
"2176","Reference",1819,"RF_O3_trop",0.0163360669491599,"W/m2"
"2177","Reference",1820,"RF_O3_trop",0.0168657692690577,"W/m2"
"2178","Reference",1821,"RF_O3_trop",0.0177529605760802,"W/m2"
"2179","Reference",1822,"RF_O3_trop",0.0165412371343425,"W/m2"
"2180","Reference",1823,"RF_O3_trop",0.0163388169695535,"W/m2"
"2181","Reference",1824,"RF_O3_trop",0.0177312321775513,"W/m2"
"2182","Reference",1825,"RF_O3_trop",0.0179871257693938,"W/m2"
"2183","Reference",1826,"RF_O3_trop",0.0181022803547297,"W/m2"
"2184","Reference",1827,"RF_O3_trop",0.019033047414041,"W/m2"
"2185","Reference",1828,"RF_O3_trop",0.0215384829178975,"W/m2"
"2186","Reference",1829,"RF_O3_trop",0.0203779143426244,"W/m2"
"2187","Reference",1830,"RF_O3_trop",0.0210914420749257,"W/m2"
"2188","Reference",1831,"RF_O3_trop",0.0199977803959812,"W/m2"
"2189","Reference",1832,"RF_O3_trop",0.0200454633514899,"W/m2"
"2190","Reference",1833,"RF_O3_trop",0.0199314598640707,"W/m2"
"2191","Reference",1834,"RF_O3_trop",0.0216228544578263,"W/m2"
"2192","Reference",1835,"RF_O3_trop",0.0216127673055742,"W/m2"
"2193","Reference",1836,"RF_O3_trop",0.0209663860002574,"W/m2"
"2194","Reference",1837,"RF_O3_trop",0.0222789627397497,"W/m2"
"2195","Reference",1838,"RF_O3_trop",0.0235059535980617,"W/m2"
"2196","Reference",1839,"RF_O3_trop",0.0221544735936041,"W/m2"
"2197","Reference",1840,"RF_O3_trop",0.0214483706223485,"W/m2"
"2198","Reference",1841,"RF_O3_trop",0.0233941529899959,"W/m2"
"2199","Reference",1842,"RF_O3_trop",0.0219994526965217,"W/m2"
"2200","Reference",1843,"RF_O3_trop",0.0211200864122798,"W/m2"
"2201","Reference",1844,"RF_O3_trop",0.0228091866539473,"W/m2"
"2202","Reference",1845,"RF_O3_trop",0.0236236670668422,"W/m2"
"2203","Reference",1846,"RF_O3_trop",0.0238249597158842,"W/m2"
"2204","Reference",1847,"RF_O3_trop",0.0252233956582553,"W/m2"
"2205","Reference",1848,"RF_O3_trop",0.0269624241695485,"W/m2"
"2206","Reference",1849,"RF_O3_trop",0.0260970292020664,"W/m2"
"2207","Reference",1850,"RF_O3_trop",0.0263506278431094,"W/m2"
"2208","Reference",1851,"RF_O3_trop",0.0250049330305384,"W/m2"
"2209","Reference",1852,"RF_O3_trop",0.0244101280402149,"W/m2"
"2210","Reference",1853,"RF_O3_trop",0.0249980051401508,"W/m2"
"2211","Reference",1854,"RF_O3_trop",0.0271718243058183,"W/m2"
"2212","Reference",1855,"RF_O3_trop",0.0270490950791074,"W/m2"
"2213","Reference",1856,"RF_O3_trop",0.0261179849791451,"W/m2"
"2214","Reference",1857,"RF_O3_trop",0.0289821763674425,"W/m2"
"2215","Reference",1858,"RF_O3_trop",0.0304290307848676,"W/m2"
"2216","Reference",1859,"RF_O3_trop",0.029760891050131,"W/m2"
"2217","Reference",1860,"RF_O3_trop",0.0297125717548128,"W/m2"
"2218","Reference",1861,"RF_O3_trop",0.031092253579025,"W/m2"
"2219","Reference",1862,"RF_O3_trop",0.030586490852518,"W/m2"
"2220","Reference",1863,"RF_O3_trop",0.0302636553979558,"W/m2"
"2221","Reference",1864,"RF_O3_trop",0.0322264550607019,"W/m2"
"2222","Reference",1865,"RF_O3_trop",0.0342543819905299,"W/m2"
"2223","Reference",1866,"RF_O3_trop",0.0346513295440967,"W/m2"
"2224","Reference",1867,"RF_O3_trop",0.0368104504684263,"W/m2"
"2225","Reference",1868,"RF_O3_trop",0.0394332999149889,"W/m2"
"2226","Reference",1869,"RF_O3_trop",0.0385220607945274,"W/m2"
"2227","Reference",1870,"RF_O3_trop",0.040177383941904,"W/m2"
"2228","Reference",1871,"RF_O3_trop",0.0394952462967217,"W/m2"
"2229","Reference",1872,"RF_O3_trop",0.0384944350600431,"W/m2"
"2230","Reference",1873,"RF_O3_trop",0.0405959503740423,"W/m2"
"2231","Reference",1874,"RF_O3_trop",0.0420932327952497,"W/m2"
"2232","Reference",1875,"RF_O3_trop",0.0412307633863305,"W/m2"
"2233","Reference",1876,"RF_O3_trop",0.0414749003545514,"W/m2"
"2234","Reference",1877,"RF_O3_trop",0.0432637585489424,"W/m2"
"2235","Reference",1878,"RF_O3_trop",0.044696529816239,"W/m2"
"2236","Reference",1879,"RF_O3_trop",0.0449397317238407,"W/m2"
"2237","Reference",1880,"RF_O3_trop",0.0446423718882065,"W/m2"
"2238","Reference",1881,"RF_O3_trop",0.0465503911621317,"W/m2"
"2239","Reference",1882,"RF_O3_trop",0.04569363744845,"W/m2"
"2240","Reference",1883,"RF_O3_trop",0.045061048882916,"W/m2"
"2241","Reference",1884,"RF_O3_trop",0.0475697962171178,"W/m2"
"2242","Reference",1885,"RF_O3_trop",0.048250524594178,"W/m2"
"2243","Reference",1886,"RF_O3_trop",0.0492042265900305,"W/m2"
"2244","Reference",1887,"RF_O3_trop",0.050920492896918,"W/m2"
"2245","Reference",1888,"RF_O3_trop",0.0531110669852513,"W/m2"
"2246","Reference",1889,"RF_O3_trop",0.0535231175427937,"W/m2"
"2247","Reference",1890,"RF_O3_trop",0.0551626858112453,"W/m2"
"2248","Reference",1891,"RF_O3_trop",0.0546444993910402,"W/m2"
"2249","Reference",1892,"RF_O3_trop",0.0547897755223214,"W/m2"
"2250","Reference",1893,"RF_O3_trop",0.0561109891074763,"W/m2"
"2251","Reference",1894,"RF_O3_trop",0.0591651953465717,"W/m2"
"2252","Reference",1895,"RF_O3_trop",0.0596913538193882,"W/m2"
"2253","Reference",1896,"RF_O3_trop",0.0578206468957285,"W/m2"
"2254","Reference",1897,"RF_O3_trop",0.0612843051815197,"W/m2"
"2255","Reference",1898,"RF_O3_trop",0.0623387433617679,"W/m2"
"2256","Reference",1899,"RF_O3_trop",0.0631825440180016,"W/m2"
"2257","Reference",1900,"RF_O3_trop",0.0635719126793008,"W/m2"
"2258","Reference",1901,"RF_O3_trop",0.0649265116906474,"W/m2"
"2259","Reference",1902,"RF_O3_trop",0.0652598659601997,"W/m2"
"2260","Reference",1903,"RF_O3_trop",0.0655068947605137,"W/m2"
"2261","Reference",1904,"RF_O3_trop",0.069253021268624,"W/m2"
"2262","Reference",1905,"RF_O3_trop",0.0718077471706116,"W/m2"
"2263","Reference",1906,"RF_O3_trop",0.0731540076316952,"W/m2"
"2264","Reference",1907,"RF_O3_trop",0.077387213731787,"W/m2"
"2265","Reference",1908,"RF_O3_trop",0.0793301282820917,"W/m2"
"2266","Reference",1909,"RF_O3_trop",0.0804645113901576,"W/m2"
"2267","Reference",1910,"RF_O3_trop",0.0835430841308256,"W/m2"
"2268","Reference",1911,"RF_O3_trop",0.0836075753083112,"W/m2"
"2269","Reference",1912,"RF_O3_trop",0.0839800484955109,"W/m2"
"2270","Reference",1913,"RF_O3_trop",0.0865595289885086,"W/m2"
"2271","Reference",1914,"RF_O3_trop",0.0881615479603199,"W/m2"
"2272","Reference",1915,"RF_O3_trop",0.0878221953271743,"W/m2"
"2273","Reference",1916,"RF_O3_trop",0.089535814576132,"W/m2"
"2274","Reference",1917,"RF_O3_trop",0.0940055307956145,"W/m2"
"2275","Reference",1918,"RF_O3_trop",0.0963668364890893,"W/m2"
"2276","Reference",1919,"RF_O3_trop",0.0967269368392025,"W/m2"
"2277","Reference",1920,"RF_O3_trop",0.101072701900188,"W/m2"
"2278","Reference",1921,"RF_O3_trop",0.10118291581797,"W/m2"
"2279","Reference",1922,"RF_O3_trop",0.10282974969266,"W/m2"
"2280","Reference",1923,"RF_O3_trop",0.110367080220649,"W/m2"
"2281","Reference",1924,"RF_O3_trop",0.108593552311133,"W/m2"
"2282","Reference",1925,"RF_O3_trop",0.110757601349867,"W/m2"
"2283","Reference",1926,"RF_O3_trop",0.111387626090127,"W/m2"
"2284","Reference",1927,"RF_O3_trop",0.115554199324355,"W/m2"
"2285","Reference",1928,"RF_O3_trop",0.117170603892437,"W/m2"
"2286","Reference",1929,"RF_O3_trop",0.121095055385215,"W/m2"
"2287","Reference",1930,"RF_O3_trop",0.122835021644647,"W/m2"
"2288","Reference",1931,"RF_O3_trop",0.117422568716443,"W/m2"
"2289","Reference",1932,"RF_O3_trop",0.118952296633707,"W/m2"
"2290","Reference",1933,"RF_O3_trop",0.119197700159309,"W/m2"
"2291","Reference",1934,"RF_O3_trop",0.124916650152222,"W/m2"
"2292","Reference",1935,"RF_O3_trop",0.127041837831372,"W/m2"
"2293","Reference",1936,"RF_O3_trop",0.13307158038473,"W/m2"
"2294","Reference",1937,"RF_O3_trop",0.135206474414313,"W/m2"
"2295","Reference",1938,"RF_O3_trop",0.13235225188798,"W/m2"
"2296","Reference",1939,"RF_O3_trop",0.138171525793517,"W/m2"
"2297","Reference",1940,"RF_O3_trop",0.140113760721209,"W/m2"
"2298","Reference",1941,"RF_O3_trop",0.141996477366322,"W/m2"
"2299","Reference",1942,"RF_O3_trop",0.144011628522636,"W/m2"
"2300","Reference",1943,"RF_O3_trop",0.146641272117403,"W/m2"
"2301","Reference",1944,"RF_O3_trop",0.149779586135964,"W/m2"
"2302","Reference",1945,"RF_O3_trop",0.148591846558904,"W/m2"
"2303","Reference",1946,"RF_O3_trop",0.148036898505807,"W/m2"
"2304","Reference",1947,"RF_O3_trop",0.153326023226686,"W/m2"
"2305","Reference",1948,"RF_O3_trop",0.160412878416808,"W/m2"
"2306","Reference",1949,"RF_O3_trop",0.159282564954799,"W/m2"
"2307","Reference",1950,"RF_O3_trop",0.168816143275846,"W/m2"
"2308","Reference",1951,"RF_O3_trop",0.166861003281902,"W/m2"
"2309","Reference",1952,"RF_O3_trop",0.170833993133502,"W/m2"
"2310","Reference",1953,"RF_O3_trop",0.176918568078585,"W/m2"
"2311","Reference",1954,"RF_O3_trop",0.181075896726093,"W/m2"
"2312","Reference",1955,"RF_O3_trop",0.189231298045043,"W/m2"
"2313","Reference",1956,"RF_O3_trop",0.19932998452722,"W/m2"
"2314","Reference",1957,"RF_O3_trop",0.207402821217108,"W/m2"
"2315","Reference",1958,"RF_O3_trop",0.203908028918728,"W/m2"
"2316","Reference",1959,"RF_O3_trop",0.206835974196033,"W/m2"
"2317","Reference",1960,"RF_O3_trop",0.212262284116164,"W/m2"
"2318","Reference",1961,"RF_O3_trop",0.219922906006718,"W/m2"
"2319","Reference",1962,"RF_O3_trop",0.223682637773569,"W/m2"
"2320","Reference",1963,"RF_O3_trop",0.23863719907274,"W/m2"
"2321","Reference",1964,"RF_O3_trop",0.239977520455313,"W/m2"
"2322","Reference",1965,"RF_O3_trop",0.248121992887263,"W/m2"
"2323","Reference",1966,"RF_O3_trop",0.253210073838717,"W/m2"
"2324","Reference",1967,"RF_O3_trop",0.265149922672865,"W/m2"
"2325","Reference",1968,"RF_O3_trop",0.271899379158614,"W/m2"
"2326","Reference",1969,"RF_O3_trop",0.27749075766801,"W/m2"
"2327","Reference",1970,"RF_O3_trop",0.291789737329725,"W/m2"
"2328","Reference",1971,"RF_O3_trop",0.299696708960691,"W/m2"
"2329","Reference",1972,"RF_O3_trop",0.316992212498157,"W/m2"
"2330","Reference",1973,"RF_O3_trop",0.319009740085206,"W/m2"
"2331","Reference",1974,"RF_O3_trop",0.320277415317719,"W/m2"
"2332","Reference",1975,"RF_O3_trop",0.31892757533524,"W/m2"
"2333","Reference",1976,"RF_O3_trop",0.332187354064523,"W/m2"
"2334","Reference",1977,"RF_O3_trop",0.339456711488466,"W/m2"
"2335","Reference",1978,"RF_O3_trop",0.348507885853918,"W/m2"
"2336","Reference",1979,"RF_O3_trop",0.354200792439004,"W/m2"
"2337","Reference",1980,"RF_O3_trop",0.354099494312426,"W/m2"
"2338","Reference",1981,"RF_O3_trop",0.350780918472617,"W/m2"
"2339","Reference",1982,"RF_O3_trop",0.36235574012355,"W/m2"
"2340","Reference",1983,"RF_O3_trop",0.347681222062089,"W/m2"
"2341","Reference",1984,"RF_O3_trop",0.356505759615262,"W/m2"
"2342","Reference",1985,"RF_O3_trop",0.361743926689835,"W/m2"
"2343","Reference",1986,"RF_O3_trop",0.368702707233874,"W/m2"
"2344","Reference",1987,"RF_O3_trop",0.378827606838988,"W/m2"
"2345","Reference",1988,"RF_O3_trop",0.386944105477819,"W/m2"
"2346","Reference",1989,"RF_O3_trop",0.388961864664187,"W/m2"
"2347","Reference",1990,"RF_O3_trop",0.392913540720768,"W/m2"
"2348","Reference",1991,"RF_O3_trop",0.418644346641231,"W/m2"
"2349","Reference",1992,"RF_O3_trop",0.395185541909704,"W/m2"
"2350","Reference",1993,"RF_O3_trop",0.400981406429652,"W/m2"
"2351","Reference",1994,"RF_O3_trop",0.416837824550857,"W/m2"
"2352","Reference",1995,"RF_O3_trop",0.409436895440698,"W/m2"
"2353","Reference",1996,"RF_O3_trop",0.407476129333252,"W/m2"
"2354","Reference",1997,"RF_O3_trop",0.442075577210854,"W/m2"
"2355","Reference",1998,"RF_O3_trop",0.434827110844518,"W/m2"
"2356","Reference",1999,"RF_O3_trop",0.414902911362625,"W/m2"
"2357","Reference",2000,"RF_O3_trop",0.409540314610406,"W/m2"
"2358","Reference",2001,"RF_O3_trop",0.410297479230115,"W/m2"
"2359","Reference",2002,"RF_O3_trop",0.420561762491087,"W/m2"
"2360","Reference",2003,"RF_O3_trop",0.422474693588766,"W/m2"
"2361","Reference",2004,"RF_O3_trop",0.430730434490897,"W/m2"
"2362","Reference",2005,"RF_O3_trop",0.436239529517766,"W/m2"
"2363","Reference",2006,"RF_O3_trop",0.440165466267835,"W/m2"
"2364","Reference",2007,"RF_O3_trop",0.444984032754289,"W/m2"
"2365","Reference",2008,"RF_O3_trop",0.436253058663905,"W/m2"
"2366","Reference",2009,"RF_O3_trop",0.422955700333359,"W/m2"
"2367","Reference",2010,"RF_O3_trop",0.430163388789989,"W/m2"
"2368","Reference",2011,"RF_O3_trop",0.430879022673159,"W/m2"
"2369","Reference",2012,"RF_O3_trop",0.432789934898594,"W/m2"
"2370","Reference",2013,"RF_O3_trop",0.42198638499026,"W/m2"
"2371","Reference",2014,"RF_O3_trop",0.42605475152515,"W/m2"
"2372","Reference",2015,"RF_O3_trop",0.43150158254469,"W/m2"
"2373","Reference",2016,"RF_O3_trop",0.416445059245845,"W/m2"
"2374","Reference",2017,"RF_O3_trop",0.416621069894106,"W/m2"
"2375","Reference",2018,"RF_O3_trop",0.413205001605181,"W/m2"
"2376","Reference",2019,"RF_O3_trop",0.421669144324952,"W/m2"
"2377","Reference",2020,"RF_O3_trop",0.397580009450361,"W/m2"
"2378","Reference",2021,"RF_O3_trop",0.409584746795609,"W/m2"
"2379","Reference",2022,"RF_O3_trop",0.398271140621291,"W/m2"
"2380","Reference",2023,"RF_O3_trop",0.400825781319041,"W/m2"
"2381","Reference",2024,"RF_O3_trop",0.403882584636054,"W/m2"
"2382","Reference",2025,"RF_O3_trop",0.407379568689566,"W/m2"
"2383","Reference",2026,"RF_O3_trop",0.406300653435109,"W/m2"
"2384","Reference",2027,"RF_O3_trop",0.405199353353855,"W/m2"
"2385","Reference",2028,"RF_O3_trop",0.404077087424186,"W/m2"
"2386","Reference",2029,"RF_O3_trop",0.402934782787483,"W/m2"
"2387","Reference",2030,"RF_O3_trop",0.401773190110551,"W/m2"
"2388","Reference",2031,"RF_O3_trop",0.401212385022819,"W/m2"
"2389","Reference",2032,"RF_O3_trop",0.400639512465531,"W/m2"
"2390","Reference",2033,"RF_O3_trop",0.400054186444332,"W/m2"
"2391","Reference",2034,"RF_O3_trop",0.399456312497315,"W/m2"
"2392","Reference",2035,"RF_O3_trop",0.398845893119597,"W/m2"
"2393","Reference",2036,"RF_O3_trop",0.400309327109028,"W/m2"
"2394","Reference",2037,"RF_O3_trop",0.401708214253391,"W/m2"
"2395","Reference",2038,"RF_O3_trop",0.403047464044807,"W/m2"
"2396","Reference",2039,"RF_O3_trop",0.404331490495899,"W/m2"
"2397","Reference",2040,"RF_O3_trop",0.40556428888882,"W/m2"
"2398","Reference",2041,"RF_O3_trop",0.407600487411665,"W/m2"
"2399","Reference",2042,"RF_O3_trop",0.409616329175605,"W/m2"
"2400","Reference",2043,"RF_O3_trop",0.41161240644521,"W/m2"
"2401","Reference",2044,"RF_O3_trop",0.413589316651081,"W/m2"
"2402","Reference",2045,"RF_O3_trop",0.415547638547276,"W/m2"
"2403","Reference",2046,"RF_O3_trop",0.417753045461422,"W/m2"
"2404","Reference",2047,"RF_O3_trop",0.419925085476261,"W/m2"
"2405","Reference",2048,"RF_O3_trop",0.422065585912255,"W/m2"
"2406","Reference",2049,"RF_O3_trop",0.424176243866365,"W/m2"
"2407","Reference",2050,"RF_O3_trop",0.426258626711816,"W/m2"
"2408","Reference",2051,"RF_O3_trop",0.428531550863224,"W/m2"
"2409","Reference",2052,"RF_O3_trop",0.430776617462293,"W/m2"
"2410","Reference",2053,"RF_O3_trop",0.432995268166824,"W/m2"
"2411","Reference",2054,"RF_O3_trop",0.435188849099225,"W/m2"
"2412","Reference",2055,"RF_O3_trop",0.437358609224551,"W/m2"
"2413","Reference",2056,"RF_O3_trop",0.439759148445982,"W/m2"
"2414","Reference",2057,"RF_O3_trop",0.44213519607983,"W/m2"
"2415","Reference",2058,"RF_O3_trop",0.44448796528066,"W/m2"
"2416","Reference",2059,"RF_O3_trop",0.446818586297611,"W/m2"
"2417","Reference",2060,"RF_O3_trop",0.449128108281704,"W/m2"
"2418","Reference",2061,"RF_O3_trop",0.451526069119554,"W/m2"
"2419","Reference",2062,"RF_O3_trop",0.453879582705016,"W/m2"
"2420","Reference",2063,"RF_O3_trop",0.456191683910469,"W/m2"
"2421","Reference",2064,"RF_O3_trop",0.458465146036235,"W/m2"
"2422","Reference",2065,"RF_O3_trop",0.460702513726603,"W/m2"
"2423","Reference",2066,"RF_O3_trop",0.46293511146028,"W/m2"
"2424","Reference",2067,"RF_O3_trop",0.465130283679157,"W/m2"
"2425","Reference",2068,"RF_O3_trop",0.467290480287225,"W/m2"
"2426","Reference",2069,"RF_O3_trop",0.469417966759468,"W/m2"
"2427","Reference",2070,"RF_O3_trop",0.471514833648437,"W/m2"
"2428","Reference",2071,"RF_O3_trop",0.473425826015984,"W/m2"
"2429","Reference",2072,"RF_O3_trop",0.475303338717586,"W/m2"
"2430","Reference",2073,"RF_O3_trop",0.477149607740357,"W/m2"
"2431","Reference",2074,"RF_O3_trop",0.478966684635124,"W/m2"
"2432","Reference",2075,"RF_O3_trop",0.4807564606433,"W/m2"
"2433","Reference",2076,"RF_O3_trop",0.482234244528676,"W/m2"
"2434","Reference",2077,"RF_O3_trop",0.483677982776383,"W/m2"
"2435","Reference",2078,"RF_O3_trop",0.485090047613509,"W/m2"
"2436","Reference",2079,"RF_O3_trop",0.486472592053417,"W/m2"
"2437","Reference",2080,"RF_O3_trop",0.487827593635501,"W/m2"
"2438","Reference",2081,"RF_O3_trop",0.489182208922079,"W/m2"
"2439","Reference",2082,"RF_O3_trop",0.490505798452659,"W/m2"
"2440","Reference",2083,"RF_O3_trop",0.491800465197882,"W/m2"
"2441","Reference",2084,"RF_O3_trop",0.493068136233456,"W/m2"
"2442","Reference",2085,"RF_O3_trop",0.494310589269063,"W/m2"
"2443","Reference",2086,"RF_O3_trop",0.496079802572452,"W/m2"
"2444","Reference",2087,"RF_O3_trop",0.497808549280977,"W/m2"
"2445","Reference",2088,"RF_O3_trop",0.499499578706454,"W/m2"
"2446","Reference",2089,"RF_O3_trop",0.501155407522413,"W/m2"
"2447","Reference",2090,"RF_O3_trop",0.502778360090534,"W/m2"
"2448","Reference",2091,"RF_O3_trop",0.504440556649548,"W/m2"
"2449","Reference",2092,"RF_O3_trop",0.506063856475616,"W/m2"
"2450","Reference",2093,"RF_O3_trop",0.507650860311011,"W/m2"
"2451","Reference",2094,"RF_O3_trop",0.509203966206707,"W/m2"
"2452","Reference",2095,"RF_O3_trop",0.510725394810075,"W/m2"
"2453","Reference",2096,"RF_O3_trop",0.512207231472488,"W/m2"
"2454","Reference",2097,"RF_O3_trop",0.513655713465234,"W/m2"
"2455","Reference",2098,"RF_O3_trop",0.515073037268368,"W/m2"
"2456","Reference",2099,"RF_O3_trop",0.51646122669563,"W/m2"
"2457","Reference",2100,"RF_O3_trop",0.5178221583194,"W/m2"
"2458","Reference",1750,"RF_BC",0,"W/m2"
"2459","Reference",1751,"RF_BC",-0.00155817073344688,"W/m2"
"2460","Reference",1752,"RF_BC",-0.00207821269801522,"W/m2"
"2461","Reference",1753,"RF_BC",-0.0015587659024556,"W/m2"
"2462","Reference",1754,"RF_BC",0.00022459789439494,"W/m2"
"2463","Reference",1755,"RF_BC",0.000244151758553662,"W/m2"
"2464","Reference",1756,"RF_BC",-0.00166225657126454,"W/m2"
"2465","Reference",1757,"RF_BC",0.00342195036486234,"W/m2"
"2466","Reference",1758,"RF_BC",0.00170578449718375,"W/m2"
"2467","Reference",1759,"RF_BC",0.00152264217001075,"W/m2"
"2468","Reference",1760,"RF_BC",0.00222729405389455,"W/m2"
"2469","Reference",1761,"RF_BC",0.00289878765211746,"W/m2"
"2470","Reference",1762,"RF_BC",0.00063327278204306,"W/m2"
"2471","Reference",1763,"RF_BC",0.00100871172814698,"W/m2"
"2472","Reference",1764,"RF_BC",-0.00122306409304099,"W/m2"
"2473","Reference",1765,"RF_BC",0.00214369493405528,"W/m2"
"2474","Reference",1766,"RF_BC",0.00133705115910257,"W/m2"
"2475","Reference",1767,"RF_BC",0.00150249258826121,"W/m2"
"2476","Reference",1768,"RF_BC",0.00606015002802704,"W/m2"
"2477","Reference",1769,"RF_BC",0.00318741917755519,"W/m2"
"2478","Reference",1770,"RF_BC",0.00333553451387211,"W/m2"
"2479","Reference",1771,"RF_BC",0.000917842283225057,"W/m2"
"2480","Reference",1772,"RF_BC",7.89472287127391e-05,"W/m2"
"2481","Reference",1773,"RF_BC",0.000487875302854185,"W/m2"
"2482","Reference",1774,"RF_BC",0.00450848461804992,"W/m2"
"2483","Reference",1775,"RF_BC",0.00417653872554538,"W/m2"
"2484","Reference",1776,"RF_BC",0.00186082338465696,"W/m2"
"2485","Reference",1777,"RF_BC",0.00562261588073742,"W/m2"
"2486","Reference",1778,"RF_BC",0.0074434786544274,"W/m2"
"2487","Reference",1779,"RF_BC",0.00503377774150737,"W/m2"
"2488","Reference",1780,"RF_BC",0.00680248090265018,"W/m2"
"2489","Reference",1781,"RF_BC",0.00687184122174384,"W/m2"
"2490","Reference",1782,"RF_BC",0.00507457975186207,"W/m2"
"2491","Reference",1783,"RF_BC",0.00450027136042205,"W/m2"
"2492","Reference",1784,"RF_BC",0.0039106455577862,"W/m2"
"2493","Reference",1785,"RF_BC",0.00557455234688775,"W/m2"
"2494","Reference",1786,"RF_BC",0.00515756519186811,"W/m2"
"2495","Reference",1787,"RF_BC",0.00690587912763821,"W/m2"
"2496","Reference",1788,"RF_BC",0.0114410166579446,"W/m2"
"2497","Reference",1789,"RF_BC",0.0084588398976029,"W/m2"
"2498","Reference",1790,"RF_BC",0.00906865030206835,"W/m2"
"2499","Reference",1791,"RF_BC",0.00635526278777357,"W/m2"
"2500","Reference",1792,"RF_BC",0.00579670346531988,"W/m2"
"2501","Reference",1793,"RF_BC",0.00535232404547045,"W/m2"
"2502","Reference",1794,"RF_BC",0.00934393796374589,"W/m2"
"2503","Reference",1795,"RF_BC",0.00873419484309387,"W/m2"
"2504","Reference",1796,"RF_BC",0.00569337607457227,"W/m2"
"2505","Reference",1797,"RF_BC",0.00964812713514937,"W/m2"
"2506","Reference",1798,"RF_BC",0.0110598722172285,"W/m2"
"2507","Reference",1799,"RF_BC",0.00942989687106921,"W/m2"
"2508","Reference",1800,"RF_BC",0.0100796709447751,"W/m2"
"2509","Reference",1801,"RF_BC",0.0104420141699346,"W/m2"
"2510","Reference",1802,"RF_BC",0.0095511107454592,"W/m2"
"2511","Reference",1803,"RF_BC",0.00823284995546214,"W/m2"
"2512","Reference",1804,"RF_BC",0.00950581766005076,"W/m2"
"2513","Reference",1805,"RF_BC",0.0107793619177105,"W/m2"
"2514","Reference",1806,"RF_BC",0.011422769796976,"W/m2"
"2515","Reference",1807,"RF_BC",0.0126528213824689,"W/m2"
"2516","Reference",1808,"RF_BC",0.017418039546804,"W/m2"
"2517","Reference",1809,"RF_BC",0.0147176201343965,"W/m2"
"2518","Reference",1810,"RF_BC",0.0156630563432816,"W/m2"
"2519","Reference",1811,"RF_BC",0.0141266381159415,"W/m2"
"2520","Reference",1812,"RF_BC",0.0127722777299591,"W/m2"
"2521","Reference",1813,"RF_BC",0.01322979266157,"W/m2"
"2522","Reference",1814,"RF_BC",0.0172492082793665,"W/m2"
"2523","Reference",1815,"RF_BC",0.0171720690044252,"W/m2"
"2524","Reference",1816,"RF_BC",0.0157025369379038,"W/m2"
"2525","Reference",1817,"RF_BC",0.0181393899118676,"W/m2"
"2526","Reference",1818,"RF_BC",0.0208583308622853,"W/m2"
"2527","Reference",1819,"RF_BC",0.0190517588141536,"W/m2"
"2528","Reference",1820,"RF_BC",0.0203333063113963,"W/m2"
"2529","Reference",1821,"RF_BC",0.0213467413526937,"W/m2"
"2530","Reference",1822,"RF_BC",0.0196278041868523,"W/m2"
"2531","Reference",1823,"RF_BC",0.0185942457919756,"W/m2"
"2532","Reference",1824,"RF_BC",0.0206892791786961,"W/m2"
"2533","Reference",1825,"RF_BC",0.0216564999549972,"W/m2"
"2534","Reference",1826,"RF_BC",0.0218009989041998,"W/m2"
"2535","Reference",1827,"RF_BC",0.0236399458467411,"W/m2"
"2536","Reference",1828,"RF_BC",0.0286631379594594,"W/m2"
"2537","Reference",1829,"RF_BC",0.0262536262891787,"W/m2"
"2538","Reference",1830,"RF_BC",0.0279614990225558,"W/m2"
"2539","Reference",1831,"RF_BC",0.0255978449007424,"W/m2"
"2540","Reference",1832,"RF_BC",0.0254797172373543,"W/m2"
"2541","Reference",1833,"RF_BC",0.0260389841712234,"W/m2"
"2542","Reference",1834,"RF_BC",0.0299074933965917,"W/m2"
"2543","Reference",1835,"RF_BC",0.0297576458036353,"W/m2"
"2544","Reference",1836,"RF_BC",0.0299765407917034,"W/m2"
"2545","Reference",1837,"RF_BC",0.0326014884766857,"W/m2"
"2546","Reference",1838,"RF_BC",0.0353148729105357,"W/m2"
"2547","Reference",1839,"RF_BC",0.034046013616659,"W/m2"
"2548","Reference",1840,"RF_BC",0.0337703068772306,"W/m2"
"2549","Reference",1841,"RF_BC",0.0371926521297508,"W/m2"
"2550","Reference",1842,"RF_BC",0.0349218477838731,"W/m2"
"2551","Reference",1843,"RF_BC",0.0328807898075523,"W/m2"
"2552","Reference",1844,"RF_BC",0.0353538990631417,"W/m2"
"2553","Reference",1845,"RF_BC",0.0374852485963259,"W/m2"
"2554","Reference",1846,"RF_BC",0.0378697203209015,"W/m2"
"2555","Reference",1847,"RF_BC",0.0415105912765445,"W/m2"
"2556","Reference",1848,"RF_BC",0.0454596945117815,"W/m2"
"2557","Reference",1849,"RF_BC",0.044276557222815,"W/m2"
"2558","Reference",1850,"RF_BC",0.0458497481628065,"W/m2"
"2559","Reference",1851,"RF_BC",0.0433769671903093,"W/m2"
"2560","Reference",1852,"RF_BC",0.04255430072967,"W/m2"
"2561","Reference",1853,"RF_BC",0.0442610493468876,"W/m2"
"2562","Reference",1854,"RF_BC",0.0498592227200003,"W/m2"
"2563","Reference",1855,"RF_BC",0.0491938866933933,"W/m2"
"2564","Reference",1856,"RF_BC",0.0484131065492948,"W/m2"
"2565","Reference",1857,"RF_BC",0.0529688289430396,"W/m2"
"2566","Reference",1858,"RF_BC",0.0550130971406126,"W/m2"
"2567","Reference",1859,"RF_BC",0.0547860358347081,"W/m2"
"2568","Reference",1860,"RF_BC",0.0553447376838902,"W/m2"
"2569","Reference",1861,"RF_BC",0.0569828151588692,"W/m2"
"2570","Reference",1862,"RF_BC",0.0558925707871128,"W/m2"
"2571","Reference",1863,"RF_BC",0.0543472448951052,"W/m2"
"2572","Reference",1864,"RF_BC",0.0571255953585866,"W/m2"
"2573","Reference",1865,"RF_BC",0.0608254411366084,"W/m2"
"2574","Reference",1866,"RF_BC",0.0605505096582487,"W/m2"
"2575","Reference",1867,"RF_BC",0.0640491279528057,"W/m2"
"2576","Reference",1868,"RF_BC",0.06846177049648,"W/m2"
"2577","Reference",1869,"RF_BC",0.0662770349910164,"W/m2"
"2578","Reference",1870,"RF_BC",0.0694766597386037,"W/m2"
"2579","Reference",1871,"RF_BC",0.0675501127022247,"W/m2"
"2580","Reference",1872,"RF_BC",0.0668794772312153,"W/m2"
"2581","Reference",1873,"RF_BC",0.0716329245397843,"W/m2"
"2582","Reference",1874,"RF_BC",0.0733579909361186,"W/m2"
"2583","Reference",1875,"RF_BC",0.071221411650931,"W/m2"
"2584","Reference",1876,"RF_BC",0.0718415892117414,"W/m2"
"2585","Reference",1877,"RF_BC",0.0744050663187348,"W/m2"
"2586","Reference",1878,"RF_BC",0.0759906302163703,"W/m2"
"2587","Reference",1879,"RF_BC",0.077961175854833,"W/m2"
"2588","Reference",1880,"RF_BC",0.0777852775593875,"W/m2"
"2589","Reference",1881,"RF_BC",0.0803692544997955,"W/m2"
"2590","Reference",1882,"RF_BC",0.0793213243351274,"W/m2"
"2591","Reference",1883,"RF_BC",0.0776778560554422,"W/m2"
"2592","Reference",1884,"RF_BC",0.0814219313488003,"W/m2"
"2593","Reference",1885,"RF_BC",0.0817994010389899,"W/m2"
"2594","Reference",1886,"RF_BC",0.0823706047528921,"W/m2"
"2595","Reference",1887,"RF_BC",0.0851133083150683,"W/m2"
"2596","Reference",1888,"RF_BC",0.0906105564531833,"W/m2"
"2597","Reference",1889,"RF_BC",0.0888650207900084,"W/m2"
"2598","Reference",1890,"RF_BC",0.092758151958793,"W/m2"
"2599","Reference",1891,"RF_BC",0.0907643471871931,"W/m2"
"2600","Reference",1892,"RF_BC",0.0897852607309015,"W/m2"
"2601","Reference",1893,"RF_BC",0.0907066779182601,"W/m2"
"2602","Reference",1894,"RF_BC",0.095381031377386,"W/m2"
"2603","Reference",1895,"RF_BC",0.0966071090283325,"W/m2"
"2604","Reference",1896,"RF_BC",0.0931819131235546,"W/m2"
"2605","Reference",1897,"RF_BC",0.0990802939328312,"W/m2"
"2606","Reference",1898,"RF_BC",0.100743030816965,"W/m2"
"2607","Reference",1899,"RF_BC",0.10466540298294,"W/m2"
"2608","Reference",1900,"RF_BC",0.104853329403529,"W/m2"
"2609","Reference",1901,"RF_BC",0.106213349242317,"W/m2"
"2610","Reference",1902,"RF_BC",0.105833330448501,"W/m2"
"2611","Reference",1903,"RF_BC",0.107155063518288,"W/m2"
"2612","Reference",1904,"RF_BC",0.111307768227042,"W/m2"
"2613","Reference",1905,"RF_BC",0.115479718123742,"W/m2"
"2614","Reference",1906,"RF_BC",0.117736186467686,"W/m2"
"2615","Reference",1907,"RF_BC",0.12698169358903,"W/m2"
"2616","Reference",1908,"RF_BC",0.1256852505178,"W/m2"
"2617","Reference",1909,"RF_BC",0.127101661828589,"W/m2"
"2618","Reference",1910,"RF_BC",0.132546300250162,"W/m2"
"2619","Reference",1911,"RF_BC",0.130562416190257,"W/m2"
"2620","Reference",1912,"RF_BC",0.131029037547451,"W/m2"
"2621","Reference",1913,"RF_BC",0.136841509381485,"W/m2"
"2622","Reference",1914,"RF_BC",0.13341590750917,"W/m2"
"2623","Reference",1915,"RF_BC",0.131351565199716,"W/m2"
"2624","Reference",1916,"RF_BC",0.134545396436188,"W/m2"
"2625","Reference",1917,"RF_BC",0.141295850495886,"W/m2"
"2626","Reference",1918,"RF_BC",0.141441058913422,"W/m2"
"2627","Reference",1919,"RF_BC",0.129278198572592,"W/m2"
"2628","Reference",1920,"RF_BC",0.137996740443199,"W/m2"
"2629","Reference",1921,"RF_BC",0.126848775311477,"W/m2"
"2630","Reference",1922,"RF_BC",0.126772960263399,"W/m2"
"2631","Reference",1923,"RF_BC",0.148145435020573,"W/m2"
"2632","Reference",1924,"RF_BC",0.141138322012136,"W/m2"
"2633","Reference",1925,"RF_BC",0.143247973690007,"W/m2"
"2634","Reference",1926,"RF_BC",0.140543017212792,"W/m2"
"2635","Reference",1927,"RF_BC",0.145794104280634,"W/m2"
"2636","Reference",1928,"RF_BC",0.142216025706578,"W/m2"
"2637","Reference",1929,"RF_BC",0.146096602412171,"W/m2"
"2638","Reference",1930,"RF_BC",0.142404072434444,"W/m2"
"2639","Reference",1931,"RF_BC",0.126516302683969,"W/m2"
"2640","Reference",1932,"RF_BC",0.124440522831859,"W/m2"
"2641","Reference",1933,"RF_BC",0.123780388271808,"W/m2"
"2642","Reference",1934,"RF_BC",0.133860032724139,"W/m2"
"2643","Reference",1935,"RF_BC",0.135369904252524,"W/m2"
"2644","Reference",1936,"RF_BC",0.14581428407245,"W/m2"
"2645","Reference",1937,"RF_BC",0.146242106559498,"W/m2"
"2646","Reference",1938,"RF_BC",0.136707653151475,"W/m2"
"2647","Reference",1939,"RF_BC",0.145364817304036,"W/m2"
"2648","Reference",1940,"RF_BC",0.146901393126343,"W/m2"
"2649","Reference",1941,"RF_BC",0.14973632748844,"W/m2"
"2650","Reference",1942,"RF_BC",0.155495520806388,"W/m2"
"2651","Reference",1943,"RF_BC",0.157261896502915,"W/m2"
"2652","Reference",1944,"RF_BC",0.157919717551063,"W/m2"
"2653","Reference",1945,"RF_BC",0.143755427656221,"W/m2"
"2654","Reference",1946,"RF_BC",0.142241298944384,"W/m2"
"2655","Reference",1947,"RF_BC",0.14449800347608,"W/m2"
"2656","Reference",1948,"RF_BC",0.151796714047863,"W/m2"
"2657","Reference",1949,"RF_BC",0.146245266876487,"W/m2"
"2658","Reference",1950,"RF_BC",0.157867800344091,"W/m2"
"2659","Reference",1951,"RF_BC",0.147003890252664,"W/m2"
"2660","Reference",1952,"RF_BC",0.149393175257773,"W/m2"
"2661","Reference",1953,"RF_BC",0.153380191229277,"W/m2"
"2662","Reference",1954,"RF_BC",0.156346237603297,"W/m2"
"2663","Reference",1955,"RF_BC",0.161085626316564,"W/m2"
"2664","Reference",1956,"RF_BC",0.175000150150724,"W/m2"
"2665","Reference",1957,"RF_BC",0.185687927054549,"W/m2"
"2666","Reference",1958,"RF_BC",0.183081458144826,"W/m2"
"2667","Reference",1959,"RF_BC",0.187887989926063,"W/m2"
"2668","Reference",1960,"RF_BC",0.194928298868684,"W/m2"
"2669","Reference",1961,"RF_BC",0.195119870698453,"W/m2"
"2670","Reference",1962,"RF_BC",0.195291327215345,"W/m2"
"2671","Reference",1963,"RF_BC",0.206946178168524,"W/m2"
"2672","Reference",1964,"RF_BC",0.196536540394383,"W/m2"
"2673","Reference",1965,"RF_BC",0.197194656109314,"W/m2"
"2674","Reference",1966,"RF_BC",0.197997539866994,"W/m2"
"2675","Reference",1967,"RF_BC",0.204522042992106,"W/m2"
"2676","Reference",1968,"RF_BC",0.205059588148428,"W/m2"
"2677","Reference",1969,"RF_BC",0.207472778068335,"W/m2"
"2678","Reference",1970,"RF_BC",0.216627810341126,"W/m2"
"2679","Reference",1971,"RF_BC",0.225304785770993,"W/m2"
"2680","Reference",1972,"RF_BC",0.245293945663969,"W/m2"
"2681","Reference",1973,"RF_BC",0.241712785923642,"W/m2"
"2682","Reference",1974,"RF_BC",0.24636206615227,"W/m2"
"2683","Reference",1975,"RF_BC",0.247468230197539,"W/m2"
"2684","Reference",1976,"RF_BC",0.266318037008489,"W/m2"
"2685","Reference",1977,"RF_BC",0.276093149800478,"W/m2"
"2686","Reference",1978,"RF_BC",0.291614369895991,"W/m2"
"2687","Reference",1979,"RF_BC",0.29627390661033,"W/m2"
"2688","Reference",1980,"RF_BC",0.288092230482729,"W/m2"
"2689","Reference",1981,"RF_BC",0.280403058616294,"W/m2"
"2690","Reference",1982,"RF_BC",0.29877527688075,"W/m2"
"2691","Reference",1983,"RF_BC",0.279255631005919,"W/m2"
"2692","Reference",1984,"RF_BC",0.292371800143426,"W/m2"
"2693","Reference",1985,"RF_BC",0.297969183416556,"W/m2"
"2694","Reference",1986,"RF_BC",0.306726100109038,"W/m2"
"2695","Reference",1987,"RF_BC",0.318783390854686,"W/m2"
"2696","Reference",1988,"RF_BC",0.330924858739377,"W/m2"
"2697","Reference",1989,"RF_BC",0.328068956613626,"W/m2"
"2698","Reference",1990,"RF_BC",0.335054694535826,"W/m2"
"2699","Reference",1991,"RF_BC",0.368925847865416,"W/m2"
"2700","Reference",1992,"RF_BC",0.3273897504458,"W/m2"
"2701","Reference",1993,"RF_BC",0.340054662803283,"W/m2"
"2702","Reference",1994,"RF_BC",0.36760626297939,"W/m2"
"2703","Reference",1995,"RF_BC",0.367316889030993,"W/m2"
"2704","Reference",1996,"RF_BC",0.354300184109193,"W/m2"
"2705","Reference",1997,"RF_BC",0.393017375864317,"W/m2"
"2706","Reference",1998,"RF_BC",0.394541215133433,"W/m2"
"2707","Reference",1999,"RF_BC",0.344192654708496,"W/m2"
"2708","Reference",2000,"RF_BC",0.3199744101988,"W/m2"
"2709","Reference",2001,"RF_BC",0.322893461409576,"W/m2"
"2710","Reference",2002,"RF_BC",0.34637154454881,"W/m2"
"2711","Reference",2003,"RF_BC",0.351261983654457,"W/m2"
"2712","Reference",2004,"RF_BC",0.362711254881525,"W/m2"
"2713","Reference",2005,"RF_BC",0.374639160057453,"W/m2"
"2714","Reference",2006,"RF_BC",0.370896562485528,"W/m2"
"2715","Reference",2007,"RF_BC",0.380747050334355,"W/m2"
"2716","Reference",2008,"RF_BC",0.36617991716269,"W/m2"
"2717","Reference",2009,"RF_BC",0.353315955351356,"W/m2"
"2718","Reference",2010,"RF_BC",0.379634877015277,"W/m2"
"2719","Reference",2011,"RF_BC",0.355680219047319,"W/m2"
"2720","Reference",2012,"RF_BC",0.368410244030708,"W/m2"
"2721","Reference",2013,"RF_BC",0.347843731109481,"W/m2"
"2722","Reference",2014,"RF_BC",0.353399932771835,"W/m2"
"2723","Reference",2015,"RF_BC",0.351862232455042,"W/m2"
"2724","Reference",2016,"RF_BC",0.326350389271322,"W/m2"
"2725","Reference",2017,"RF_BC",0.330342993475729,"W/m2"
"2726","Reference",2018,"RF_BC",0.317523315675241,"W/m2"
"2727","Reference",2019,"RF_BC",0.336854222563703,"W/m2"
"2728","Reference",2020,"RF_BC",0.309755537832628,"W/m2"
"2729","Reference",2021,"RF_BC",0.333342849033677,"W/m2"
"2730","Reference",2022,"RF_BC",0.292439100390303,"W/m2"
"2731","Reference",2023,"RF_BC",0.295687928224242,"W/m2"
"2732","Reference",2024,"RF_BC",0.298936756058182,"W/m2"
"2733","Reference",2025,"RF_BC",0.302185583892122,"W/m2"
"2734","Reference",2026,"RF_BC",0.297104553479611,"W/m2"
"2735","Reference",2027,"RF_BC",0.292023523067101,"W/m2"
"2736","Reference",2028,"RF_BC",0.28694249265459,"W/m2"
"2737","Reference",2029,"RF_BC",0.28186146224208,"W/m2"
"2738","Reference",2030,"RF_BC",0.276780431829569,"W/m2"
"2739","Reference",2031,"RF_BC",0.272058695224633,"W/m2"
"2740","Reference",2032,"RF_BC",0.267336958619698,"W/m2"
"2741","Reference",2033,"RF_BC",0.262615222014762,"W/m2"
"2742","Reference",2034,"RF_BC",0.257893485409826,"W/m2"
"2743","Reference",2035,"RF_BC",0.253171748804891,"W/m2"
"2744","Reference",2036,"RF_BC",0.250699642395584,"W/m2"
"2745","Reference",2037,"RF_BC",0.248227535986278,"W/m2"
"2746","Reference",2038,"RF_BC",0.245755429576971,"W/m2"
"2747","Reference",2039,"RF_BC",0.243283323167665,"W/m2"
"2748","Reference",2040,"RF_BC",0.240811216758358,"W/m2"
"2749","Reference",2041,"RF_BC",0.239285400014213,"W/m2"
"2750","Reference",2042,"RF_BC",0.237759583270068,"W/m2"
"2751","Reference",2043,"RF_BC",0.236233766525924,"W/m2"
"2752","Reference",2044,"RF_BC",0.234707949781779,"W/m2"
"2753","Reference",2045,"RF_BC",0.233182133037634,"W/m2"
"2754","Reference",2046,"RF_BC",0.231860229086161,"W/m2"
"2755","Reference",2047,"RF_BC",0.230538325134689,"W/m2"
"2756","Reference",2048,"RF_BC",0.229216421183217,"W/m2"
"2757","Reference",2049,"RF_BC",0.227894517231745,"W/m2"
"2758","Reference",2050,"RF_BC",0.226572613280272,"W/m2"
"2759","Reference",2051,"RF_BC",0.225667540484057,"W/m2"
"2760","Reference",2052,"RF_BC",0.224762467687841,"W/m2"
"2761","Reference",2053,"RF_BC",0.223857394891625,"W/m2"
"2762","Reference",2054,"RF_BC",0.22295232209541,"W/m2"
"2763","Reference",2055,"RF_BC",0.222047249299194,"W/m2"
"2764","Reference",2056,"RF_BC",0.221772559181185,"W/m2"
"2765","Reference",2057,"RF_BC",0.221497869063175,"W/m2"
"2766","Reference",2058,"RF_BC",0.221223178945166,"W/m2"
"2767","Reference",2059,"RF_BC",0.220948488827156,"W/m2"
"2768","Reference",2060,"RF_BC",0.220673798709147,"W/m2"
"2769","Reference",2061,"RF_BC",0.220698914445014,"W/m2"
"2770","Reference",2062,"RF_BC",0.220724030180882,"W/m2"
"2771","Reference",2063,"RF_BC",0.220749145916749,"W/m2"
"2772","Reference",2064,"RF_BC",0.220774261652617,"W/m2"
"2773","Reference",2065,"RF_BC",0.220799377388484,"W/m2"
"2774","Reference",2066,"RF_BC",0.221012723421385,"W/m2"
"2775","Reference",2067,"RF_BC",0.221226069454286,"W/m2"
"2776","Reference",2068,"RF_BC",0.221439415487187,"W/m2"
"2777","Reference",2069,"RF_BC",0.221652761520088,"W/m2"
"2778","Reference",2070,"RF_BC",0.22186610755299,"W/m2"
"2779","Reference",2071,"RF_BC",0.222056960051257,"W/m2"
"2780","Reference",2072,"RF_BC",0.222247812549525,"W/m2"
"2781","Reference",2073,"RF_BC",0.222438665047793,"W/m2"
"2782","Reference",2074,"RF_BC",0.22262951754606,"W/m2"
"2783","Reference",2075,"RF_BC",0.222820370044328,"W/m2"
"2784","Reference",2076,"RF_BC",0.22280234195455,"W/m2"
"2785","Reference",2077,"RF_BC",0.222784313864771,"W/m2"
"2786","Reference",2078,"RF_BC",0.222766285774993,"W/m2"
"2787","Reference",2079,"RF_BC",0.222748257685215,"W/m2"
"2788","Reference",2080,"RF_BC",0.222730229595436,"W/m2"
"2789","Reference",2081,"RF_BC",0.222590956725973,"W/m2"
"2790","Reference",2082,"RF_BC",0.222451683856511,"W/m2"
"2791","Reference",2083,"RF_BC",0.222312410987048,"W/m2"
"2792","Reference",2084,"RF_BC",0.222173138117585,"W/m2"
"2793","Reference",2085,"RF_BC",0.222033865248123,"W/m2"
"2794","Reference",2086,"RF_BC",0.22184404755862,"W/m2"
"2795","Reference",2087,"RF_BC",0.221654229869117,"W/m2"
"2796","Reference",2088,"RF_BC",0.221464412179614,"W/m2"
"2797","Reference",2089,"RF_BC",0.221274594490111,"W/m2"
"2798","Reference",2090,"RF_BC",0.221084776800608,"W/m2"
"2799","Reference",2091,"RF_BC",0.220911253500975,"W/m2"
"2800","Reference",2092,"RF_BC",0.220737730201341,"W/m2"
"2801","Reference",2093,"RF_BC",0.220564206901708,"W/m2"
"2802","Reference",2094,"RF_BC",0.220390683602074,"W/m2"
"2803","Reference",2095,"RF_BC",0.220217160302441,"W/m2"
"2804","Reference",2096,"RF_BC",0.220143701287843,"W/m2"
"2805","Reference",2097,"RF_BC",0.220070242273245,"W/m2"
"2806","Reference",2098,"RF_BC",0.219996783258648,"W/m2"
"2807","Reference",2099,"RF_BC",0.21992332424405,"W/m2"
"2808","Reference",2100,"RF_BC",0.219849865229453,"W/m2"
"2809","Reference",1750,"RF_SO2",0,"W/m2"
"2810","Reference",1751,"RF_SO2",0.000127884297928376,"W/m2"
"2811","Reference",1752,"RF_SO2",0.000176485129093375,"W/m2"
"2812","Reference",1753,"RF_SO2",0.000131006593689703,"W/m2"
"2813","Reference",1754,"RF_SO2",-5.55748230049065e-05,"W/m2"
"2814","Reference",1755,"RF_SO2",1.97338296477976e-05,"W/m2"
"2815","Reference",1756,"RF_SO2",0.000117355443731268,"W/m2"
"2816","Reference",1757,"RF_SO2",-0.000207526132221409,"W/m2"
"2817","Reference",1758,"RF_SO2",-0.000114804183629389,"W/m2"
"2818","Reference",1759,"RF_SO2",-8.13394352996745e-05,"W/m2"
"2819","Reference",1760,"RF_SO2",-0.000176566318732248,"W/m2"
"2820","Reference",1761,"RF_SO2",-0.000212502606836746,"W/m2"
"2821","Reference",1762,"RF_SO2",-5.70867399791678e-05,"W/m2"
"2822","Reference",1763,"RF_SO2",-0.000101258799125682,"W/m2"
"2823","Reference",1764,"RF_SO2",0.000140328830109341,"W/m2"
"2824","Reference",1765,"RF_SO2",-0.000168620198651354,"W/m2"
"2825","Reference",1766,"RF_SO2",-9.43492611941918e-05,"W/m2"
"2826","Reference",1767,"RF_SO2",-0.000103110081323092,"W/m2"
"2827","Reference",1768,"RF_SO2",-0.000458183479200423,"W/m2"
"2828","Reference",1769,"RF_SO2",-0.000281795218063525,"W/m2"
"2829","Reference",1770,"RF_SO2",-0.000289336613277534,"W/m2"
"2830","Reference",1771,"RF_SO2",-0.000114786852064609,"W/m2"
"2831","Reference",1772,"RF_SO2",-2.2486030063917e-05,"W/m2"
"2832","Reference",1773,"RF_SO2",-4.42567627984593e-05,"W/m2"
"2833","Reference",1774,"RF_SO2",-0.000387482635092381,"W/m2"
"2834","Reference",1775,"RF_SO2",-0.000270951382897761,"W/m2"
"2835","Reference",1776,"RF_SO2",-0.000160835297206901,"W/m2"
"2836","Reference",1777,"RF_SO2",-0.000368452046509472,"W/m2"
"2837","Reference",1778,"RF_SO2",-0.000517362026744791,"W/m2"
"2838","Reference",1779,"RF_SO2",-0.00030983956232352,"W/m2"
"2839","Reference",1780,"RF_SO2",-0.000471122369171552,"W/m2"
"2840","Reference",1781,"RF_SO2",-0.000488688746858281,"W/m2"
"2841","Reference",1782,"RF_SO2",-0.000366982328278505,"W/m2"
"2842","Reference",1783,"RF_SO2",-0.000352589572638616,"W/m2"
"2843","Reference",1784,"RF_SO2",-0.000221538662137543,"W/m2"
"2844","Reference",1785,"RF_SO2",-0.000413368981643911,"W/m2"
"2845","Reference",1786,"RF_SO2",-0.000394169934278444,"W/m2"
"2846","Reference",1787,"RF_SO2",-0.000522240009744785,"W/m2"
"2847","Reference",1788,"RF_SO2",-0.000850660761400664,"W/m2"
"2848","Reference",1789,"RF_SO2",-0.000663294743311863,"W/m2"
"2849","Reference",1790,"RF_SO2",-0.000698227802714224,"W/m2"
"2850","Reference",1791,"RF_SO2",-0.000544200905105121,"W/m2"
"2851","Reference",1792,"RF_SO2",-0.000514390526986139,"W/m2"
"2852","Reference",1793,"RF_SO2",-0.000490088217907378,"W/m2"
"2853","Reference",1794,"RF_SO2",-0.000838733164892559,"W/m2"
"2854","Reference",1795,"RF_SO2",-0.000715565953029599,"W/m2"
"2855","Reference",1796,"RF_SO2",-0.000558544847412799,"W/m2"
"2856","Reference",1797,"RF_SO2",-0.000825754575105189,"W/m2"
"2857","Reference",1798,"RF_SO2",-0.000990461964514555,"W/m2"
"2858","Reference",1799,"RF_SO2",-0.000897470488667099,"W/m2"
"2859","Reference",1800,"RF_SO2",-0.00103421687798737,"W/m2"
"2860","Reference",1801,"RF_SO2",-0.00100142707441274,"W/m2"
"2861","Reference",1802,"RF_SO2",-0.00108294978881632,"W/m2"
"2862","Reference",1803,"RF_SO2",-0.000957991734558641,"W/m2"
"2863","Reference",1804,"RF_SO2",-0.000994017431196021,"W/m2"
"2864","Reference",1805,"RF_SO2",-0.00116063240109198,"W/m2"
"2865","Reference",1806,"RF_SO2",-0.00118859118246956,"W/m2"
"2866","Reference",1807,"RF_SO2",-0.0013114512867758,"W/m2"
"2867","Reference",1808,"RF_SO2",-0.00160438187441547,"W/m2"
"2868","Reference",1809,"RF_SO2",-0.00143605158816006,"W/m2"
"2869","Reference",1810,"RF_SO2",-0.00149748643871794,"W/m2"
"2870","Reference",1811,"RF_SO2",-0.00142015068630783,"W/m2"
"2871","Reference",1812,"RF_SO2",-0.00135278567316257,"W/m2"
"2872","Reference",1813,"RF_SO2",-0.00139429924435678,"W/m2"
"2873","Reference",1814,"RF_SO2",-0.00175692718937133,"W/m2"
"2874","Reference",1815,"RF_SO2",-0.00170515818614514,"W/m2"
"2875","Reference",1816,"RF_SO2",-0.00173952876479659,"W/m2"
"2876","Reference",1817,"RF_SO2",-0.00188999509376008,"W/m2"
"2877","Reference",1818,"RF_SO2",-0.00212600956145587,"W/m2"
"2878","Reference",1819,"RF_SO2",-0.00195067300001204,"W/m2"
"2879","Reference",1820,"RF_SO2",-0.00209429412852487,"W/m2"
"2880","Reference",1821,"RF_SO2",-0.00213684157046068,"W/m2"
"2881","Reference",1822,"RF_SO2",-0.00208781019055507,"W/m2"
"2882","Reference",1823,"RF_SO2",-0.00208372580237505,"W/m2"
"2883","Reference",1824,"RF_SO2",-0.0021952760973575,"W/m2"
"2884","Reference",1825,"RF_SO2",-0.00236535592098715,"W/m2"
"2885","Reference",1826,"RF_SO2",-0.00232411180659405,"W/m2"
"2886","Reference",1827,"RF_SO2",-0.00256559523921687,"W/m2"
"2887","Reference",1828,"RF_SO2",-0.00294937296605732,"W/m2"
"2888","Reference",1829,"RF_SO2",-0.00281398979394738,"W/m2"
"2889","Reference",1830,"RF_SO2",-0.0035701976165543,"W/m2"
"2890","Reference",1831,"RF_SO2",-0.00325514208108493,"W/m2"
"2891","Reference",1832,"RF_SO2",-0.00326480997605161,"W/m2"
"2892","Reference",1833,"RF_SO2",-0.00335735042383653,"W/m2"
"2893","Reference",1834,"RF_SO2",-0.00369203561780899,"W/m2"
"2894","Reference",1835,"RF_SO2",-0.00366580320350169,"W/m2"
"2895","Reference",1836,"RF_SO2",-0.00413991260157388,"W/m2"
"2896","Reference",1837,"RF_SO2",-0.00424697393922001,"W/m2"
"2897","Reference",1838,"RF_SO2",-0.00456053405743017,"W/m2"
"2898","Reference",1839,"RF_SO2",-0.00458511657830006,"W/m2"
"2899","Reference",1840,"RF_SO2",-0.0047761029615731,"W/m2"
"2900","Reference",1841,"RF_SO2",-0.00507497915181641,"W/m2"
"2901","Reference",1842,"RF_SO2",-0.00516774087805964,"W/m2"
"2902","Reference",1843,"RF_SO2",-0.00518884163595664,"W/m2"
"2903","Reference",1844,"RF_SO2",-0.00557788051039144,"W/m2"
"2904","Reference",1845,"RF_SO2",-0.00621046207880984,"W/m2"
"2905","Reference",1846,"RF_SO2",-0.0061561567369635,"W/m2"
"2906","Reference",1847,"RF_SO2",-0.00687032748127553,"W/m2"
"2907","Reference",1848,"RF_SO2",-0.00741135832989217,"W/m2"
"2908","Reference",1849,"RF_SO2",-0.00766358850523569,"W/m2"
"2909","Reference",1850,"RF_SO2",-0.00777013591332347,"W/m2"
"2910","Reference",1851,"RF_SO2",-0.00760632022649358,"W/m2"
"2911","Reference",1852,"RF_SO2",-0.00774214037920385,"W/m2"
"2912","Reference",1853,"RF_SO2",-0.00807889318506528,"W/m2"
"2913","Reference",1854,"RF_SO2",-0.00954061888657451,"W/m2"
"2914","Reference",1855,"RF_SO2",-0.0095239438860295,"W/m2"
"2915","Reference",1856,"RF_SO2",-0.0100731401515418,"W/m2"
"2916","Reference",1857,"RF_SO2",-0.0105012675499844,"W/m2"
"2917","Reference",1858,"RF_SO2",-0.0108532974501001,"W/m2"
"2918","Reference",1859,"RF_SO2",-0.0115621982976698,"W/m2"
"2919","Reference",1860,"RF_SO2",-0.0125588908535661,"W/m2"
"2920","Reference",1861,"RF_SO2",-0.0130949793273432,"W/m2"
"2921","Reference",1862,"RF_SO2",-0.0131826096368519,"W/m2"
"2922","Reference",1863,"RF_SO2",-0.0140038070264332,"W/m2"
"2923","Reference",1864,"RF_SO2",-0.0151157515426759,"W/m2"
"2924","Reference",1865,"RF_SO2",-0.0162307810594898,"W/m2"
"2925","Reference",1866,"RF_SO2",-0.0166457612787482,"W/m2"
"2926","Reference",1867,"RF_SO2",-0.018123003580399,"W/m2"
"2927","Reference",1868,"RF_SO2",-0.0190274739443041,"W/m2"
"2928","Reference",1869,"RF_SO2",-0.0200544333262131,"W/m2"
"2929","Reference",1870,"RF_SO2",-0.0208335267009099,"W/m2"
"2930","Reference",1871,"RF_SO2",-0.0222293130575286,"W/m2"
"2931","Reference",1872,"RF_SO2",-0.0243727853350566,"W/m2"
"2932","Reference",1873,"RF_SO2",-0.0263286546945052,"W/m2"
"2933","Reference",1874,"RF_SO2",-0.0259355771747493,"W/m2"
"2934","Reference",1875,"RF_SO2",-0.0274024606696271,"W/m2"
"2935","Reference",1876,"RF_SO2",-0.0282174511896337,"W/m2"
"2936","Reference",1877,"RF_SO2",-0.0292648211706869,"W/m2"
"2937","Reference",1878,"RF_SO2",-0.0297398940605817,"W/m2"
"2938","Reference",1879,"RF_SO2",-0.031942073143516,"W/m2"
"2939","Reference",1880,"RF_SO2",-0.0355136910318903,"W/m2"
"2940","Reference",1881,"RF_SO2",-0.0371022824025891,"W/m2"
"2941","Reference",1882,"RF_SO2",-0.0390585837046919,"W/m2"
"2942","Reference",1883,"RF_SO2",-0.041365866814265,"W/m2"
"2943","Reference",1884,"RF_SO2",-0.0422624449610508,"W/m2"
"2944","Reference",1885,"RF_SO2",-0.0426765557544624,"W/m2"
"2945","Reference",1886,"RF_SO2",-0.0431310076423075,"W/m2"
"2946","Reference",1887,"RF_SO2",-0.0451199672555591,"W/m2"
"2947","Reference",1888,"RF_SO2",-0.0500198109561469,"W/m2"
"2948","Reference",1889,"RF_SO2",-0.0500907723192669,"W/m2"
"2949","Reference",1890,"RF_SO2",-0.054469937652581,"W/m2"
"2950","Reference",1891,"RF_SO2",-0.0570331293585908,"W/m2"
"2951","Reference",1892,"RF_SO2",-0.0581101659646407,"W/m2"
"2952","Reference",1893,"RF_SO2",-0.0577027087170828,"W/m2"
"2953","Reference",1894,"RF_SO2",-0.0602837320502126,"W/m2"
"2954","Reference",1895,"RF_SO2",-0.0639083297409165,"W/m2"
"2955","Reference",1896,"RF_SO2",-0.0661211257258066,"W/m2"
"2956","Reference",1897,"RF_SO2",-0.0697653505282904,"W/m2"
"2957","Reference",1898,"RF_SO2",-0.0739747940038875,"W/m2"
"2958","Reference",1899,"RF_SO2",-0.0809828100390713,"W/m2"
"2959","Reference",1900,"RF_SO2",-0.0852228140976571,"W/m2"
"2960","Reference",1901,"RF_SO2",-0.0888048306128636,"W/m2"
"2961","Reference",1902,"RF_SO2",-0.0915151860979692,"W/m2"
"2962","Reference",1903,"RF_SO2",-0.0994213738121897,"W/m2"
"2963","Reference",1904,"RF_SO2",-0.101432353366977,"W/m2"
"2964","Reference",1905,"RF_SO2",-0.108202636146761,"W/m2"
"2965","Reference",1906,"RF_SO2",-0.115196574815059,"W/m2"
"2966","Reference",1907,"RF_SO2",-0.12762002475853,"W/m2"
"2967","Reference",1908,"RF_SO2",-0.122349445691021,"W/m2"
"2968","Reference",1909,"RF_SO2",-0.128645524830878,"W/m2"
"2969","Reference",1910,"RF_SO2",-0.134970613871671,"W/m2"
"2970","Reference",1911,"RF_SO2",-0.136118204635528,"W/m2"
"2971","Reference",1912,"RF_SO2",-0.14102145405089,"W/m2"
"2972","Reference",1913,"RF_SO2",-0.147309664372389,"W/m2"
"2973","Reference",1914,"RF_SO2",-0.134340713023635,"W/m2"
"2974","Reference",1915,"RF_SO2",-0.13372340416607,"W/m2"
"2975","Reference",1916,"RF_SO2",-0.146081637950407,"W/m2"
"2976","Reference",1917,"RF_SO2",-0.152669443863118,"W/m2"
"2977","Reference",1918,"RF_SO2",-0.151004606227478,"W/m2"
"2978","Reference",1919,"RF_SO2",-0.127838208543498,"W/m2"
"2979","Reference",1920,"RF_SO2",-0.142743732784153,"W/m2"
"2980","Reference",1921,"RF_SO2",-0.120674421500797,"W/m2"
"2981","Reference",1922,"RF_SO2",-0.126679334103067,"W/m2"
"2982","Reference",1923,"RF_SO2",-0.140118093318736,"W/m2"
"2983","Reference",1924,"RF_SO2",-0.140191211826434,"W/m2"
"2984","Reference",1925,"RF_SO2",-0.141467107708174,"W/m2"
"2985","Reference",1926,"RF_SO2",-0.145442788273341,"W/m2"
"2986","Reference",1927,"RF_SO2",-0.154422366076986,"W/m2"
"2987","Reference",1928,"RF_SO2",-0.155250694811194,"W/m2"
"2988","Reference",1929,"RF_SO2",-0.166436760017476,"W/m2"
"2989","Reference",1930,"RF_SO2",-0.153388214207744,"W/m2"
"2990","Reference",1931,"RF_SO2",-0.134478658204822,"W/m2"
"2991","Reference",1932,"RF_SO2",-0.118443266282335,"W/m2"
"2992","Reference",1933,"RF_SO2",-0.125591019139262,"W/m2"
"2993","Reference",1934,"RF_SO2",-0.139420995780589,"W/m2"
"2994","Reference",1935,"RF_SO2",-0.150885508395619,"W/m2"
"2995","Reference",1936,"RF_SO2",-0.162454442266372,"W/m2"
"2996","Reference",1937,"RF_SO2",-0.175426423542282,"W/m2"
"2997","Reference",1938,"RF_SO2",-0.162505353119025,"W/m2"
"2998","Reference",1939,"RF_SO2",-0.174149082648534,"W/m2"
"2999","Reference",1940,"RF_SO2",-0.192713552458074,"W/m2"
"3000","Reference",1941,"RF_SO2",-0.200502555802232,"W/m2"
"3001","Reference",1942,"RF_SO2",-0.205187972674291,"W/m2"
"3002","Reference",1943,"RF_SO2",-0.208319417402938,"W/m2"
"3003","Reference",1944,"RF_SO2",-0.202337903331018,"W/m2"
"3004","Reference",1945,"RF_SO2",-0.174004177211582,"W/m2"
"3005","Reference",1946,"RF_SO2",-0.169607908802649,"W/m2"
"3006","Reference",1947,"RF_SO2",-0.188043163006786,"W/m2"
"3007","Reference",1948,"RF_SO2",-0.195815045811626,"W/m2"
"3008","Reference",1949,"RF_SO2",-0.190663944250006,"W/m2"
"3009","Reference",1950,"RF_SO2",-0.204546343354429,"W/m2"
"3010","Reference",1951,"RF_SO2",-0.217198193022893,"W/m2"
"3011","Reference",1952,"RF_SO2",-0.222180356497626,"W/m2"
"3012","Reference",1953,"RF_SO2",-0.227609398919258,"W/m2"
"3013","Reference",1954,"RF_SO2",-0.23367633502508,"W/m2"
"3014","Reference",1955,"RF_SO2",-0.254343164396893,"W/m2"
"3015","Reference",1956,"RF_SO2",-0.272787273157956,"W/m2"
"3016","Reference",1957,"RF_SO2",-0.280583416182212,"W/m2"
"3017","Reference",1958,"RF_SO2",-0.28657634893014,"W/m2"
"3018","Reference",1959,"RF_SO2",-0.300748256804688,"W/m2"
"3019","Reference",1960,"RF_SO2",-0.319138778437736,"W/m2"
"3020","Reference",1961,"RF_SO2",-0.324501978850233,"W/m2"
"3021","Reference",1962,"RF_SO2",-0.3349957546208,"W/m2"
"3022","Reference",1963,"RF_SO2",-0.350111808693647,"W/m2"
"3023","Reference",1964,"RF_SO2",-0.367906227172022,"W/m2"
"3024","Reference",1965,"RF_SO2",-0.377699167121352,"W/m2"
"3025","Reference",1966,"RF_SO2",-0.387418891860623,"W/m2"
"3026","Reference",1967,"RF_SO2",-0.389634407134191,"W/m2"
"3027","Reference",1968,"RF_SO2",-0.407204542557389,"W/m2"
"3028","Reference",1969,"RF_SO2",-0.423892927018528,"W/m2"
"3029","Reference",1970,"RF_SO2",-0.4519825922613,"W/m2"
"3030","Reference",1971,"RF_SO2",-0.452395373084873,"W/m2"
"3031","Reference",1972,"RF_SO2",-0.464973249489832,"W/m2"
"3032","Reference",1973,"RF_SO2",-0.487252248126323,"W/m2"
"3033","Reference",1974,"RF_SO2",-0.480963351868875,"W/m2"
"3034","Reference",1975,"RF_SO2",-0.474755024942083,"W/m2"
"3035","Reference",1976,"RF_SO2",-0.497287669272636,"W/m2"
"3036","Reference",1977,"RF_SO2",-0.500974349701573,"W/m2"
"3037","Reference",1978,"RF_SO2",-0.503717384619813,"W/m2"
"3038","Reference",1979,"RF_SO2",-0.513912356274982,"W/m2"
"3039","Reference",1980,"RF_SO2",-0.512337640387907,"W/m2"
"3040","Reference",1981,"RF_SO2",-0.495134524130394,"W/m2"
"3041","Reference",1982,"RF_SO2",-0.484377509801204,"W/m2"
"3042","Reference",1983,"RF_SO2",-0.475671192785052,"W/m2"
"3043","Reference",1984,"RF_SO2",-0.481256802374442,"W/m2"
"3044","Reference",1985,"RF_SO2",-0.483212766972565,"W/m2"
"3045","Reference",1986,"RF_SO2",-0.482096330475141,"W/m2"
"3046","Reference",1987,"RF_SO2",-0.490923827882486,"W/m2"
"3047","Reference",1988,"RF_SO2",-0.495030759645425,"W/m2"
"3048","Reference",1989,"RF_SO2",-0.493510642137205,"W/m2"
"3049","Reference",1990,"RF_SO2",-0.492974231554376,"W/m2"
"3050","Reference",1991,"RF_SO2",-0.484419103910354,"W/m2"
"3051","Reference",1992,"RF_SO2",-0.465097131307716,"W/m2"
"3052","Reference",1993,"RF_SO2",-0.457226196774448,"W/m2"
"3053","Reference",1994,"RF_SO2",-0.447700866522322,"W/m2"
"3054","Reference",1995,"RF_SO2",-0.438031273723513,"W/m2"
"3055","Reference",1996,"RF_SO2",-0.427001107077652,"W/m2"
"3056","Reference",1997,"RF_SO2",-0.429314492099219,"W/m2"
"3057","Reference",1998,"RF_SO2",-0.422640154960387,"W/m2"
"3058","Reference",1999,"RF_SO2",-0.402863644045867,"W/m2"
"3059","Reference",2000,"RF_SO2",-0.399982304565136,"W/m2"
"3060","Reference",2001,"RF_SO2",-0.403111706846048,"W/m2"
"3061","Reference",2002,"RF_SO2",-0.401196375025102,"W/m2"
"3062","Reference",2003,"RF_SO2",-0.419345983787345,"W/m2"
"3063","Reference",2004,"RF_SO2",-0.436982282877096,"W/m2"
"3064","Reference",2005,"RF_SO2",-0.458338166816133,"W/m2"
"3065","Reference",2006,"RF_SO2",-0.460495336211803,"W/m2"
"3066","Reference",2007,"RF_SO2",-0.456877199126248,"W/m2"
"3067","Reference",2008,"RF_SO2",-0.441222489598276,"W/m2"
"3068","Reference",2009,"RF_SO2",-0.404275485141356,"W/m2"
"3069","Reference",2010,"RF_SO2",-0.392669741617477,"W/m2"
"3070","Reference",2011,"RF_SO2",-0.405093890219482,"W/m2"
"3071","Reference",2012,"RF_SO2",-0.393043474780211,"W/m2"
"3072","Reference",2013,"RF_SO2",-0.374318912383705,"W/m2"
"3073","Reference",2014,"RF_SO2",-0.357757902590028,"W/m2"
"3074","Reference",2015,"RF_SO2",-0.336391996770079,"W/m2"
"3075","Reference",2016,"RF_SO2",-0.32158880008301,"W/m2"
"3076","Reference",2017,"RF_SO2",-0.308557015390101,"W/m2"
"3077","Reference",2018,"RF_SO2",-0.299493702922808,"W/m2"
"3078","Reference",2019,"RF_SO2",-0.293721584160096,"W/m2"
"3079","Reference",2020,"RF_SO2",-0.246143227314537,"W/m2"
"3080","Reference",2021,"RF_SO2",-0.257185398292622,"W/m2"
"3081","Reference",2022,"RF_SO2",-0.255062435206456,"W/m2"
"3082","Reference",2023,"RF_SO2",-0.259400061525631,"W/m2"
"3083","Reference",2024,"RF_SO2",-0.263737687844805,"W/m2"
"3084","Reference",2025,"RF_SO2",-0.268075314163979,"W/m2"
"3085","Reference",2026,"RF_SO2",-0.265206138781817,"W/m2"
"3086","Reference",2027,"RF_SO2",-0.262336963399655,"W/m2"
"3087","Reference",2028,"RF_SO2",-0.259467788017493,"W/m2"
"3088","Reference",2029,"RF_SO2",-0.256598612635331,"W/m2"
"3089","Reference",2030,"RF_SO2",-0.253729437253169,"W/m2"
"3090","Reference",2031,"RF_SO2",-0.251699755400868,"W/m2"
"3091","Reference",2032,"RF_SO2",-0.249670073548567,"W/m2"
"3092","Reference",2033,"RF_SO2",-0.247640391696266,"W/m2"
"3093","Reference",2034,"RF_SO2",-0.245610709843965,"W/m2"
"3094","Reference",2035,"RF_SO2",-0.243581027991664,"W/m2"
"3095","Reference",2036,"RF_SO2",-0.242423143397186,"W/m2"
"3096","Reference",2037,"RF_SO2",-0.241265258802709,"W/m2"
"3097","Reference",2038,"RF_SO2",-0.240107374208232,"W/m2"
"3098","Reference",2039,"RF_SO2",-0.238949489613755,"W/m2"
"3099","Reference",2040,"RF_SO2",-0.237791605019277,"W/m2"
"3100","Reference",2041,"RF_SO2",-0.237160248265298,"W/m2"
"3101","Reference",2042,"RF_SO2",-0.236528891511319,"W/m2"
"3102","Reference",2043,"RF_SO2",-0.23589753475734,"W/m2"
"3103","Reference",2044,"RF_SO2",-0.235266178003361,"W/m2"
"3104","Reference",2045,"RF_SO2",-0.234634821249382,"W/m2"
"3105","Reference",2046,"RF_SO2",-0.23457741173578,"W/m2"
"3106","Reference",2047,"RF_SO2",-0.234520002222178,"W/m2"
"3107","Reference",2048,"RF_SO2",-0.234462592708575,"W/m2"
"3108","Reference",2049,"RF_SO2",-0.234405183194973,"W/m2"
"3109","Reference",2050,"RF_SO2",-0.234347773681371,"W/m2"
"3110","Reference",2051,"RF_SO2",-0.234739329284975,"W/m2"
"3111","Reference",2052,"RF_SO2",-0.23513088488858,"W/m2"
"3112","Reference",2053,"RF_SO2",-0.235522440492184,"W/m2"
"3113","Reference",2054,"RF_SO2",-0.235913996095789,"W/m2"
"3114","Reference",2055,"RF_SO2",-0.236305551699393,"W/m2"
"3115","Reference",2056,"RF_SO2",-0.23692660624827,"W/m2"
"3116","Reference",2057,"RF_SO2",-0.237547660797147,"W/m2"
"3117","Reference",2058,"RF_SO2",-0.238168715346024,"W/m2"
"3118","Reference",2059,"RF_SO2",-0.2387897698949,"W/m2"
"3119","Reference",2060,"RF_SO2",-0.239410824443777,"W/m2"
"3120","Reference",2061,"RF_SO2",-0.239983634428644,"W/m2"
"3121","Reference",2062,"RF_SO2",-0.240556444413511,"W/m2"
"3122","Reference",2063,"RF_SO2",-0.241129254398378,"W/m2"
"3123","Reference",2064,"RF_SO2",-0.241702064383245,"W/m2"
"3124","Reference",2065,"RF_SO2",-0.242274874368112,"W/m2"
"3125","Reference",2066,"RF_SO2",-0.2430320483576,"W/m2"
"3126","Reference",2067,"RF_SO2",-0.243789222347087,"W/m2"
"3127","Reference",2068,"RF_SO2",-0.244546396336575,"W/m2"
"3128","Reference",2069,"RF_SO2",-0.245303570326062,"W/m2"
"3129","Reference",2070,"RF_SO2",-0.24606074431555,"W/m2"
"3130","Reference",2071,"RF_SO2",-0.246590701636744,"W/m2"
"3131","Reference",2072,"RF_SO2",-0.247120658957938,"W/m2"
"3132","Reference",2073,"RF_SO2",-0.247650616279132,"W/m2"
"3133","Reference",2074,"RF_SO2",-0.248180573600327,"W/m2"
"3134","Reference",2075,"RF_SO2",-0.248710530921521,"W/m2"
"3135","Reference",2076,"RF_SO2",-0.248831085506467,"W/m2"
"3136","Reference",2077,"RF_SO2",-0.248951640091413,"W/m2"
"3137","Reference",2078,"RF_SO2",-0.24907219467636,"W/m2"
"3138","Reference",2079,"RF_SO2",-0.249192749261306,"W/m2"
"3139","Reference",2080,"RF_SO2",-0.249313303846252,"W/m2"
"3140","Reference",2081,"RF_SO2",-0.249291494933587,"W/m2"
"3141","Reference",2082,"RF_SO2",-0.249269686020921,"W/m2"
"3142","Reference",2083,"RF_SO2",-0.249247877108255,"W/m2"
"3143","Reference",2084,"RF_SO2",-0.24922606819559,"W/m2"
"3144","Reference",2085,"RF_SO2",-0.249204259282924,"W/m2"
"3145","Reference",2086,"RF_SO2",-0.249180246546097,"W/m2"
"3146","Reference",2087,"RF_SO2",-0.24915623380927,"W/m2"
"3147","Reference",2088,"RF_SO2",-0.249132221072443,"W/m2"
"3148","Reference",2089,"RF_SO2",-0.249108208335615,"W/m2"
"3149","Reference",2090,"RF_SO2",-0.249084195598788,"W/m2"
"3150","Reference",2091,"RF_SO2",-0.248991532038077,"W/m2"
"3151","Reference",2092,"RF_SO2",-0.248898868477366,"W/m2"
"3152","Reference",2093,"RF_SO2",-0.248806204916656,"W/m2"
"3153","Reference",2094,"RF_SO2",-0.248713541355945,"W/m2"
"3154","Reference",2095,"RF_SO2",-0.248620877795234,"W/m2"
"3155","Reference",2096,"RF_SO2",-0.24829144813448,"W/m2"
"3156","Reference",2097,"RF_SO2",-0.247962018473725,"W/m2"
"3157","Reference",2098,"RF_SO2",-0.247632588812971,"W/m2"
"3158","Reference",2099,"RF_SO2",-0.247303159152217,"W/m2"
"3159","Reference",2100,"RF_SO2",-0.246973729491462,"W/m2"
"3160","Reference",1750,"RF_NH3",0,"W/m2"
"3161","Reference",1751,"RF_NH3",0.000147002679711747,"W/m2"
"3162","Reference",1752,"RF_NH3",0.000236211568176272,"W/m2"
"3163","Reference",1753,"RF_NH3",0.000104865006495598,"W/m2"
"3164","Reference",1754,"RF_NH3",-0.000180795961485646,"W/m2"
"3165","Reference",1755,"RF_NH3",-2.59506160981745e-05,"W/m2"
"3166","Reference",1756,"RF_NH3",2.16044727927162e-05,"W/m2"
"3167","Reference",1757,"RF_NH3",-0.000245167493013421,"W/m2"
"3168","Reference",1758,"RF_NH3",-0.000131130516073235,"W/m2"
"3169","Reference",1759,"RF_NH3",-0.000237859699539666,"W/m2"
"3170","Reference",1760,"RF_NH3",-0.000412489334634916,"W/m2"
"3171","Reference",1761,"RF_NH3",-0.000309283136496035,"W/m2"
"3172","Reference",1762,"RF_NH3",-0.000289174068012876,"W/m2"
"3173","Reference",1763,"RF_NH3",-0.000277358311746525,"W/m2"
"3174","Reference",1764,"RF_NH3",8.83897510463721e-05,"W/m2"
"3175","Reference",1765,"RF_NH3",-0.000368782777913659,"W/m2"
"3176","Reference",1766,"RF_NH3",-0.000203233929686858,"W/m2"
"3177","Reference",1767,"RF_NH3",-0.000220762872658273,"W/m2"
"3178","Reference",1768,"RF_NH3",-0.000601852027794766,"W/m2"
"3179","Reference",1769,"RF_NH3",-0.00045852624800983,"W/m2"
"3180","Reference",1770,"RF_NH3",-0.000452480881295167,"W/m2"
"3181","Reference",1771,"RF_NH3",-0.000266292913910284,"W/m2"
"3182","Reference",1772,"RF_NH3",-0.00021074305058579,"W/m2"
"3183","Reference",1773,"RF_NH3",-0.000342743788186684,"W/m2"
"3184","Reference",1774,"RF_NH3",-0.000865763497754342,"W/m2"
"3185","Reference",1775,"RF_NH3",-0.00069830103022097,"W/m2"
"3186","Reference",1776,"RF_NH3",-0.000681016009742071,"W/m2"
"3187","Reference",1777,"RF_NH3",-0.000884439181983757,"W/m2"
"3188","Reference",1778,"RF_NH3",-0.0010537504929558,"W/m2"
"3189","Reference",1779,"RF_NH3",-0.00102002608377589,"W/m2"
"3190","Reference",1780,"RF_NH3",-0.00134413882115984,"W/m2"
"3191","Reference",1781,"RF_NH3",-0.00120552015223866,"W/m2"
"3192","Reference",1782,"RF_NH3",-0.00123347233653526,"W/m2"
"3193","Reference",1783,"RF_NH3",-0.00118139398266715,"W/m2"
"3194","Reference",1784,"RF_NH3",-0.000932261850107842,"W/m2"
"3195","Reference",1785,"RF_NH3",-0.00126790074672703,"W/m2"
"3196","Reference",1786,"RF_NH3",-0.00116491326900478,"W/m2"
"3197","Reference",1787,"RF_NH3",-0.00130086459940783,"W/m2"
"3198","Reference",1788,"RF_NH3",-0.00167684484893434,"W/m2"
"3199","Reference",1789,"RF_NH3",-0.00153014684235498,"W/m2"
"3200","Reference",1790,"RF_NH3",-0.00156433472807778,"W/m2"
"3201","Reference",1791,"RF_NH3",-0.00129629396716055,"W/m2"
"3202","Reference",1792,"RF_NH3",-0.0011691086186619,"W/m2"
"3203","Reference",1793,"RF_NH3",-0.00120690038266474,"W/m2"
"3204","Reference",1794,"RF_NH3",-0.00166263539445853,"W/m2"
"3205","Reference",1795,"RF_NH3",-0.00143320406031174,"W/m2"
"3206","Reference",1796,"RF_NH3",-0.00133499761411425,"W/m2"
"3207","Reference",1797,"RF_NH3",-0.00144902930220551,"W/m2"
"3208","Reference",1798,"RF_NH3",-0.00152067245688561,"W/m2"
"3209","Reference",1799,"RF_NH3",-0.00152510474426463,"W/m2"
"3210","Reference",1800,"RF_NH3",-0.00166438634852882,"W/m2"
"3211","Reference",1801,"RF_NH3",-0.0015762893676211,"W/m2"
"3212","Reference",1802,"RF_NH3",-0.00170594034799122,"W/m2"
"3213","Reference",1803,"RF_NH3",-0.00161187550685112,"W/m2"
"3214","Reference",1804,"RF_NH3",-0.00153590149665843,"W/m2"
"3215","Reference",1805,"RF_NH3",-0.00185075932984608,"W/m2"
"3216","Reference",1806,"RF_NH3",-0.00186534428424274,"W/m2"
"3217","Reference",1807,"RF_NH3",-0.00199661617995412,"W/m2"
"3218","Reference",1808,"RF_NH3",-0.00239961579807294,"W/m2"
"3219","Reference",1809,"RF_NH3",-0.00232620604944464,"W/m2"
"3220","Reference",1810,"RF_NH3",-0.00241795998173576,"W/m2"
"3221","Reference",1811,"RF_NH3",-0.00223993998972228,"W/m2"
"3222","Reference",1812,"RF_NH3",-0.00210135987032913,"W/m2"
"3223","Reference",1813,"RF_NH3",-0.00224133894204982,"W/m2"
"3224","Reference",1814,"RF_NH3",-0.00271347251010945,"W/m2"
"3225","Reference",1815,"RF_NH3",-0.0025432755942582,"W/m2"
"3226","Reference",1816,"RF_NH3",-0.00255748905450724,"W/m2"
"3227","Reference",1817,"RF_NH3",-0.00262161693046111,"W/m2"
"3228","Reference",1818,"RF_NH3",-0.00280057113201349,"W/m2"
"3229","Reference",1819,"RF_NH3",-0.0027862236114063,"W/m2"
"3230","Reference",1820,"RF_NH3",-0.00302362370808109,"W/m2"
"3231","Reference",1821,"RF_NH3",-0.00297438200036824,"W/m2"
"3232","Reference",1822,"RF_NH3",-0.00307841457599248,"W/m2"
"3233","Reference",1823,"RF_NH3",-0.00295857323834106,"W/m2"
"3234","Reference",1824,"RF_NH3",-0.00295301056177785,"W/m2"
"3235","Reference",1825,"RF_NH3",-0.00320493302035452,"W/m2"
"3236","Reference",1826,"RF_NH3",-0.00321398998253552,"W/m2"
"3237","Reference",1827,"RF_NH3",-0.0033408455000686,"W/m2"
"3238","Reference",1828,"RF_NH3",-0.00379744124152677,"W/m2"
"3239","Reference",1829,"RF_NH3",-0.003716892134284,"W/m2"
"3240","Reference",1830,"RF_NH3",-0.00382057763546032,"W/m2"
"3241","Reference",1831,"RF_NH3",-0.00362428336711684,"W/m2"
"3242","Reference",1832,"RF_NH3",-0.00357462092652579,"W/m2"
"3243","Reference",1833,"RF_NH3",-0.00373458276448746,"W/m2"
"3244","Reference",1834,"RF_NH3",-0.0041782831682859,"W/m2"
"3245","Reference",1835,"RF_NH3",-0.0040064408723688,"W/m2"
"3246","Reference",1836,"RF_NH3",-0.00414257229391948,"W/m2"
"3247","Reference",1837,"RF_NH3",-0.00420697411554335,"W/m2"
"3248","Reference",1838,"RF_NH3",-0.00440334362955313,"W/m2"
"3249","Reference",1839,"RF_NH3",-0.00443118462500565,"W/m2"
"3250","Reference",1840,"RF_NH3",-0.0045763898780346,"W/m2"
"3251","Reference",1841,"RF_NH3",-0.00465052453864716,"W/m2"
"3252","Reference",1842,"RF_NH3",-0.00466827215670525,"W/m2"
"3253","Reference",1843,"RF_NH3",-0.00449809611897375,"W/m2"
"3254","Reference",1844,"RF_NH3",-0.00447529510566294,"W/m2"
"3255","Reference",1845,"RF_NH3",-0.00474462864800429,"W/m2"
"3256","Reference",1846,"RF_NH3",-0.00472528942753707,"W/m2"
"3257","Reference",1847,"RF_NH3",-0.00493118479873448,"W/m2"
"3258","Reference",1848,"RF_NH3",-0.00529148055064771,"W/m2"
"3259","Reference",1849,"RF_NH3",-0.00521937339301095,"W/m2"
"3260","Reference",1850,"RF_NH3",-0.00534212353418647,"W/m2"
"3261","Reference",1851,"RF_NH3",-0.00506636357338345,"W/m2"
"3262","Reference",1852,"RF_NH3",-0.00494439004075758,"W/m2"
"3263","Reference",1853,"RF_NH3",-0.00508531527051007,"W/m2"
"3264","Reference",1854,"RF_NH3",-0.00554210950272506,"W/m2"
"3265","Reference",1855,"RF_NH3",-0.00531913376735657,"W/m2"
"3266","Reference",1856,"RF_NH3",-0.00539895052748965,"W/m2"
"3267","Reference",1857,"RF_NH3",-0.00553999736596533,"W/m2"
"3268","Reference",1858,"RF_NH3",-0.00565272298186639,"W/m2"
"3269","Reference",1859,"RF_NH3",-0.00573440067947127,"W/m2"
"3270","Reference",1860,"RF_NH3",-0.00584039604440311,"W/m2"
"3271","Reference",1861,"RF_NH3",-0.00579360738761647,"W/m2"
"3272","Reference",1862,"RF_NH3",-0.00590360322797936,"W/m2"
"3273","Reference",1863,"RF_NH3",-0.00574470048015693,"W/m2"
"3274","Reference",1864,"RF_NH3",-0.00576102946743064,"W/m2"
"3275","Reference",1865,"RF_NH3",-0.0061384895126707,"W/m2"
"3276","Reference",1866,"RF_NH3",-0.00609401474102541,"W/m2"
"3277","Reference",1867,"RF_NH3",-0.00634140842528641,"W/m2"
"3278","Reference",1868,"RF_NH3",-0.00670813386402477,"W/m2"
"3279","Reference",1869,"RF_NH3",-0.00655793426395584,"W/m2"
"3280","Reference",1870,"RF_NH3",-0.00680422230605919,"W/m2"
"3281","Reference",1871,"RF_NH3",-0.00662855951824924,"W/m2"
"3282","Reference",1872,"RF_NH3",-0.00655230396125994,"W/m2"
"3283","Reference",1873,"RF_NH3",-0.00703184966854677,"W/m2"
"3284","Reference",1874,"RF_NH3",-0.00741043177867958,"W/m2"
"3285","Reference",1875,"RF_NH3",-0.00719571970823712,"W/m2"
"3286","Reference",1876,"RF_NH3",-0.00753286434800419,"W/m2"
"3287","Reference",1877,"RF_NH3",-0.0076483265741847,"W/m2"
"3288","Reference",1878,"RF_NH3",-0.00784357977229453,"W/m2"
"3289","Reference",1879,"RF_NH3",-0.00821089042532579,"W/m2"
"3290","Reference",1880,"RF_NH3",-0.00824922118076541,"W/m2"
"3291","Reference",1881,"RF_NH3",-0.00836033051525583,"W/m2"
"3292","Reference",1882,"RF_NH3",-0.00847950108069617,"W/m2"
"3293","Reference",1883,"RF_NH3",-0.00836167425829082,"W/m2"
"3294","Reference",1884,"RF_NH3",-0.00868413256083235,"W/m2"
"3295","Reference",1885,"RF_NH3",-0.00895746960913516,"W/m2"
"3296","Reference",1886,"RF_NH3",-0.00908711003549913,"W/m2"
"3297","Reference",1887,"RF_NH3",-0.00938194739174834,"W/m2"
"3298","Reference",1888,"RF_NH3",-0.00982037113095197,"W/m2"
"3299","Reference",1889,"RF_NH3",-0.00986627976320711,"W/m2"
"3300","Reference",1890,"RF_NH3",-0.0101554421274092,"W/m2"
"3301","Reference",1891,"RF_NH3",-0.00999503255329281,"W/m2"
"3302","Reference",1892,"RF_NH3",-0.010053315089362,"W/m2"
"3303","Reference",1893,"RF_NH3",-0.0104123064985021,"W/m2"
"3304","Reference",1894,"RF_NH3",-0.0109944877743777,"W/m2"
"3305","Reference",1895,"RF_NH3",-0.0109907977049582,"W/m2"
"3306","Reference",1896,"RF_NH3",-0.0110662034652527,"W/m2"
"3307","Reference",1897,"RF_NH3",-0.0114025871331756,"W/m2"
"3308","Reference",1898,"RF_NH3",-0.0115225312648433,"W/m2"
"3309","Reference",1899,"RF_NH3",-0.0120270716927491,"W/m2"
"3310","Reference",1900,"RF_NH3",-0.0121498984800858,"W/m2"
"3311","Reference",1901,"RF_NH3",-0.0121687801584638,"W/m2"
"3312","Reference",1902,"RF_NH3",-0.0123742066419153,"W/m2"
"3313","Reference",1903,"RF_NH3",-0.0123940537569659,"W/m2"
"3314","Reference",1904,"RF_NH3",-0.012993010600272,"W/m2"
"3315","Reference",1905,"RF_NH3",-0.0132244292445641,"W/m2"
"3316","Reference",1906,"RF_NH3",-0.0134188281669674,"W/m2"
"3317","Reference",1907,"RF_NH3",-0.013941723744195,"W/m2"
"3318","Reference",1908,"RF_NH3",-0.0143221025560848,"W/m2"
"3319","Reference",1909,"RF_NH3",-0.0144140933245265,"W/m2"
"3320","Reference",1910,"RF_NH3",-0.0149498224851542,"W/m2"
"3321","Reference",1911,"RF_NH3",-0.0148276275303638,"W/m2"
"3322","Reference",1912,"RF_NH3",-0.0148889631106422,"W/m2"
"3323","Reference",1913,"RF_NH3",-0.0153211418300713,"W/m2"
"3324","Reference",1914,"RF_NH3",-0.0159933532871054,"W/m2"
"3325","Reference",1915,"RF_NH3",-0.0159589652239113,"W/m2"
"3326","Reference",1916,"RF_NH3",-0.0161829439077927,"W/m2"
"3327","Reference",1917,"RF_NH3",-0.0165065706704426,"W/m2"
"3328","Reference",1918,"RF_NH3",-0.0169314216143173,"W/m2"
"3329","Reference",1919,"RF_NH3",-0.0173726369385584,"W/m2"
"3330","Reference",1920,"RF_NH3",-0.0176176348529239,"W/m2"
"3331","Reference",1921,"RF_NH3",-0.017529645997194,"W/m2"
"3332","Reference",1922,"RF_NH3",-0.0176380797628565,"W/m2"
"3333","Reference",1923,"RF_NH3",-0.0184859779399727,"W/m2"
"3334","Reference",1924,"RF_NH3",-0.0183447599680683,"W/m2"
"3335","Reference",1925,"RF_NH3",-0.0192040414072853,"W/m2"
"3336","Reference",1926,"RF_NH3",-0.0198037292246997,"W/m2"
"3337","Reference",1927,"RF_NH3",-0.020378840583543,"W/m2"
"3338","Reference",1928,"RF_NH3",-0.0207656516766417,"W/m2"
"3339","Reference",1929,"RF_NH3",-0.0212853967103367,"W/m2"
"3340","Reference",1930,"RF_NH3",-0.0217647302839274,"W/m2"
"3341","Reference",1931,"RF_NH3",-0.021390536657678,"W/m2"
"3342","Reference",1932,"RF_NH3",-0.0216382097784797,"W/m2"
"3343","Reference",1933,"RF_NH3",-0.0217004705970866,"W/m2"
"3344","Reference",1934,"RF_NH3",-0.0220690740186416,"W/m2"
"3345","Reference",1935,"RF_NH3",-0.0220301828069115,"W/m2"
"3346","Reference",1936,"RF_NH3",-0.0227391136046147,"W/m2"
"3347","Reference",1937,"RF_NH3",-0.0229143894753832,"W/m2"
"3348","Reference",1938,"RF_NH3",-0.0228691003704441,"W/m2"
"3349","Reference",1939,"RF_NH3",-0.0234372979173675,"W/m2"
"3350","Reference",1940,"RF_NH3",-0.0233274608939461,"W/m2"
"3351","Reference",1941,"RF_NH3",-0.0235407722515864,"W/m2"
"3352","Reference",1942,"RF_NH3",-0.0239015363900511,"W/m2"
"3353","Reference",1943,"RF_NH3",-0.0239360578394365,"W/m2"
"3354","Reference",1944,"RF_NH3",-0.0244199557086212,"W/m2"
"3355","Reference",1945,"RF_NH3",-0.0245553143021093,"W/m2"
"3356","Reference",1946,"RF_NH3",-0.0248563876373761,"W/m2"
"3357","Reference",1947,"RF_NH3",-0.0253567328699212,"W/m2"
"3358","Reference",1948,"RF_NH3",-0.0262372270220869,"W/m2"
"3359","Reference",1949,"RF_NH3",-0.0273740440104179,"W/m2"
"3360","Reference",1950,"RF_NH3",-0.0287961547912709,"W/m2"
"3361","Reference",1951,"RF_NH3",-0.0290261674724386,"W/m2"
"3362","Reference",1952,"RF_NH3",-0.0304939436177146,"W/m2"
"3363","Reference",1953,"RF_NH3",-0.0319829171246853,"W/m2"
"3364","Reference",1954,"RF_NH3",-0.0329328821115535,"W/m2"
"3365","Reference",1955,"RF_NH3",-0.0335606399205745,"W/m2"
"3366","Reference",1956,"RF_NH3",-0.0348837288732723,"W/m2"
"3367","Reference",1957,"RF_NH3",-0.0364293074922917,"W/m2"
"3368","Reference",1958,"RF_NH3",-0.0367667771834747,"W/m2"
"3369","Reference",1959,"RF_NH3",-0.0378567258695031,"W/m2"
"3370","Reference",1960,"RF_NH3",-0.0386122746427678,"W/m2"
"3371","Reference",1961,"RF_NH3",-0.0404323804634562,"W/m2"
"3372","Reference",1962,"RF_NH3",-0.0415725334549823,"W/m2"
"3373","Reference",1963,"RF_NH3",-0.0444961848148794,"W/m2"
"3374","Reference",1964,"RF_NH3",-0.0444938178111896,"W/m2"
"3375","Reference",1965,"RF_NH3",-0.0475905979704876,"W/m2"
"3376","Reference",1966,"RF_NH3",-0.0510915748334717,"W/m2"
"3377","Reference",1967,"RF_NH3",-0.0546500958949283,"W/m2"
"3378","Reference",1968,"RF_NH3",-0.0574846834003992,"W/m2"
"3379","Reference",1969,"RF_NH3",-0.0585047414235843,"W/m2"
"3380","Reference",1970,"RF_NH3",-0.0647132519198344,"W/m2"
"3381","Reference",1971,"RF_NH3",-0.0664754448458012,"W/m2"
"3382","Reference",1972,"RF_NH3",-0.0690538648807039,"W/m2"
"3383","Reference",1973,"RF_NH3",-0.0693705747594361,"W/m2"
"3384","Reference",1974,"RF_NH3",-0.0707204575254131,"W/m2"
"3385","Reference",1975,"RF_NH3",-0.0722493343165103,"W/m2"
"3386","Reference",1976,"RF_NH3",-0.0742739743211965,"W/m2"
"3387","Reference",1977,"RF_NH3",-0.0757266167052811,"W/m2"
"3388","Reference",1978,"RF_NH3",-0.0778164463125387,"W/m2"
"3389","Reference",1979,"RF_NH3",-0.0796844829594499,"W/m2"
"3390","Reference",1980,"RF_NH3",-0.0811441736495929,"W/m2"
"3391","Reference",1981,"RF_NH3",-0.0818846219347522,"W/m2"
"3392","Reference",1982,"RF_NH3",-0.0841766605762233,"W/m2"
"3393","Reference",1983,"RF_NH3",-0.0834521756119237,"W/m2"
"3394","Reference",1984,"RF_NH3",-0.0855076772885426,"W/m2"
"3395","Reference",1985,"RF_NH3",-0.086964873587542,"W/m2"
"3396","Reference",1986,"RF_NH3",-0.0884895226452912,"W/m2"
"3397","Reference",1987,"RF_NH3",-0.0905554172453707,"W/m2"
"3398","Reference",1988,"RF_NH3",-0.0914295107899679,"W/m2"
"3399","Reference",1989,"RF_NH3",-0.0924044590187511,"W/m2"
"3400","Reference",1990,"RF_NH3",-0.0932339869577481,"W/m2"
"3401","Reference",1991,"RF_NH3",-0.0970991485033747,"W/m2"
"3402","Reference",1992,"RF_NH3",-0.0931725288203793,"W/m2"
"3403","Reference",1993,"RF_NH3",-0.094280867810237,"W/m2"
"3404","Reference",1994,"RF_NH3",-0.0979312859195082,"W/m2"
"3405","Reference",1995,"RF_NH3",-0.0963008328011905,"W/m2"
"3406","Reference",1996,"RF_NH3",-0.0966188848932006,"W/m2"
"3407","Reference",1997,"RF_NH3",-0.102657391819429,"W/m2"
"3408","Reference",1998,"RF_NH3",-0.103970018365786,"W/m2"
"3409","Reference",1999,"RF_NH3",-0.100005885920514,"W/m2"
"3410","Reference",2000,"RF_NH3",-0.0997605461357577,"W/m2"
"3411","Reference",2001,"RF_NH3",-0.0992576208088344,"W/m2"
"3412","Reference",2002,"RF_NH3",-0.103065786712475,"W/m2"
"3413","Reference",2003,"RF_NH3",-0.10420743591965,"W/m2"
"3414","Reference",2004,"RF_NH3",-0.104778091096342,"W/m2"
"3415","Reference",2005,"RF_NH3",-0.106466273328954,"W/m2"
"3416","Reference",2006,"RF_NH3",-0.109525782170755,"W/m2"
"3417","Reference",2007,"RF_NH3",-0.111027801393021,"W/m2"
"3418","Reference",2008,"RF_NH3",-0.111034327393233,"W/m2"
"3419","Reference",2009,"RF_NH3",-0.111350447471362,"W/m2"
"3420","Reference",2010,"RF_NH3",-0.114322888708773,"W/m2"
"3421","Reference",2011,"RF_NH3",-0.114791617243643,"W/m2"
"3422","Reference",2012,"RF_NH3",-0.118601711571288,"W/m2"
"3423","Reference",2013,"RF_NH3",-0.118087995998117,"W/m2"
"3424","Reference",2014,"RF_NH3",-0.120697702248531,"W/m2"
"3425","Reference",2015,"RF_NH3",-0.122622570043139,"W/m2"
"3426","Reference",2016,"RF_NH3",-0.121895766644192,"W/m2"
"3427","Reference",2017,"RF_NH3",-0.122831027660293,"W/m2"
"3428","Reference",2018,"RF_NH3",-0.124198047005883,"W/m2"
"3429","Reference",2019,"RF_NH3",-0.127764676266697,"W/m2"
"3430","Reference",2020,"RF_NH3",-0.127631493131487,"W/m2"
"3431","Reference",2021,"RF_NH3",-0.13198235213351,"W/m2"
"3432","Reference",2022,"RF_NH3",-0.128915327912567,"W/m2"
"3433","Reference",2023,"RF_NH3",-0.131069298388697,"W/m2"
"3434","Reference",2024,"RF_NH3",-0.133223268864828,"W/m2"
"3435","Reference",2025,"RF_NH3",-0.135377239340959,"W/m2"
"3436","Reference",2026,"RF_NH3",-0.137151846234828,"W/m2"
"3437","Reference",2027,"RF_NH3",-0.138926453128697,"W/m2"
"3438","Reference",2028,"RF_NH3",-0.140701060022566,"W/m2"
"3439","Reference",2029,"RF_NH3",-0.142475666916435,"W/m2"
"3440","Reference",2030,"RF_NH3",-0.144250273810303,"W/m2"
"3441","Reference",2031,"RF_NH3",-0.146014159205039,"W/m2"
"3442","Reference",2032,"RF_NH3",-0.147778044599775,"W/m2"
"3443","Reference",2033,"RF_NH3",-0.149541929994511,"W/m2"
"3444","Reference",2034,"RF_NH3",-0.151305815389247,"W/m2"
"3445","Reference",2035,"RF_NH3",-0.153069700783983,"W/m2"
"3446","Reference",2036,"RF_NH3",-0.154812998796459,"W/m2"
"3447","Reference",2037,"RF_NH3",-0.156556296808935,"W/m2"
"3448","Reference",2038,"RF_NH3",-0.158299594821411,"W/m2"
"3449","Reference",2039,"RF_NH3",-0.160042892833887,"W/m2"
"3450","Reference",2040,"RF_NH3",-0.161786190846363,"W/m2"
"3451","Reference",2041,"RF_NH3",-0.163535284083032,"W/m2"
"3452","Reference",2042,"RF_NH3",-0.165284377319702,"W/m2"
"3453","Reference",2043,"RF_NH3",-0.167033470556372,"W/m2"
"3454","Reference",2044,"RF_NH3",-0.168782563793042,"W/m2"
"3455","Reference",2045,"RF_NH3",-0.170531657029711,"W/m2"
"3456","Reference",2046,"RF_NH3",-0.172125329624979,"W/m2"
"3457","Reference",2047,"RF_NH3",-0.173719002220246,"W/m2"
"3458","Reference",2048,"RF_NH3",-0.175312674815514,"W/m2"
"3459","Reference",2049,"RF_NH3",-0.176906347410781,"W/m2"
"3460","Reference",2050,"RF_NH3",-0.178500020006049,"W/m2"
"3461","Reference",2051,"RF_NH3",-0.179733598417412,"W/m2"
"3462","Reference",2052,"RF_NH3",-0.180967176828776,"W/m2"
"3463","Reference",2053,"RF_NH3",-0.182200755240139,"W/m2"
"3464","Reference",2054,"RF_NH3",-0.183434333651503,"W/m2"
"3465","Reference",2055,"RF_NH3",-0.184667912062867,"W/m2"
"3466","Reference",2056,"RF_NH3",-0.185832096609516,"W/m2"
"3467","Reference",2057,"RF_NH3",-0.186996281156165,"W/m2"
"3468","Reference",2058,"RF_NH3",-0.188160465702814,"W/m2"
"3469","Reference",2059,"RF_NH3",-0.189324650249463,"W/m2"
"3470","Reference",2060,"RF_NH3",-0.190488834796112,"W/m2"
"3471","Reference",2061,"RF_NH3",-0.19152330171496,"W/m2"
"3472","Reference",2062,"RF_NH3",-0.192557768633808,"W/m2"
"3473","Reference",2063,"RF_NH3",-0.193592235552655,"W/m2"
"3474","Reference",2064,"RF_NH3",-0.194626702471503,"W/m2"
"3475","Reference",2065,"RF_NH3",-0.195661169390351,"W/m2"
"3476","Reference",2066,"RF_NH3",-0.196523372720113,"W/m2"
"3477","Reference",2067,"RF_NH3",-0.197385576049874,"W/m2"
"3478","Reference",2068,"RF_NH3",-0.198247779379636,"W/m2"
"3479","Reference",2069,"RF_NH3",-0.199109982709397,"W/m2"
"3480","Reference",2070,"RF_NH3",-0.199972186039159,"W/m2"
"3481","Reference",2071,"RF_NH3",-0.200729851596651,"W/m2"
"3482","Reference",2072,"RF_NH3",-0.201487517154143,"W/m2"
"3483","Reference",2073,"RF_NH3",-0.202245182711636,"W/m2"
"3484","Reference",2074,"RF_NH3",-0.203002848269128,"W/m2"
"3485","Reference",2075,"RF_NH3",-0.20376051382662,"W/m2"
"3486","Reference",2076,"RF_NH3",-0.204381693495578,"W/m2"
"3487","Reference",2077,"RF_NH3",-0.205002873164535,"W/m2"
"3488","Reference",2078,"RF_NH3",-0.205624052833493,"W/m2"
"3489","Reference",2079,"RF_NH3",-0.206245232502451,"W/m2"
"3490","Reference",2080,"RF_NH3",-0.206866412171408,"W/m2"
"3491","Reference",2081,"RF_NH3",-0.207348300181836,"W/m2"
"3492","Reference",2082,"RF_NH3",-0.207830188192264,"W/m2"
"3493","Reference",2083,"RF_NH3",-0.208312076202692,"W/m2"
"3494","Reference",2084,"RF_NH3",-0.20879396421312,"W/m2"
"3495","Reference",2085,"RF_NH3",-0.209275852223548,"W/m2"
"3496","Reference",2086,"RF_NH3",-0.209632744562869,"W/m2"
"3497","Reference",2087,"RF_NH3",-0.209989636902191,"W/m2"
"3498","Reference",2088,"RF_NH3",-0.210346529241513,"W/m2"
"3499","Reference",2089,"RF_NH3",-0.210703421580834,"W/m2"
"3500","Reference",2090,"RF_NH3",-0.211060313920156,"W/m2"
"3501","Reference",2091,"RF_NH3",-0.211297408984993,"W/m2"
"3502","Reference",2092,"RF_NH3",-0.211534504049829,"W/m2"
"3503","Reference",2093,"RF_NH3",-0.211771599114666,"W/m2"
"3504","Reference",2094,"RF_NH3",-0.212008694179503,"W/m2"
"3505","Reference",2095,"RF_NH3",-0.212245789244339,"W/m2"
"3506","Reference",2096,"RF_NH3",-0.212383910454764,"W/m2"
"3507","Reference",2097,"RF_NH3",-0.212522031665188,"W/m2"
"3508","Reference",2098,"RF_NH3",-0.212660152875613,"W/m2"
"3509","Reference",2099,"RF_NH3",-0.212798274086037,"W/m2"
"3510","Reference",2100,"RF_NH3",-0.212936395296462,"W/m2"
"3511","Reference",1750,"RF_N2O",0,"W/m2"
"3512","Reference",1751,"RF_N2O",-2.99763973881359e-05,"W/m2"
"3513","Reference",1752,"RF_N2O",-6.33932877727969e-05,"W/m2"
"3514","Reference",1753,"RF_N2O",-0.000103277589952308,"W/m2"
"3515","Reference",1754,"RF_N2O",-0.000130170323059151,"W/m2"
"3516","Reference",1755,"RF_N2O",-0.000152155759087252,"W/m2"
"3517","Reference",1756,"RF_N2O",-0.000197051280901401,"W/m2"
"3518","Reference",1757,"RF_N2O",-0.000221299403448652,"W/m2"
"3519","Reference",1758,"RF_N2O",-0.000244819966679412,"W/m2"
"3520","Reference",1759,"RF_N2O",-0.000274706287179644,"W/m2"
"3521","Reference",1760,"RF_N2O",-0.000300774140961329,"W/m2"
"3522","Reference",1761,"RF_N2O",-0.00031634697607341,"W/m2"
"3523","Reference",1762,"RF_N2O",-0.000342476292127867,"W/m2"
"3524","Reference",1763,"RF_N2O",-0.000354883781136957,"W/m2"
"3525","Reference",1764,"RF_N2O",-0.00039076844356531,"W/m2"
"3526","Reference",1765,"RF_N2O",-0.000407389684532537,"W/m2"
"3527","Reference",1766,"RF_N2O",-0.000427551620724533,"W/m2"
"3528","Reference",1767,"RF_N2O",-0.000465417316164494,"W/m2"
"3529","Reference",1768,"RF_N2O",-0.000474126021467684,"W/m2"
"3530","Reference",1769,"RF_N2O",-0.000493264554265747,"W/m2"
"3531","Reference",1770,"RF_N2O",-0.0005010346671807,"W/m2"
"3532","Reference",1771,"RF_N2O",-0.000513417939349065,"W/m2"
"3533","Reference",1772,"RF_N2O",-0.00053085927171564,"W/m2"
"3534","Reference",1773,"RF_N2O",-0.000563949410352934,"W/m2"
"3535","Reference",1774,"RF_N2O",-0.000573919097380126,"W/m2"
"3536","Reference",1775,"RF_N2O",-0.000578735364486223,"W/m2"
"3537","Reference",1776,"RF_N2O",-0.000603189050875348,"W/m2"
"3538","Reference",1777,"RF_N2O",-0.00062532595522858,"W/m2"
"3539","Reference",1778,"RF_N2O",-0.000625412299153989,"W/m2"
"3540","Reference",1779,"RF_N2O",-0.000644045414301277,"W/m2"
"3541","Reference",1780,"RF_N2O",-0.000652872119428269,"W/m2"
"3542","Reference",1781,"RF_N2O",-0.000656191927677237,"W/m2"
"3543","Reference",1782,"RF_N2O",-0.000664323512289822,"W/m2"
"3544","Reference",1783,"RF_N2O",-0.000668370618820131,"W/m2"
"3545","Reference",1784,"RF_N2O",-0.000684154627646066,"W/m2"
"3546","Reference",1785,"RF_N2O",-0.000687475824194358,"W/m2"
"3547","Reference",1786,"RF_N2O",-0.000700152037150123,"W/m2"
"3548","Reference",1787,"RF_N2O",-0.00072338879081185,"W/m2"
"3549","Reference",1788,"RF_N2O",-0.000718363789581815,"W/m2"
"3550","Reference",1789,"RF_N2O",-0.00072522328259323,"W/m2"
"3551","Reference",1790,"RF_N2O",-0.000718103889041554,"W/m2"
"3552","Reference",1791,"RF_N2O",-0.00071864545036262,"W/m2"
"3553","Reference",1792,"RF_N2O",-0.000719319424860504,"W/m2"
"3554","Reference",1793,"RF_N2O",-0.000738893769101784,"W/m2"
"3555","Reference",1794,"RF_N2O",-0.000734743017011527,"W/m2"
"3556","Reference",1795,"RF_N2O",-0.000724119145950482,"W/m2"
"3557","Reference",1796,"RF_N2O",-0.000736525477988938,"W/m2"
"3558","Reference",1797,"RF_N2O",-0.000743979017724248,"W/m2"
"3559","Reference",1798,"RF_N2O",-0.000734792981946839,"W/m2"
"3560","Reference",1799,"RF_N2O",-0.000736147646320712,"W/m2"
"3561","Reference",1800,"RF_N2O",-0.000733775327043547,"W/m2"
"3562","Reference",1801,"RF_N2O",-0.000727959280792341,"W/m2"
"3563","Reference",1802,"RF_N2O",-0.000720380214593573,"W/m2"
"3564","Reference",1803,"RF_N2O",-0.000718433439385852,"W/m2"
"3565","Reference",1804,"RF_N2O",-0.000720558971903103,"W/m2"
"3566","Reference",1805,"RF_N2O",-0.000715677215124116,"W/m2"
"3567","Reference",1806,"RF_N2O",-0.000714403261084783,"W/m2"
"3568","Reference",1807,"RF_N2O",-0.00072640027462734,"W/m2"
"3569","Reference",1808,"RF_N2O",-0.000711137798691798,"W/m2"
"3570","Reference",1809,"RF_N2O",-0.00070712948511966,"W/m2"
"3571","Reference",1810,"RF_N2O",-0.000692642478317486,"W/m2"
"3572","Reference",1811,"RF_N2O",-0.000678795550847102,"W/m2"
"3573","Reference",1812,"RF_N2O",-0.000671163968354739,"W/m2"
"3574","Reference",1813,"RF_N2O",-0.000679524138704177,"W/m2"
"3575","Reference",1814,"RF_N2O",-0.000666068481372334,"W/m2"
"3576","Reference",1815,"RF_N2O",-0.000649850285294372,"W/m2"
"3577","Reference",1816,"RF_N2O",-0.00064531493213178,"W/m2"
"3578","Reference",1817,"RF_N2O",-0.000647167187796329,"W/m2"
"3579","Reference",1818,"RF_N2O",-0.000625137243500946,"W/m2"
"3580","Reference",1819,"RF_N2O",-0.000618594530825347,"W/m2"
"3581","Reference",1820,"RF_N2O",-0.000607383987643041,"W/m2"
"3582","Reference",1821,"RF_N2O",-0.0005876073602006,"W/m2"
"3583","Reference",1822,"RF_N2O",-0.000570357006464497,"W/m2"
"3584","Reference",1823,"RF_N2O",-0.000559760835841273,"W/m2"
"3585","Reference",1824,"RF_N2O",-0.00054992896765899,"W/m2"
"3586","Reference",1825,"RF_N2O",-0.000532264471114927,"W/m2"
"3587","Reference",1826,"RF_N2O",-0.00052196638688221,"W/m2"
"3588","Reference",1827,"RF_N2O",-0.000524670131185074,"W/m2"
"3589","Reference",1828,"RF_N2O",-0.000500182152455843,"W/m2"
"3590","Reference",1829,"RF_N2O",-0.000487422530703284,"W/m2"
"3591","Reference",1830,"RF_N2O",-0.000459807468514066,"W/m2"
"3592","Reference",1831,"RF_N2O",-0.000440297010436291,"W/m2"
"3593","Reference",1832,"RF_N2O",-0.000422842082576903,"W/m2"
"3594","Reference",1833,"RF_N2O",-0.000420082244606669,"W/m2"
"3595","Reference",1834,"RF_N2O",-0.00039549499492091,"W/m2"
"3596","Reference",1835,"RF_N2O",-0.000373915415733754,"W/m2"
"3597","Reference",1836,"RF_N2O",-0.000360951421613061,"W/m2"
"3598","Reference",1837,"RF_N2O",-0.000351521879787793,"W/m2"
"3599","Reference",1838,"RF_N2O",-0.000322376023664553,"W/m2"
"3600","Reference",1839,"RF_N2O",-0.00029941635812753,"W/m2"
"3601","Reference",1840,"RF_N2O",-0.000287887840926593,"W/m2"
"3602","Reference",1841,"RF_N2O",-0.000257558643429934,"W/m2"
"3603","Reference",1842,"RF_N2O",-0.00022674278634631,"W/m2"
"3604","Reference",1843,"RF_N2O",-0.000207778293578917,"W/m2"
"3605","Reference",1844,"RF_N2O",-0.000191368874661544,"W/m2"
"3606","Reference",1845,"RF_N2O",-0.000164671429523389,"W/m2"
"3607","Reference",1846,"RF_N2O",-0.000150010682136636,"W/m2"
"3608","Reference",1847,"RF_N2O",-0.0001400257394866,"W/m2"
"3609","Reference",1848,"RF_N2O",-0.000109778267269091,"W/m2"
"3610","Reference",1849,"RF_N2O",-8.82840867025362e-05,"W/m2"
"3611","Reference",1850,"RF_N2O",0.000172897211042075,"W/m2"
"3612","Reference",1851,"RF_N2O",0.000428793217839206,"W/m2"
"3613","Reference",1852,"RF_N2O",0.000755547820125526,"W/m2"
"3614","Reference",1853,"RF_N2O",0.0010795992337197,"W/m2"
"3615","Reference",1854,"RF_N2O",0.00145874883944629,"W/m2"
"3616","Reference",1855,"RF_N2O",0.0018398278940694,"W/m2"
"3617","Reference",1856,"RF_N2O",0.00216016347067691,"W/m2"
"3618","Reference",1857,"RF_N2O",0.00242918723341173,"W/m2"
"3619","Reference",1858,"RF_N2O",0.00292527110001187,"W/m2"
"3620","Reference",1859,"RF_N2O",0.00349571523904162,"W/m2"
"3621","Reference",1860,"RF_N2O",0.00414606875041229,"W/m2"
"3622","Reference",1861,"RF_N2O",0.00477441419894327,"W/m2"
"3623","Reference",1862,"RF_N2O",0.00532898490345904,"W/m2"
"3624","Reference",1863,"RF_N2O",0.00585041302624343,"W/m2"
"3625","Reference",1864,"RF_N2O",0.00640295466844936,"W/m2"
"3626","Reference",1865,"RF_N2O",0.00700258419970325,"W/m2"
"3627","Reference",1866,"RF_N2O",0.00757629654522015,"W/m2"
"3628","Reference",1867,"RF_N2O",0.00819249992599077,"W/m2"
"3629","Reference",1868,"RF_N2O",0.00880547352646882,"W/m2"
"3630","Reference",1869,"RF_N2O",0.0093576076868108,"W/m2"
"3631","Reference",1870,"RF_N2O",0.0100166792880334,"W/m2"
"3632","Reference",1871,"RF_N2O",0.0106466549259177,"W/m2"
"3633","Reference",1872,"RF_N2O",0.0112404508732997,"W/m2"
"3634","Reference",1873,"RF_N2O",0.0118165430441378,"W/m2"
"3635","Reference",1874,"RF_N2O",0.0124280342684268,"W/m2"
"3636","Reference",1875,"RF_N2O",0.0129545204615012,"W/m2"
"3637","Reference",1876,"RF_N2O",0.0134002755917023,"W/m2"
"3638","Reference",1877,"RF_N2O",0.0138787400493189,"W/m2"
"3639","Reference",1878,"RF_N2O",0.0143389852630602,"W/m2"
"3640","Reference",1879,"RF_N2O",0.0148088875139851,"W/m2"
"3641","Reference",1880,"RF_N2O",0.0151830541109168,"W/m2"
"3642","Reference",1881,"RF_N2O",0.0155821937680973,"W/m2"
"3643","Reference",1882,"RF_N2O",0.0159573103084103,"W/m2"
"3644","Reference",1883,"RF_N2O",0.0163077281725322,"W/m2"
"3645","Reference",1884,"RF_N2O",0.0166528095752003,"W/m2"
"3646","Reference",1885,"RF_N2O",0.0169650578480872,"W/m2"
"3647","Reference",1886,"RF_N2O",0.0173424321709867,"W/m2"
"3648","Reference",1887,"RF_N2O",0.0176245404459091,"W/m2"
"3649","Reference",1888,"RF_N2O",0.0180151830332716,"W/m2"
"3650","Reference",1889,"RF_N2O",0.0182873253070587,"W/m2"
"3651","Reference",1890,"RF_N2O",0.0185538346192403,"W/m2"
"3652","Reference",1891,"RF_N2O",0.0188893032378268,"W/m2"
"3653","Reference",1892,"RF_N2O",0.0192742018835022,"W/m2"
"3654","Reference",1893,"RF_N2O",0.0197288058029906,"W/m2"
"3655","Reference",1894,"RF_N2O",0.0202343646534815,"W/m2"
"3656","Reference",1895,"RF_N2O",0.0206255863505073,"W/m2"
"3657","Reference",1896,"RF_N2O",0.0209997236876033,"W/m2"
"3658","Reference",1897,"RF_N2O",0.021391122450663,"W/m2"
"3659","Reference",1898,"RF_N2O",0.021899048979068,"W/m2"
"3660","Reference",1899,"RF_N2O",0.0224157942504891,"W/m2"
"3661","Reference",1900,"RF_N2O",0.0229783558306189,"W/m2"
"3662","Reference",1901,"RF_N2O",0.0238635824001732,"W/m2"
"3663","Reference",1902,"RF_N2O",0.0249206308598177,"W/m2"
"3664","Reference",1903,"RF_N2O",0.0258820810402186,"W/m2"
"3665","Reference",1904,"RF_N2O",0.026846056639542,"W/m2"
"3666","Reference",1905,"RF_N2O",0.0278209051856208,"W/m2"
"3667","Reference",1906,"RF_N2O",0.0288532772169835,"W/m2"
"3668","Reference",1907,"RF_N2O",0.0300321577306419,"W/m2"
"3669","Reference",1908,"RF_N2O",0.0312366323167011,"W/m2"
"3670","Reference",1909,"RF_N2O",0.0325129319092006,"W/m2"
"3671","Reference",1910,"RF_N2O",0.0339666491587266,"W/m2"
"3672","Reference",1911,"RF_N2O",0.0350254556601641,"W/m2"
"3673","Reference",1912,"RF_N2O",0.0362282492331231,"W/m2"
"3674","Reference",1913,"RF_N2O",0.0374648945134635,"W/m2"
"3675","Reference",1914,"RF_N2O",0.0386469884433942,"W/m2"
"3676","Reference",1915,"RF_N2O",0.0395856561217482,"W/m2"
"3677","Reference",1916,"RF_N2O",0.0406341128035004,"W/m2"
"3678","Reference",1917,"RF_N2O",0.0412891144393937,"W/m2"
"3679","Reference",1918,"RF_N2O",0.0414393978235052,"W/m2"
"3680","Reference",1919,"RF_N2O",0.0416944719454496,"W/m2"
"3681","Reference",1920,"RF_N2O",0.0420774381570477,"W/m2"
"3682","Reference",1921,"RF_N2O",0.0425304051430153,"W/m2"
"3683","Reference",1922,"RF_N2O",0.0435380071077195,"W/m2"
"3684","Reference",1923,"RF_N2O",0.044027259957203,"W/m2"
"3685","Reference",1924,"RF_N2O",0.0441592318927239,"W/m2"
"3686","Reference",1925,"RF_N2O",0.0442795842462945,"W/m2"
"3687","Reference",1926,"RF_N2O",0.0444242289222699,"W/m2"
"3688","Reference",1927,"RF_N2O",0.0447395236516575,"W/m2"
"3689","Reference",1928,"RF_N2O",0.044916285499206,"W/m2"
"3690","Reference",1929,"RF_N2O",0.0450563526823466,"W/m2"
"3691","Reference",1930,"RF_N2O",0.0457385572445904,"W/m2"
"3692","Reference",1931,"RF_N2O",0.0460712524629377,"W/m2"
"3693","Reference",1932,"RF_N2O",0.0466012248376683,"W/m2"
"3694","Reference",1933,"RF_N2O",0.0469115945624564,"W/m2"
"3695","Reference",1934,"RF_N2O",0.0473325223022837,"W/m2"
"3696","Reference",1935,"RF_N2O",0.047858797414914,"W/m2"
"3697","Reference",1936,"RF_N2O",0.0485660593909648,"W/m2"
"3698","Reference",1937,"RF_N2O",0.0494030034578037,"W/m2"
"3699","Reference",1938,"RF_N2O",0.0500475613392054,"W/m2"
"3700","Reference",1939,"RF_N2O",0.0508443247121983,"W/m2"
"3701","Reference",1940,"RF_N2O",0.0516800695292172,"W/m2"
"3702","Reference",1941,"RF_N2O",0.0526127969983396,"W/m2"
"3703","Reference",1942,"RF_N2O",0.0548494335316702,"W/m2"
"3704","Reference",1943,"RF_N2O",0.0555787072195595,"W/m2"
"3705","Reference",1944,"RF_N2O",0.0563602146359014,"W/m2"
"3706","Reference",1945,"RF_N2O",0.0570423433160866,"W/m2"
"3707","Reference",1946,"RF_N2O",0.0572891281480804,"W/m2"
"3708","Reference",1947,"RF_N2O",0.0573885879663876,"W/m2"
"3709","Reference",1948,"RF_N2O",0.0574907786327941,"W/m2"
"3710","Reference",1949,"RF_N2O",0.0578991392332308,"W/m2"
"3711","Reference",1950,"RF_N2O",0.0583048599480503,"W/m2"
"3712","Reference",1951,"RF_N2O",0.0588147301807277,"W/m2"
"3713","Reference",1952,"RF_N2O",0.0598196498895982,"W/m2"
"3714","Reference",1953,"RF_N2O",0.0605031937621028,"W/m2"
"3715","Reference",1954,"RF_N2O",0.0614666532766194,"W/m2"
"3716","Reference",1955,"RF_N2O",0.0625756968930286,"W/m2"
"3717","Reference",1956,"RF_N2O",0.0636134292004221,"W/m2"
"3718","Reference",1957,"RF_N2O",0.0644854635172505,"W/m2"
"3719","Reference",1958,"RF_N2O",0.0651699506026269,"W/m2"
"3720","Reference",1959,"RF_N2O",0.0661385443234683,"W/m2"
"3721","Reference",1960,"RF_N2O",0.0670276110728464,"W/m2"
"3722","Reference",1961,"RF_N2O",0.0681800912333618,"W/m2"
"3723","Reference",1962,"RF_N2O",0.0694009553819566,"W/m2"
"3724","Reference",1963,"RF_N2O",0.0706172898015568,"W/m2"
"3725","Reference",1964,"RF_N2O",0.0717785984696808,"W/m2"
"3726","Reference",1965,"RF_N2O",0.0731207877240298,"W/m2"
"3727","Reference",1966,"RF_N2O",0.0744329226355171,"W/m2"
"3728","Reference",1967,"RF_N2O",0.0758012620550961,"W/m2"
"3729","Reference",1968,"RF_N2O",0.0771694216012508,"W/m2"
"3730","Reference",1969,"RF_N2O",0.0785010273598991,"W/m2"
"3731","Reference",1970,"RF_N2O",0.0798421810349225,"W/m2"
"3732","Reference",1971,"RF_N2O",0.0811752995609289,"W/m2"
"3733","Reference",1972,"RF_N2O",0.0826098105298772,"W/m2"
"3734","Reference",1973,"RF_N2O",0.0840774362809027,"W/m2"
"3735","Reference",1974,"RF_N2O",0.085590549190373,"W/m2"
"3736","Reference",1975,"RF_N2O",0.0871103512088995,"W/m2"
"3737","Reference",1976,"RF_N2O",0.0887700753625634,"W/m2"
"3738","Reference",1977,"RF_N2O",0.0904352684532532,"W/m2"
"3739","Reference",1978,"RF_N2O",0.0922246565212791,"W/m2"
"3740","Reference",1979,"RF_N2O",0.0944520117258286,"W/m2"
"3741","Reference",1980,"RF_N2O",0.0973094352784174,"W/m2"
"3742","Reference",1981,"RF_N2O",0.101211942755714,"W/m2"
"3743","Reference",1982,"RF_N2O",0.103104046658198,"W/m2"
"3744","Reference",1983,"RF_N2O",0.105323670467205,"W/m2"
"3745","Reference",1984,"RF_N2O",0.107198160684356,"W/m2"
"3746","Reference",1985,"RF_N2O",0.110210701040439,"W/m2"
"3747","Reference",1986,"RF_N2O",0.110778792664182,"W/m2"
"3748","Reference",1987,"RF_N2O",0.113094369059067,"W/m2"
"3749","Reference",1988,"RF_N2O",0.1166297232357,"W/m2"
"3750","Reference",1989,"RF_N2O",0.119622979624876,"W/m2"
"3751","Reference",1990,"RF_N2O",0.121840770809871,"W/m2"
"3752","Reference",1991,"RF_N2O",0.12371966218582,"W/m2"
"3753","Reference",1992,"RF_N2O",0.124696160796524,"W/m2"
"3754","Reference",1993,"RF_N2O",0.126380574543596,"W/m2"
"3755","Reference",1994,"RF_N2O",0.128329131703478,"W/m2"
"3756","Reference",1995,"RF_N2O",0.131092030926729,"W/m2"
"3757","Reference",1996,"RF_N2O",0.133752170142561,"W/m2"
"3758","Reference",1997,"RF_N2O",0.136289005095703,"W/m2"
"3759","Reference",1998,"RF_N2O",0.139709767652136,"W/m2"
"3760","Reference",1999,"RF_N2O",0.143037619710524,"W/m2"
"3761","Reference",2000,"RF_N2O",0.145446985894966,"W/m2"
"3762","Reference",2001,"RF_N2O",0.14744608499121,"W/m2"
"3763","Reference",2002,"RF_N2O",0.149714990617244,"W/m2"
"3764","Reference",2003,"RF_N2O",0.15178053170186,"W/m2"
"3765","Reference",2004,"RF_N2O",0.154072432810942,"W/m2"
"3766","Reference",2005,"RF_N2O",0.156788817023129,"W/m2"
"3767","Reference",2006,"RF_N2O",0.159144679790886,"W/m2"
"3768","Reference",2007,"RF_N2O",0.162126833021793,"W/m2"
"3769","Reference",2008,"RF_N2O",0.164399891713782,"W/m2"
"3770","Reference",2009,"RF_N2O",0.167093047600897,"W/m2"
"3771","Reference",2010,"RF_N2O",0.170323908735217,"W/m2"
"3772","Reference",2011,"RF_N2O",0.173070391719453,"W/m2"
"3773","Reference",2012,"RF_N2O",0.176000698367019,"W/m2"
"3774","Reference",2013,"RF_N2O",0.179480611126055,"W/m2"
"3775","Reference",2014,"RF_N2O",0.182388468276423,"W/m2"
"3776","Reference",2015,"RF_N2O",0.185009054318532,"W/m2"
"3777","Reference",2016,"RF_N2O",0.187804116369064,"W/m2"
"3778","Reference",2017,"RF_N2O",0.191422963645381,"W/m2"
"3779","Reference",2018,"RF_N2O",0.194282484136492,"W/m2"
"3780","Reference",2019,"RF_N2O",0.19800709013308,"W/m2"
"3781","Reference",2020,"RF_N2O",0.201774810384382,"W/m2"
"3782","Reference",2021,"RF_N2O",0.205997582614364,"W/m2"
"3783","Reference",2022,"RF_N2O",0.208895260074906,"W/m2"
"3784","Reference",2023,"RF_N2O",0.211867163232698,"W/m2"
"3785","Reference",2024,"RF_N2O",0.214868074088117,"W/m2"
"3786","Reference",2025,"RF_N2O",0.217898986840263,"W/m2"
"3787","Reference",2026,"RF_N2O",0.220942625399804,"W/m2"
"3788","Reference",2027,"RF_N2O",0.224001729676599,"W/m2"
"3789","Reference",2028,"RF_N2O",0.227075861202692,"W/m2"
"3790","Reference",2029,"RF_N2O",0.230164686274558,"W/m2"
"3791","Reference",2030,"RF_N2O",0.233267909390914,"W/m2"
"3792","Reference",2031,"RF_N2O",0.236381067466808,"W/m2"
"3793","Reference",2032,"RF_N2O",0.239503306615175,"W/m2"
"3794","Reference",2033,"RF_N2O",0.242634410364625,"W/m2"
"3795","Reference",2034,"RF_N2O",0.245774133977504,"W/m2"
"3796","Reference",2035,"RF_N2O",0.248922230437443,"W/m2"
"3797","Reference",2036,"RF_N2O",0.252083009700998,"W/m2"
"3798","Reference",2037,"RF_N2O",0.255256215312533,"W/m2"
"3799","Reference",2038,"RF_N2O",0.258441448660066,"W/m2"
"3800","Reference",2039,"RF_N2O",0.261638334309561,"W/m2"
"3801","Reference",2040,"RF_N2O",0.264846512627565,"W/m2"
"3802","Reference",2041,"RF_N2O",0.268086192399705,"W/m2"
"3803","Reference",2042,"RF_N2O",0.27135667823906,"W/m2"
"3804","Reference",2043,"RF_N2O",0.274657406539629,"W/m2"
"3805","Reference",2044,"RF_N2O",0.277987813726658,"W/m2"
"3806","Reference",2045,"RF_N2O",0.281347340179485,"W/m2"
"3807","Reference",2046,"RF_N2O",0.284733560900375,"W/m2"
"3808","Reference",2047,"RF_N2O",0.288146231765322,"W/m2"
"3809","Reference",2048,"RF_N2O",0.291584835710004,"W/m2"
"3810","Reference",2049,"RF_N2O",0.29504886732446,"W/m2"
"3811","Reference",2050,"RF_N2O",0.298537831277042,"W/m2"
"3812","Reference",2051,"RF_N2O",0.302039327619358,"W/m2"
"3813","Reference",2052,"RF_N2O",0.3055528165438,"W/m2"
"3814","Reference",2053,"RF_N2O",0.309078010191818,"W/m2"
"3815","Reference",2054,"RF_N2O",0.312614619093514,"W/m2"
"3816","Reference",2055,"RF_N2O",0.316162357756709,"W/m2"
"3817","Reference",2056,"RF_N2O",0.319718188289826,"W/m2"
"3818","Reference",2057,"RF_N2O",0.323281745032397,"W/m2"
"3819","Reference",2058,"RF_N2O",0.326852806540659,"W/m2"
"3820","Reference",2059,"RF_N2O",0.330431151851663,"W/m2"
"3821","Reference",2060,"RF_N2O",0.334016563633196,"W/m2"
"3822","Reference",2061,"RF_N2O",0.33760752351266,"W/m2"
"3823","Reference",2062,"RF_N2O",0.341203763303558,"W/m2"
"3824","Reference",2063,"RF_N2O",0.344805026359555,"W/m2"
"3825","Reference",2064,"RF_N2O",0.348411068602692,"W/m2"
"3826","Reference",2065,"RF_N2O",0.352021655226448,"W/m2"
"3827","Reference",2066,"RF_N2O",0.355631416864175,"W/m2"
"3828","Reference",2067,"RF_N2O",0.359240100812866,"W/m2"
"3829","Reference",2068,"RF_N2O",0.362847567149731,"W/m2"
"3830","Reference",2069,"RF_N2O",0.366453680008868,"W/m2"
"3831","Reference",2070,"RF_N2O",0.370058310361897,"W/m2"
"3832","Reference",2071,"RF_N2O",0.373658904731647,"W/m2"
"3833","Reference",2072,"RF_N2O",0.377255335163561,"W/m2"
"3834","Reference",2073,"RF_N2O",0.380847482486076,"W/m2"
"3835","Reference",2074,"RF_N2O",0.384435238606589,"W/m2"
"3836","Reference",2075,"RF_N2O",0.388018503603617,"W/m2"
"3837","Reference",2076,"RF_N2O",0.391593735843145,"W/m2"
"3838","Reference",2077,"RF_N2O",0.395161234679399,"W/m2"
"3839","Reference",2078,"RF_N2O",0.398720905252515,"W/m2"
"3840","Reference",2079,"RF_N2O",0.402272676826217,"W/m2"
"3841","Reference",2080,"RF_N2O",0.405816489940672,"W/m2"
"3842","Reference",2081,"RF_N2O",0.409349409308481,"W/m2"
"3843","Reference",2082,"RF_N2O",0.412871374777492,"W/m2"
"3844","Reference",2083,"RF_N2O",0.416382360319825,"W/m2"
"3845","Reference",2084,"RF_N2O",0.419882349775644,"W/m2"
"3846","Reference",2085,"RF_N2O",0.423371334482741,"W/m2"
"3847","Reference",2086,"RF_N2O",0.426848026337426,"W/m2"
"3848","Reference",2087,"RF_N2O",0.430312326119829,"W/m2"
"3849","Reference",2088,"RF_N2O",0.433764186886309,"W/m2"
"3850","Reference",2089,"RF_N2O",0.437203576234722,"W/m2"
"3851","Reference",2090,"RF_N2O",0.440630471115641,"W/m2"
"3852","Reference",2091,"RF_N2O",0.444042090327257,"W/m2"
"3853","Reference",2092,"RF_N2O",0.447438519993267,"W/m2"
"3854","Reference",2093,"RF_N2O",0.450819740840168,"W/m2"
"3855","Reference",2094,"RF_N2O",0.454185748329026,"W/m2"
"3856","Reference",2095,"RF_N2O",0.457536548653891,"W/m2"
"3857","Reference",2096,"RF_N2O",0.460869955166073,"W/m2"
"3858","Reference",2097,"RF_N2O",0.464186010485492,"W/m2"
"3859","Reference",2098,"RF_N2O",0.4674847299424,"W/m2"
"3860","Reference",2099,"RF_N2O",0.470766142346993,"W/m2"
"3861","Reference",2100,"RF_N2O",0.474030285155551,"W/m2"
"3862","Reference",1750,"RF_CH4",0,"W/m2"
"3863","Reference",1751,"RF_CH4",0.000279679757723437,"W/m2"
"3864","Reference",1752,"RF_CH4",0.000966440546179807,"W/m2"
"3865","Reference",1753,"RF_CH4",0.0014408977545362,"W/m2"
"3866","Reference",1754,"RF_CH4",0.00180782703899294,"W/m2"
"3867","Reference",1755,"RF_CH4",0.00215269379854758,"W/m2"
"3868","Reference",1756,"RF_CH4",0.00259477531072352,"W/m2"
"3869","Reference",1757,"RF_CH4",0.00289930972787864,"W/m2"
"3870","Reference",1758,"RF_CH4",0.00310181128296003,"W/m2"
"3871","Reference",1759,"RF_CH4",0.0030320914795109,"W/m2"
"3872","Reference",1760,"RF_CH4",0.00263553525580399,"W/m2"
"3873","Reference",1761,"RF_CH4",0.0028154366785206,"W/m2"
"3874","Reference",1762,"RF_CH4",0.00316377057749383,"W/m2"
"3875","Reference",1763,"RF_CH4",0.0037297002418876,"W/m2"
"3876","Reference",1764,"RF_CH4",0.00432367329649238,"W/m2"
"3877","Reference",1765,"RF_CH4",0.00489210123152454,"W/m2"
"3878","Reference",1766,"RF_CH4",0.00543575711835188,"W/m2"
"3879","Reference",1767,"RF_CH4",0.00601303624556267,"W/m2"
"3880","Reference",1768,"RF_CH4",0.00632987697905929,"W/m2"
"3881","Reference",1769,"RF_CH4",0.00666710147848016,"W/m2"
"3882","Reference",1770,"RF_CH4",0.00702278820066003,"W/m2"
"3883","Reference",1771,"RF_CH4",0.00738871206095003,"W/m2"
"3884","Reference",1772,"RF_CH4",0.00812489407218354,"W/m2"
"3885","Reference",1773,"RF_CH4",0.0085376842175122,"W/m2"
"3886","Reference",1774,"RF_CH4",0.00867549962792747,"W/m2"
"3887","Reference",1775,"RF_CH4",0.00898871912385413,"W/m2"
"3888","Reference",1776,"RF_CH4",0.00942474399969125,"W/m2"
"3889","Reference",1777,"RF_CH4",0.00986554561128161,"W/m2"
"3890","Reference",1778,"RF_CH4",0.00987453808066474,"W/m2"
"3891","Reference",1779,"RF_CH4",0.00997425634098702,"W/m2"
"3892","Reference",1780,"RF_CH4",0.0101814536362361,"W/m2"
"3893","Reference",1781,"RF_CH4",0.0105234564856742,"W/m2"
"3894","Reference",1782,"RF_CH4",0.0108582844997162,"W/m2"
"3895","Reference",1783,"RF_CH4",0.0110735336355661,"W/m2"
"3896","Reference",1784,"RF_CH4",0.0112695559434653,"W/m2"
"3897","Reference",1785,"RF_CH4",0.011472717727672,"W/m2"
"3898","Reference",1786,"RF_CH4",0.0116719520080565,"W/m2"
"3899","Reference",1787,"RF_CH4",0.011739104798662,"W/m2"
"3900","Reference",1788,"RF_CH4",0.0120531385693663,"W/m2"
"3901","Reference",1789,"RF_CH4",0.0123632866885757,"W/m2"
"3902","Reference",1790,"RF_CH4",0.0126930574650535,"W/m2"
"3903","Reference",1791,"RF_CH4",0.0130399291482311,"W/m2"
"3904","Reference",1792,"RF_CH4",0.0134031885314074,"W/m2"
"3905","Reference",1793,"RF_CH4",0.0136606268871932,"W/m2"
"3906","Reference",1794,"RF_CH4",0.0140236261348397,"W/m2"
"3907","Reference",1795,"RF_CH4",0.0143985861966035,"W/m2"
"3908","Reference",1796,"RF_CH4",0.0148293446938264,"W/m2"
"3909","Reference",1797,"RF_CH4",0.0152986827488499,"W/m2"
"3910","Reference",1798,"RF_CH4",0.0158433376208524,"W/m2"
"3911","Reference",1799,"RF_CH4",0.0163698880824726,"W/m2"
"3912","Reference",1800,"RF_CH4",0.0168904027840134,"W/m2"
"3913","Reference",1801,"RF_CH4",0.017411869106452,"W/m2"
"3914","Reference",1802,"RF_CH4",0.0179970149896973,"W/m2"
"3915","Reference",1803,"RF_CH4",0.0186311230165291,"W/m2"
"3916","Reference",1804,"RF_CH4",0.0192850342845335,"W/m2"
"3917","Reference",1805,"RF_CH4",0.0199997196893015,"W/m2"
"3918","Reference",1806,"RF_CH4",0.0207125601170018,"W/m2"
"3919","Reference",1807,"RF_CH4",0.0214847607247389,"W/m2"
"3920","Reference",1808,"RF_CH4",0.022302906429315,"W/m2"
"3921","Reference",1809,"RF_CH4",0.0231448415090199,"W/m2"
"3922","Reference",1810,"RF_CH4",0.0240841457813388,"W/m2"
"3923","Reference",1811,"RF_CH4",0.0250721375965327,"W/m2"
"3924","Reference",1812,"RF_CH4",0.0260094938794483,"W/m2"
"3925","Reference",1813,"RF_CH4",0.0269450903937124,"W/m2"
"3926","Reference",1814,"RF_CH4",0.0276517435866897,"W/m2"
"3927","Reference",1815,"RF_CH4",0.0284734893798757,"W/m2"
"3928","Reference",1816,"RF_CH4",0.0292495843266211,"W/m2"
"3929","Reference",1817,"RF_CH4",0.0302566554440693,"W/m2"
"3930","Reference",1818,"RF_CH4",0.0310760080748783,"W/m2"
"3931","Reference",1819,"RF_CH4",0.031776716187222,"W/m2"
"3932","Reference",1820,"RF_CH4",0.0324008366257182,"W/m2"
"3933","Reference",1821,"RF_CH4",0.0331117047177606,"W/m2"
"3934","Reference",1822,"RF_CH4",0.0339755911684711,"W/m2"
"3935","Reference",1823,"RF_CH4",0.0347622348083803,"W/m2"
"3936","Reference",1824,"RF_CH4",0.0355413226420197,"W/m2"
"3937","Reference",1825,"RF_CH4",0.0363103927136852,"W/m2"
"3938","Reference",1826,"RF_CH4",0.0370031548579341,"W/m2"
"3939","Reference",1827,"RF_CH4",0.037647097243494,"W/m2"
"3940","Reference",1828,"RF_CH4",0.0383362860673902,"W/m2"
"3941","Reference",1829,"RF_CH4",0.0389656087470138,"W/m2"
"3942","Reference",1830,"RF_CH4",0.0395591833950285,"W/m2"
"3943","Reference",1831,"RF_CH4",0.0400844652083632,"W/m2"
"3944","Reference",1832,"RF_CH4",0.0405593369771248,"W/m2"
"3945","Reference",1833,"RF_CH4",0.0408958589928945,"W/m2"
"3946","Reference",1834,"RF_CH4",0.0414634306109096,"W/m2"
"3947","Reference",1835,"RF_CH4",0.0419486569434925,"W/m2"
"3948","Reference",1836,"RF_CH4",0.0421181842480971,"W/m2"
"3949","Reference",1837,"RF_CH4",0.0421243223524528,"W/m2"
"3950","Reference",1838,"RF_CH4",0.0420139857235702,"W/m2"
"3951","Reference",1839,"RF_CH4",0.0420047692202525,"W/m2"
"3952","Reference",1840,"RF_CH4",0.0422913169701723,"W/m2"
"3953","Reference",1841,"RF_CH4",0.042705923385248,"W/m2"
"3954","Reference",1842,"RF_CH4",0.0432853057636403,"W/m2"
"3955","Reference",1843,"RF_CH4",0.0442025781114891,"W/m2"
"3956","Reference",1844,"RF_CH4",0.0455093487370042,"W/m2"
"3957","Reference",1845,"RF_CH4",0.0467645669641587,"W/m2"
"3958","Reference",1846,"RF_CH4",0.0477393509849907,"W/m2"
"3959","Reference",1847,"RF_CH4",0.0481563240960706,"W/m2"
"3960","Reference",1848,"RF_CH4",0.0482512027059683,"W/m2"
"3961","Reference",1849,"RF_CH4",0.0483264430758915,"W/m2"
"3962","Reference",1850,"RF_CH4",0.0483469849427777,"W/m2"
"3963","Reference",1851,"RF_CH4",0.0484477619643126,"W/m2"
"3964","Reference",1852,"RF_CH4",0.0489056684393617,"W/m2"
"3965","Reference",1853,"RF_CH4",0.049663994597211,"W/m2"
"3966","Reference",1854,"RF_CH4",0.0504748290177549,"W/m2"
"3967","Reference",1855,"RF_CH4",0.0514505555329899,"W/m2"
"3968","Reference",1856,"RF_CH4",0.0523424864635827,"W/m2"
"3969","Reference",1857,"RF_CH4",0.0533504110069129,"W/m2"
"3970","Reference",1858,"RF_CH4",0.0545070041927281,"W/m2"
"3971","Reference",1859,"RF_CH4",0.0557455497073162,"W/m2"
"3972","Reference",1860,"RF_CH4",0.0569065780859729,"W/m2"
"3973","Reference",1861,"RF_CH4",0.0581696597811075,"W/m2"
"3974","Reference",1862,"RF_CH4",0.0597590887907522,"W/m2"
"3975","Reference",1863,"RF_CH4",0.0616512933177765,"W/m2"
"3976","Reference",1864,"RF_CH4",0.0637200560015303,"W/m2"
"3977","Reference",1865,"RF_CH4",0.0656951686047342,"W/m2"
"3978","Reference",1866,"RF_CH4",0.0677724510506797,"W/m2"
"3979","Reference",1867,"RF_CH4",0.0699433474905736,"W/m2"
"3980","Reference",1868,"RF_CH4",0.0718833103303544,"W/m2"
"3981","Reference",1869,"RF_CH4",0.0735974169179473,"W/m2"
"3982","Reference",1870,"RF_CH4",0.0749661102085961,"W/m2"
"3983","Reference",1871,"RF_CH4",0.0758899232516324,"W/m2"
"3984","Reference",1872,"RF_CH4",0.0766243400475786,"W/m2"
"3985","Reference",1873,"RF_CH4",0.0771777548242986,"W/m2"
"3986","Reference",1874,"RF_CH4",0.0781548188117267,"W/m2"
"3987","Reference",1875,"RF_CH4",0.0791289450942413,"W/m2"
"3988","Reference",1876,"RF_CH4",0.0799493284891866,"W/m2"
"3989","Reference",1877,"RF_CH4",0.080845554296044,"W/m2"
"3990","Reference",1878,"RF_CH4",0.0818823155116004,"W/m2"
"3991","Reference",1879,"RF_CH4",0.0831438019764008,"W/m2"
"3992","Reference",1880,"RF_CH4",0.0845617017683533,"W/m2"
"3993","Reference",1881,"RF_CH4",0.0859040428048383,"W/m2"
"3994","Reference",1882,"RF_CH4",0.0872314620002019,"W/m2"
"3995","Reference",1883,"RF_CH4",0.088607800806666,"W/m2"
"3996","Reference",1884,"RF_CH4",0.0900941738228941,"W/m2"
"3997","Reference",1885,"RF_CH4",0.0917709091343919,"W/m2"
"3998","Reference",1886,"RF_CH4",0.0934075492530771,"W/m2"
"3999","Reference",1887,"RF_CH4",0.095203922149161,"W/m2"
"4000","Reference",1888,"RF_CH4",0.0969380805847789,"W/m2"
"4001","Reference",1889,"RF_CH4",0.098806190420131,"W/m2"
"4002","Reference",1890,"RF_CH4",0.100668886065261,"W/m2"
"4003","Reference",1891,"RF_CH4",0.102560021438206,"W/m2"
"4004","Reference",1892,"RF_CH4",0.104783070029862,"W/m2"
"4005","Reference",1893,"RF_CH4",0.1069270733426,"W/m2"
"4006","Reference",1894,"RF_CH4",0.108759611818224,"W/m2"
"4007","Reference",1895,"RF_CH4",0.110328591319815,"W/m2"
"4008","Reference",1896,"RF_CH4",0.111209355365022,"W/m2"
"4009","Reference",1897,"RF_CH4",0.112065394578476,"W/m2"
"4010","Reference",1898,"RF_CH4",0.113625756669245,"W/m2"
"4011","Reference",1899,"RF_CH4",0.115479220353756,"W/m2"
"4012","Reference",1900,"RF_CH4",0.117332744292724,"W/m2"
"4013","Reference",1901,"RF_CH4",0.11916865498078,"W/m2"
"4014","Reference",1902,"RF_CH4",0.121385346231605,"W/m2"
"4015","Reference",1903,"RF_CH4",0.123665257729314,"W/m2"
"4016","Reference",1904,"RF_CH4",0.126656545488132,"W/m2"
"4017","Reference",1905,"RF_CH4",0.129636360687225,"W/m2"
"4018","Reference",1906,"RF_CH4",0.132784694389274,"W/m2"
"4019","Reference",1907,"RF_CH4",0.136152043079903,"W/m2"
"4020","Reference",1908,"RF_CH4",0.138879588590923,"W/m2"
"4021","Reference",1909,"RF_CH4",0.141810501812796,"W/m2"
"4022","Reference",1910,"RF_CH4",0.144773115175429,"W/m2"
"4023","Reference",1911,"RF_CH4",0.147338291438559,"W/m2"
"4024","Reference",1912,"RF_CH4",0.149601768171022,"W/m2"
"4025","Reference",1913,"RF_CH4",0.151038459155324,"W/m2"
"4026","Reference",1914,"RF_CH4",0.152326420175941,"W/m2"
"4027","Reference",1915,"RF_CH4",0.153875576784805,"W/m2"
"4028","Reference",1916,"RF_CH4",0.157671008334144,"W/m2"
"4029","Reference",1917,"RF_CH4",0.160439137650476,"W/m2"
"4030","Reference",1918,"RF_CH4",0.163979116885748,"W/m2"
"4031","Reference",1919,"RF_CH4",0.168009922381434,"W/m2"
"4032","Reference",1920,"RF_CH4",0.171991130069907,"W/m2"
"4033","Reference",1921,"RF_CH4",0.175790632222954,"W/m2"
"4034","Reference",1922,"RF_CH4",0.179450532693916,"W/m2"
"4035","Reference",1923,"RF_CH4",0.182639368826609,"W/m2"
"4036","Reference",1924,"RF_CH4",0.184918584192665,"W/m2"
"4037","Reference",1925,"RF_CH4",0.186345522068867,"W/m2"
"4038","Reference",1926,"RF_CH4",0.187102835584612,"W/m2"
"4039","Reference",1927,"RF_CH4",0.18824233414396,"W/m2"
"4040","Reference",1928,"RF_CH4",0.190796057461851,"W/m2"
"4041","Reference",1929,"RF_CH4",0.193943886593286,"W/m2"
"4042","Reference",1930,"RF_CH4",0.197057769118514,"W/m2"
"4043","Reference",1931,"RF_CH4",0.199576920974055,"W/m2"
"4044","Reference",1932,"RF_CH4",0.201891884953945,"W/m2"
"4045","Reference",1933,"RF_CH4",0.204259436653115,"W/m2"
"4046","Reference",1934,"RF_CH4",0.206955377209924,"W/m2"
"4047","Reference",1935,"RF_CH4",0.209684368055176,"W/m2"
"4048","Reference",1936,"RF_CH4",0.212117995138543,"W/m2"
"4049","Reference",1937,"RF_CH4",0.214411622347503,"W/m2"
"4050","Reference",1938,"RF_CH4",0.216609628002096,"W/m2"
"4051","Reference",1939,"RF_CH4",0.219802801520991,"W/m2"
"4052","Reference",1940,"RF_CH4",0.221429222838055,"W/m2"
"4053","Reference",1941,"RF_CH4",0.22300660785474,"W/m2"
"4054","Reference",1942,"RF_CH4",0.225498678777681,"W/m2"
"4055","Reference",1943,"RF_CH4",0.227751202168575,"W/m2"
"4056","Reference",1944,"RF_CH4",0.229565584077187,"W/m2"
"4057","Reference",1945,"RF_CH4",0.231095816486369,"W/m2"
"4058","Reference",1946,"RF_CH4",0.233273168116172,"W/m2"
"4059","Reference",1947,"RF_CH4",0.236266692008836,"W/m2"
"4060","Reference",1948,"RF_CH4",0.239256175882359,"W/m2"
"4061","Reference",1949,"RF_CH4",0.241603362866766,"W/m2"
"4062","Reference",1950,"RF_CH4",0.243325089297032,"W/m2"
"4063","Reference",1951,"RF_CH4",0.245795494978504,"W/m2"
"4064","Reference",1952,"RF_CH4",0.248508925057462,"W/m2"
"4065","Reference",1953,"RF_CH4",0.252963062658718,"W/m2"
"4066","Reference",1954,"RF_CH4",0.258383721980567,"W/m2"
"4067","Reference",1955,"RF_CH4",0.264333264337053,"W/m2"
"4068","Reference",1956,"RF_CH4",0.271324842725811,"W/m2"
"4069","Reference",1957,"RF_CH4",0.278388966274102,"W/m2"
"4070","Reference",1958,"RF_CH4",0.283938643736685,"W/m2"
"4071","Reference",1959,"RF_CH4",0.288639728238325,"W/m2"
"4072","Reference",1960,"RF_CH4",0.291854403969819,"W/m2"
"4073","Reference",1961,"RF_CH4",0.294369059512603,"W/m2"
"4074","Reference",1962,"RF_CH4",0.300526642618398,"W/m2"
"4075","Reference",1963,"RF_CH4",0.309026745100318,"W/m2"
"4076","Reference",1964,"RF_CH4",0.316700682023772,"W/m2"
"4077","Reference",1965,"RF_CH4",0.322989791573089,"W/m2"
"4078","Reference",1966,"RF_CH4",0.32809561358085,"W/m2"
"4079","Reference",1967,"RF_CH4",0.333562474852239,"W/m2"
"4080","Reference",1968,"RF_CH4",0.341415002114037,"W/m2"
"4081","Reference",1969,"RF_CH4",0.349348969815571,"W/m2"
"4082","Reference",1970,"RF_CH4",0.359028440716354,"W/m2"
"4083","Reference",1971,"RF_CH4",0.367855935039086,"W/m2"
"4084","Reference",1972,"RF_CH4",0.375801638914772,"W/m2"
"4085","Reference",1973,"RF_CH4",0.381693603291716,"W/m2"
"4086","Reference",1974,"RF_CH4",0.387427126704455,"W/m2"
"4087","Reference",1975,"RF_CH4",0.394125675854885,"W/m2"
"4088","Reference",1976,"RF_CH4",0.401535410174304,"W/m2"
"4089","Reference",1977,"RF_CH4",0.409401637087042,"W/m2"
"4090","Reference",1978,"RF_CH4",0.417478177377731,"W/m2"
"4091","Reference",1979,"RF_CH4",0.425514794679223,"W/m2"
"4092","Reference",1980,"RF_CH4",0.433281866496799,"W/m2"
"4093","Reference",1981,"RF_CH4",0.44054110114807,"W/m2"
"4094","Reference",1982,"RF_CH4",0.447109509910741,"W/m2"
"4095","Reference",1983,"RF_CH4",0.452744936599846,"W/m2"
"4096","Reference",1984,"RF_CH4",0.457679696106261,"W/m2"
"4097","Reference",1985,"RF_CH4",0.462669945381218,"W/m2"
"4098","Reference",1986,"RF_CH4",0.467808345873183,"W/m2"
"4099","Reference",1987,"RF_CH4",0.47282563186292,"W/m2"
"4100","Reference",1988,"RF_CH4",0.4769890352004,"W/m2"
"4101","Reference",1989,"RF_CH4",0.481424145129556,"W/m2"
"4102","Reference",1990,"RF_CH4",0.485310723302099,"W/m2"
"4103","Reference",1991,"RF_CH4",0.489364622586823,"W/m2"
"4104","Reference",1992,"RF_CH4",0.493548364111699,"W/m2"
"4105","Reference",1993,"RF_CH4",0.493922043328473,"W/m2"
"4106","Reference",1994,"RF_CH4",0.496073952833185,"W/m2"
"4107","Reference",1995,"RF_CH4",0.498702121366952,"W/m2"
"4108","Reference",1996,"RF_CH4",0.499609193926062,"W/m2"
"4109","Reference",1997,"RF_CH4",0.500813526712812,"W/m2"
"4110","Reference",1998,"RF_CH4",0.505058566280141,"W/m2"
"4111","Reference",1999,"RF_CH4",0.507634235432734,"W/m2"
"4112","Reference",2000,"RF_CH4",0.507957688055458,"W/m2"
"4113","Reference",2001,"RF_CH4",0.507185443804534,"W/m2"
"4114","Reference",2002,"RF_CH4",0.507685134013523,"W/m2"
"4115","Reference",2003,"RF_CH4",0.509461293779024,"W/m2"
"4116","Reference",2004,"RF_CH4",0.509322690449625,"W/m2"
"4117","Reference",2005,"RF_CH4",0.508209119830339,"W/m2"
"4118","Reference",2006,"RF_CH4",0.508447975044329,"W/m2"
"4119","Reference",2007,"RF_CH4",0.510883834333941,"W/m2"
"4120","Reference",2008,"RF_CH4",0.513019848403273,"W/m2"
"4121","Reference",2009,"RF_CH4",0.515491269704522,"W/m2"
"4122","Reference",2010,"RF_CH4",0.517493361334041,"W/m2"
"4123","Reference",2011,"RF_CH4",0.519069989498705,"W/m2"
"4124","Reference",2012,"RF_CH4",0.520946916957813,"W/m2"
"4125","Reference",2013,"RF_CH4",0.522922697627493,"W/m2"
"4126","Reference",2014,"RF_CH4",0.526342823497222,"W/m2"
"4127","Reference",2015,"RF_CH4",0.530751577416176,"W/m2"
"4128","Reference",2016,"RF_CH4",0.534057808954286,"W/m2"
"4129","Reference",2017,"RF_CH4",0.536438576371164,"W/m2"
"4130","Reference",2018,"RF_CH4",0.539312787057032,"W/m2"
"4131","Reference",2019,"RF_CH4",0.542705687739315,"W/m2"
"4132","Reference",2020,"RF_CH4",0.547201460145659,"W/m2"
"4133","Reference",2021,"RF_CH4",0.55311465052378,"W/m2"
"4134","Reference",2022,"RF_CH4",0.559030736911913,"W/m2"
"4135","Reference",2023,"RF_CH4",0.563810086476588,"W/m2"
"4136","Reference",2024,"RF_CH4",0.570295870365258,"W/m2"
"4137","Reference",2025,"RF_CH4",0.578295906515455,"W/m2"
"4138","Reference",2026,"RF_CH4",0.586247792036266,"W/m2"
"4139","Reference",2027,"RF_CH4",0.594156648056431,"W/m2"
"4140","Reference",2028,"RF_CH4",0.602026438372646,"W/m2"
"4141","Reference",2029,"RF_CH4",0.609859516006311,"W/m2"
"4142","Reference",2030,"RF_CH4",0.617657679394166,"W/m2"
"4143","Reference",2031,"RF_CH4",0.625445400893614,"W/m2"
"4144","Reference",2032,"RF_CH4",0.633222169751691,"W/m2"
"4145","Reference",2033,"RF_CH4",0.640986176496503,"W/m2"
"4146","Reference",2034,"RF_CH4",0.648736616531212,"W/m2"
"4147","Reference",2035,"RF_CH4",0.656473022987931,"W/m2"
"4148","Reference",2036,"RF_CH4",0.663991325909609,"W/m2"
"4149","Reference",2037,"RF_CH4",0.671307823024672,"W/m2"
"4150","Reference",2038,"RF_CH4",0.678437550944889,"W/m2"
"4151","Reference",2039,"RF_CH4",0.685394085949795,"W/m2"
"4152","Reference",2040,"RF_CH4",0.692189773467243,"W/m2"
"4153","Reference",2041,"RF_CH4",0.698931550711095,"W/m2"
"4154","Reference",2042,"RF_CH4",0.70562095707655,"W/m2"
"4155","Reference",2043,"RF_CH4",0.712259436461816,"W/m2"
"4156","Reference",2044,"RF_CH4",0.718848485499624,"W/m2"
"4157","Reference",2045,"RF_CH4",0.725389566042586,"W/m2"
"4158","Reference",2046,"RF_CH4",0.731820386951599,"W/m2"
"4159","Reference",2047,"RF_CH4",0.738147271902931,"W/m2"
"4160","Reference",2048,"RF_CH4",0.74437586493263,"W/m2"
"4161","Reference",2049,"RF_CH4",0.750511426263674,"W/m2"
"4162","Reference",2050,"RF_CH4",0.756558823913152,"W/m2"
"4163","Reference",2051,"RF_CH4",0.762513146894754,"W/m2"
"4164","Reference",2052,"RF_CH4",0.768379346557821,"W/m2"
"4165","Reference",2053,"RF_CH4",0.774161977882609,"W/m2"
"4166","Reference",2054,"RF_CH4",0.779865308092643,"W/m2"
"4167","Reference",2055,"RF_CH4",0.785493303651499,"W/m2"
"4168","Reference",2056,"RF_CH4",0.791037838380341,"W/m2"
"4169","Reference",2057,"RF_CH4",0.79650316921501,"W/m2"
"4170","Reference",2058,"RF_CH4",0.801893212632508,"W/m2"
"4171","Reference",2059,"RF_CH4",0.807211625173196,"W/m2"
"4172","Reference",2060,"RF_CH4",0.812461804903848,"W/m2"
"4173","Reference",2061,"RF_CH4",0.817541518142597,"W/m2"
"4174","Reference",2062,"RF_CH4",0.822462161244851,"W/m2"
"4175","Reference",2063,"RF_CH4",0.827234261246686,"W/m2"
"4176","Reference",2064,"RF_CH4",0.831867473548213,"W/m2"
"4177","Reference",2065,"RF_CH4",0.836370690822733,"W/m2"
"4178","Reference",2066,"RF_CH4",0.840727753110885,"W/m2"
"4179","Reference",2067,"RF_CH4",0.844948144587749,"W/m2"
"4180","Reference",2068,"RF_CH4",0.849040557875065,"W/m2"
"4181","Reference",2069,"RF_CH4",0.85301306279138,"W/m2"
"4182","Reference",2070,"RF_CH4",0.856873131911538,"W/m2"
"4183","Reference",2071,"RF_CH4",0.860599767830873,"W/m2"
"4184","Reference",2072,"RF_CH4",0.864201679521927,"W/m2"
"4185","Reference",2073,"RF_CH4",0.867686995744751,"W/m2"
"4186","Reference",2074,"RF_CH4",0.871063196331305,"W/m2"
"4187","Reference",2075,"RF_CH4",0.874337197175536,"W/m2"
"4188","Reference",2076,"RF_CH4",0.877472346379553,"W/m2"
"4189","Reference",2077,"RF_CH4",0.880477993428788,"W/m2"
"4190","Reference",2078,"RF_CH4",0.883362957053147,"W/m2"
"4191","Reference",2079,"RF_CH4",0.886135259495171,"W/m2"
"4192","Reference",2080,"RF_CH4",0.888802289165408,"W/m2"
"4193","Reference",2081,"RF_CH4",0.891341191771083,"W/m2"
"4194","Reference",2082,"RF_CH4",0.893760436920122,"W/m2"
"4195","Reference",2083,"RF_CH4",0.896067967860807,"W/m2"
"4196","Reference",2084,"RF_CH4",0.898271081230959,"W/m2"
"4197","Reference",2085,"RF_CH4",0.900376525139185,"W/m2"
"4198","Reference",2086,"RF_CH4",0.902312138243301,"W/m2"
"4199","Reference",2087,"RF_CH4",0.904089172327505,"W/m2"
"4200","Reference",2088,"RF_CH4",0.905718188625154,"W/m2"
"4201","Reference",2089,"RF_CH4",0.907208883355181,"W/m2"
"4202","Reference",2090,"RF_CH4",0.908570238635037,"W/m2"
"4203","Reference",2091,"RF_CH4",0.909767163754883,"W/m2"
"4204","Reference",2092,"RF_CH4",0.910810534042957,"W/m2"
"4205","Reference",2093,"RF_CH4",0.911710502957672,"W/m2"
"4206","Reference",2094,"RF_CH4",0.912476459390582,"W/m2"
"4207","Reference",2095,"RF_CH4",0.91311712121396,"W/m2"
"4208","Reference",2096,"RF_CH4",0.913616514773237,"W/m2"
"4209","Reference",2097,"RF_CH4",0.913983878614801,"W/m2"
"4210","Reference",2098,"RF_CH4",0.914227905121551,"W/m2"
"4211","Reference",2099,"RF_CH4",0.914356621830954,"W/m2"
"4212","Reference",2100,"RF_CH4",0.914377488276057,"W/m2"
"4213","Reference",1750,"RF_CO2",0,"W/m2"
"4214","Reference",1751,"RF_CO2",0.000558111230476269,"W/m2"
"4215","Reference",1752,"RF_CO2",0.00124822828083406,"W/m2"
"4216","Reference",1753,"RF_CO2",0.00207969373924281,"W/m2"
"4217","Reference",1754,"RF_CO2",0.00292134721445683,"W/m2"
"4218","Reference",1755,"RF_CO2",0.00372366677860366,"W/m2"
"4219","Reference",1756,"RF_CO2",0.00446297168010141,"W/m2"
"4220","Reference",1757,"RF_CO2",0.00497234464849798,"W/m2"
"4221","Reference",1758,"RF_CO2",0.00536202560029278,"W/m2"
"4222","Reference",1759,"RF_CO2",0.00586238386770144,"W/m2"
"4223","Reference",1760,"RF_CO2",0.00646674445040225,"W/m2"
"4224","Reference",1761,"RF_CO2",0.00711266630655419,"W/m2"
"4225","Reference",1762,"RF_CO2",0.00776781734448507,"W/m2"
"4226","Reference",1763,"RF_CO2",0.00770762598094828,"W/m2"
"4227","Reference",1764,"RF_CO2",0.00712799157103684,"W/m2"
"4228","Reference",1765,"RF_CO2",0.00697725784176183,"W/m2"
"4229","Reference",1766,"RF_CO2",0.00737851312788287,"W/m2"
"4230","Reference",1767,"RF_CO2",0.00782811033615002,"W/m2"
"4231","Reference",1768,"RF_CO2",0.00807636238368234,"W/m2"
"4232","Reference",1769,"RF_CO2",0.00843812640124436,"W/m2"
"4233","Reference",1770,"RF_CO2",0.00907924091323072,"W/m2"
"4234","Reference",1771,"RF_CO2",0.00978246126766666,"W/m2"
"4235","Reference",1772,"RF_CO2",0.0104742153260136,"W/m2"
"4236","Reference",1773,"RF_CO2",0.0112315494445724,"W/m2"
"4237","Reference",1774,"RF_CO2",0.0120435560463627,"W/m2"
"4238","Reference",1775,"RF_CO2",0.0128554798300582,"W/m2"
"4239","Reference",1776,"RF_CO2",0.013647686631906,"W/m2"
"4240","Reference",1777,"RF_CO2",0.0144255457190627,"W/m2"
"4241","Reference",1778,"RF_CO2",0.0151808949445813,"W/m2"
"4242","Reference",1779,"RF_CO2",0.0159117026272388,"W/m2"
"4243","Reference",1780,"RF_CO2",0.0166269051026143,"W/m2"
"4244","Reference",1781,"RF_CO2",0.017327911271625,"W/m2"
"4245","Reference",1782,"RF_CO2",0.0180250090315823,"W/m2"
"4246","Reference",1783,"RF_CO2",0.0187222232617143,"W/m2"
"4247","Reference",1784,"RF_CO2",0.0180172949801245,"W/m2"
"4248","Reference",1785,"RF_CO2",0.0145772716205082,"W/m2"
"4249","Reference",1786,"RF_CO2",0.0111042679149996,"W/m2"
"4250","Reference",1787,"RF_CO2",0.00983680589255286,"W/m2"
"4251","Reference",1788,"RF_CO2",0.0103461053634553,"W/m2"
"4252","Reference",1789,"RF_CO2",0.0119051032440336,"W/m2"
"4253","Reference",1790,"RF_CO2",0.0139604600512162,"W/m2"
"4254","Reference",1791,"RF_CO2",0.016178011930436,"W/m2"
"4255","Reference",1792,"RF_CO2",0.0184042034790123,"W/m2"
"4256","Reference",1793,"RF_CO2",0.0205772189897044,"W/m2"
"4257","Reference",1794,"RF_CO2",0.022680230515256,"W/m2"
"4258","Reference",1795,"RF_CO2",0.024710361683693,"W/m2"
"4259","Reference",1796,"RF_CO2",0.0266892098077549,"W/m2"
"4260","Reference",1797,"RF_CO2",0.0285529297041928,"W/m2"
"4261","Reference",1798,"RF_CO2",0.0302328971304069,"W/m2"
"4262","Reference",1799,"RF_CO2",0.0318860791427968,"W/m2"
"4263","Reference",1800,"RF_CO2",0.0336849970798318,"W/m2"
"4264","Reference",1801,"RF_CO2",0.0356338161995368,"W/m2"
"4265","Reference",1802,"RF_CO2",0.0376805152015089,"W/m2"
"4266","Reference",1803,"RF_CO2",0.0398063757923885,"W/m2"
"4267","Reference",1804,"RF_CO2",0.04196208103627,"W/m2"
"4268","Reference",1805,"RF_CO2",0.044162679407306,"W/m2"
"4269","Reference",1806,"RF_CO2",0.0463952915602673,"W/m2"
"4270","Reference",1807,"RF_CO2",0.0485507865139313,"W/m2"
"4271","Reference",1808,"RF_CO2",0.0506575534064784,"W/m2"
"4272","Reference",1809,"RF_CO2",0.0527131305610314,"W/m2"
"4273","Reference",1810,"RF_CO2",0.0520830837654316,"W/m2"
"4274","Reference",1811,"RF_CO2",0.049530279798471,"W/m2"
"4275","Reference",1812,"RF_CO2",0.04847169690578,"W/m2"
"4276","Reference",1813,"RF_CO2",0.0496331392048255,"W/m2"
"4277","Reference",1814,"RF_CO2",0.0522008504174377,"W/m2"
"4278","Reference",1815,"RF_CO2",0.0554247645252943,"W/m2"
"4279","Reference",1816,"RF_CO2",0.0563125011279854,"W/m2"
"4280","Reference",1817,"RF_CO2",0.0537251997307773,"W/m2"
"4281","Reference",1818,"RF_CO2",0.0517718815496527,"W/m2"
"4282","Reference",1819,"RF_CO2",0.0528990623485576,"W/m2"
"4283","Reference",1820,"RF_CO2",0.0562050030710009,"W/m2"
"4284","Reference",1821,"RF_CO2",0.060558078752426,"W/m2"
"4285","Reference",1822,"RF_CO2",0.0651799284484773,"W/m2"
"4286","Reference",1823,"RF_CO2",0.0697193705244446,"W/m2"
"4287","Reference",1824,"RF_CO2",0.0738653390820765,"W/m2"
"4288","Reference",1825,"RF_CO2",0.0777728276860515,"W/m2"
"4289","Reference",1826,"RF_CO2",0.0817926269181851,"W/m2"
"4290","Reference",1827,"RF_CO2",0.0859276750254652,"W/m2"
"4291","Reference",1828,"RF_CO2",0.0901158542701835,"W/m2"
"4292","Reference",1829,"RF_CO2",0.094291230323193,"W/m2"
"4293","Reference",1830,"RF_CO2",0.0984406425124803,"W/m2"
"4294","Reference",1831,"RF_CO2",0.102620990403662,"W/m2"
"4295","Reference",1832,"RF_CO2",0.105019158402885,"W/m2"
"4296","Reference",1833,"RF_CO2",0.10604957544289,"W/m2"
"4297","Reference",1834,"RF_CO2",0.108087236605504,"W/m2"
"4298","Reference",1835,"RF_CO2",0.111595878106895,"W/m2"
"4299","Reference",1836,"RF_CO2",0.114743798905304,"W/m2"
"4300","Reference",1837,"RF_CO2",0.117355857282443,"W/m2"
"4301","Reference",1838,"RF_CO2",0.120848171164395,"W/m2"
"4302","Reference",1839,"RF_CO2",0.125433250606489,"W/m2"
"4303","Reference",1840,"RF_CO2",0.130660119804288,"W/m2"
"4304","Reference",1841,"RF_CO2",0.136164513547228,"W/m2"
"4305","Reference",1842,"RF_CO2",0.141741533938662,"W/m2"
"4306","Reference",1843,"RF_CO2",0.147316486200275,"W/m2"
"4307","Reference",1844,"RF_CO2",0.152868291661011,"W/m2"
"4308","Reference",1845,"RF_CO2",0.158417643997282,"W/m2"
"4309","Reference",1846,"RF_CO2",0.163979976039911,"W/m2"
"4310","Reference",1847,"RF_CO2",0.169418200512448,"W/m2"
"4311","Reference",1848,"RF_CO2",0.174804593198312,"W/m2"
"4312","Reference",1849,"RF_CO2",0.180293286460062,"W/m2"
"4313","Reference",1850,"RF_CO2",0.185951801861651,"W/m2"
"4314","Reference",1851,"RF_CO2",0.191633148891155,"W/m2"
"4315","Reference",1852,"RF_CO2",0.197719739610575,"W/m2"
"4316","Reference",1853,"RF_CO2",0.203866301736807,"W/m2"
"4317","Reference",1854,"RF_CO2",0.209682284984756,"W/m2"
"4318","Reference",1855,"RF_CO2",0.215148154452274,"W/m2"
"4319","Reference",1856,"RF_CO2",0.220332545918544,"W/m2"
"4320","Reference",1857,"RF_CO2",0.22567843466862,"W/m2"
"4321","Reference",1858,"RF_CO2",0.230687717042692,"W/m2"
"4322","Reference",1859,"RF_CO2",0.235551153149708,"W/m2"
"4323","Reference",1860,"RF_CO2",0.240563309497907,"W/m2"
"4324","Reference",1861,"RF_CO2",0.244959668800733,"W/m2"
"4325","Reference",1862,"RF_CO2",0.249244031801792,"W/m2"
"4326","Reference",1863,"RF_CO2",0.252742120440207,"W/m2"
"4327","Reference",1864,"RF_CO2",0.255767771343835,"W/m2"
"4328","Reference",1865,"RF_CO2",0.258988687022428,"W/m2"
"4329","Reference",1866,"RF_CO2",0.262503349062751,"W/m2"
"4330","Reference",1867,"RF_CO2",0.266274519448584,"W/m2"
"4331","Reference",1868,"RF_CO2",0.270013094467222,"W/m2"
"4332","Reference",1869,"RF_CO2",0.27362011434124,"W/m2"
"4333","Reference",1870,"RF_CO2",0.277300734082509,"W/m2"
"4334","Reference",1871,"RF_CO2",0.281470349615406,"W/m2"
"4335","Reference",1872,"RF_CO2",0.285607028437046,"W/m2"
"4336","Reference",1873,"RF_CO2",0.290274061298549,"W/m2"
"4337","Reference",1874,"RF_CO2",0.294339067187924,"W/m2"
"4338","Reference",1875,"RF_CO2",0.298486600674336,"W/m2"
"4339","Reference",1876,"RF_CO2",0.30273450628492,"W/m2"
"4340","Reference",1877,"RF_CO2",0.30687062049724,"W/m2"
"4341","Reference",1878,"RF_CO2",0.310639837546478,"W/m2"
"4342","Reference",1879,"RF_CO2",0.314531937275908,"W/m2"
"4343","Reference",1880,"RF_CO2",0.318353092392046,"W/m2"
"4344","Reference",1881,"RF_CO2",0.322442723017342,"W/m2"
"4345","Reference",1882,"RF_CO2",0.326307407666797,"W/m2"
"4346","Reference",1883,"RF_CO2",0.330528317076428,"W/m2"
"4347","Reference",1884,"RF_CO2",0.334115684572825,"W/m2"
"4348","Reference",1885,"RF_CO2",0.336328323210859,"W/m2"
"4349","Reference",1886,"RF_CO2",0.337934439723764,"W/m2"
"4350","Reference",1887,"RF_CO2",0.340674587732699,"W/m2"
"4351","Reference",1888,"RF_CO2",0.344720981397024,"W/m2"
"4352","Reference",1889,"RF_CO2",0.349091035201615,"W/m2"
"4353","Reference",1890,"RF_CO2",0.353893025782516,"W/m2"
"4354","Reference",1891,"RF_CO2",0.359440589252962,"W/m2"
"4355","Reference",1892,"RF_CO2",0.365197348237593,"W/m2"
"4356","Reference",1893,"RF_CO2",0.370624335523561,"W/m2"
"4357","Reference",1894,"RF_CO2",0.376521061650572,"W/m2"
"4358","Reference",1895,"RF_CO2",0.382535736421333,"W/m2"
"4359","Reference",1896,"RF_CO2",0.38863961815778,"W/m2"
"4360","Reference",1897,"RF_CO2",0.394559251284436,"W/m2"
"4361","Reference",1898,"RF_CO2",0.400866074151197,"W/m2"
"4362","Reference",1899,"RF_CO2",0.407084917941223,"W/m2"
"4363","Reference",1900,"RF_CO2",0.41368331822632,"W/m2"
"4364","Reference",1901,"RF_CO2",0.420438527384554,"W/m2"
"4365","Reference",1902,"RF_CO2",0.42723145397421,"W/m2"
"4366","Reference",1903,"RF_CO2",0.434118301149526,"W/m2"
"4367","Reference",1904,"RF_CO2",0.440461230026633,"W/m2"
"4368","Reference",1905,"RF_CO2",0.446539794312101,"W/m2"
"4369","Reference",1906,"RF_CO2",0.453753492190081,"W/m2"
"4370","Reference",1907,"RF_CO2",0.461321813461009,"W/m2"
"4371","Reference",1908,"RF_CO2",0.469083999985059,"W/m2"
"4372","Reference",1909,"RF_CO2",0.476449474296587,"W/m2"
"4373","Reference",1910,"RF_CO2",0.484057394142066,"W/m2"
"4374","Reference",1911,"RF_CO2",0.491225454077553,"W/m2"
"4375","Reference",1912,"RF_CO2",0.49839938796154,"W/m2"
"4376","Reference",1913,"RF_CO2",0.50494821724082,"W/m2"
"4377","Reference",1914,"RF_CO2",0.510971853405888,"W/m2"
"4378","Reference",1915,"RF_CO2",0.516340544491719,"W/m2"
"4379","Reference",1916,"RF_CO2",0.521790844349337,"W/m2"
"4380","Reference",1917,"RF_CO2",0.527718782494944,"W/m2"
"4381","Reference",1918,"RF_CO2",0.533797911016997,"W/m2"
"4382","Reference",1919,"RF_CO2",0.5395225479483,"W/m2"
"4383","Reference",1920,"RF_CO2",0.543959837337981,"W/m2"
"4384","Reference",1921,"RF_CO2",0.549623257323774,"W/m2"
"4385","Reference",1922,"RF_CO2",0.554676031441802,"W/m2"
"4386","Reference",1923,"RF_CO2",0.559878141620335,"W/m2"
"4387","Reference",1924,"RF_CO2",0.565914467354752,"W/m2"
"4388","Reference",1925,"RF_CO2",0.571806615420004,"W/m2"
"4389","Reference",1926,"RF_CO2",0.577696041797686,"W/m2"
"4390","Reference",1927,"RF_CO2",0.583425065171179,"W/m2"
"4391","Reference",1928,"RF_CO2",0.589737112068266,"W/m2"
"4392","Reference",1929,"RF_CO2",0.595734581918937,"W/m2"
"4393","Reference",1930,"RF_CO2",0.601935171613262,"W/m2"
"4394","Reference",1931,"RF_CO2",0.607399845445074,"W/m2"
"4395","Reference",1932,"RF_CO2",0.612442601189452,"W/m2"
"4396","Reference",1933,"RF_CO2",0.616794358124801,"W/m2"
"4397","Reference",1934,"RF_CO2",0.621595202067717,"W/m2"
"4398","Reference",1935,"RF_CO2",0.627076725893703,"W/m2"
"4399","Reference",1936,"RF_CO2",0.632625907565485,"W/m2"
"4400","Reference",1937,"RF_CO2",0.638864557756579,"W/m2"
"4401","Reference",1938,"RF_CO2",0.645600281252001,"W/m2"
"4402","Reference",1939,"RF_CO2",0.651622329222306,"W/m2"
"4403","Reference",1940,"RF_CO2",0.657886474519066,"W/m2"
"4404","Reference",1941,"RF_CO2",0.665167941706734,"W/m2"
"4405","Reference",1942,"RF_CO2",0.673006650976795,"W/m2"
"4406","Reference",1943,"RF_CO2",0.680612990203566,"W/m2"
"4407","Reference",1944,"RF_CO2",0.688227832670583,"W/m2"
"4408","Reference",1945,"RF_CO2",0.695458378643672,"W/m2"
"4409","Reference",1946,"RF_CO2",0.700793275117269,"W/m2"
"4410","Reference",1947,"RF_CO2",0.706672524846466,"W/m2"
"4411","Reference",1948,"RF_CO2",0.713527966541946,"W/m2"
"4412","Reference",1949,"RF_CO2",0.72057979838331,"W/m2"
"4413","Reference",1950,"RF_CO2",0.727031108131851,"W/m2"
"4414","Reference",1951,"RF_CO2",0.735896559188707,"W/m2"
"4415","Reference",1952,"RF_CO2",0.74602372942936,"W/m2"
"4416","Reference",1953,"RF_CO2",0.755792512400996,"W/m2"
"4417","Reference",1954,"RF_CO2",0.765773309053727,"W/m2"
"4418","Reference",1955,"RF_CO2",0.7765929428882,"W/m2"
"4419","Reference",1956,"RF_CO2",0.788581602700608,"W/m2"
"4420","Reference",1957,"RF_CO2",0.80122490747919,"W/m2"
"4421","Reference",1958,"RF_CO2",0.814085139098038,"W/m2"
"4422","Reference",1959,"RF_CO2",0.826840293591757,"W/m2"
"4423","Reference",1960,"RF_CO2",0.841170287844156,"W/m2"
"4424","Reference",1961,"RF_CO2",0.853922975466018,"W/m2"
"4425","Reference",1962,"RF_CO2",0.866606043674761,"W/m2"
"4426","Reference",1963,"RF_CO2",0.878472062669071,"W/m2"
"4427","Reference",1964,"RF_CO2",0.890078974325996,"W/m2"
"4428","Reference",1965,"RF_CO2",0.901149758950192,"W/m2"
"4429","Reference",1966,"RF_CO2",0.912694322508697,"W/m2"
"4430","Reference",1967,"RF_CO2",0.924819698276304,"W/m2"
"4431","Reference",1968,"RF_CO2",0.938134972717292,"W/m2"
"4432","Reference",1969,"RF_CO2",0.952375715214882,"W/m2"
"4433","Reference",1970,"RF_CO2",0.968780597389125,"W/m2"
"4434","Reference",1971,"RF_CO2",0.986424824490522,"W/m2"
"4435","Reference",1972,"RF_CO2",1.0032311127553,"W/m2"
"4436","Reference",1973,"RF_CO2",1.02139767290555,"W/m2"
"4437","Reference",1974,"RF_CO2",1.04055192157148,"W/m2"
"4438","Reference",1975,"RF_CO2",1.05868684916871,"W/m2"
"4439","Reference",1976,"RF_CO2",1.07579031850456,"W/m2"
"4440","Reference",1977,"RF_CO2",1.09413825275031,"W/m2"
"4441","Reference",1978,"RF_CO2",1.11408787091648,"W/m2"
"4442","Reference",1979,"RF_CO2",1.13441706924787,"W/m2"
"4443","Reference",1980,"RF_CO2",1.15367773355238,"W/m2"
"4444","Reference",1981,"RF_CO2",1.17250432374763,"W/m2"
"4445","Reference",1982,"RF_CO2",1.18990947402792,"W/m2"
"4446","Reference",1983,"RF_CO2",1.20593144440613,"W/m2"
"4447","Reference",1984,"RF_CO2",1.22175747317286,"W/m2"
"4448","Reference",1985,"RF_CO2",1.23993397181865,"W/m2"
"4449","Reference",1986,"RF_CO2",1.25791880900442,"W/m2"
"4450","Reference",1987,"RF_CO2",1.27698411293065,"W/m2"
"4451","Reference",1988,"RF_CO2",1.29657549851037,"W/m2"
"4452","Reference",1989,"RF_CO2",1.3167532499833,"W/m2"
"4453","Reference",1990,"RF_CO2",1.33673716977549,"W/m2"
"4454","Reference",1991,"RF_CO2",1.35748901690146,"W/m2"
"4455","Reference",1992,"RF_CO2",1.37734435867747,"W/m2"
"4456","Reference",1993,"RF_CO2",1.39538175803904,"W/m2"
"4457","Reference",1994,"RF_CO2",1.4118338624575,"W/m2"
"4458","Reference",1995,"RF_CO2",1.43158370093599,"W/m2"
"4459","Reference",1996,"RF_CO2",1.4522802679981,"W/m2"
"4460","Reference",1997,"RF_CO2",1.4752938374022,"W/m2"
"4461","Reference",1998,"RF_CO2",1.50149332214105,"W/m2"
"4462","Reference",1999,"RF_CO2",1.5256322831885,"W/m2"
"4463","Reference",2000,"RF_CO2",1.55012738696265,"W/m2"
"4464","Reference",2001,"RF_CO2",1.57489707283657,"W/m2"
"4465","Reference",2002,"RF_CO2",1.59913754197462,"W/m2"
"4466","Reference",2003,"RF_CO2",1.62480989722423,"W/m2"
"4467","Reference",2004,"RF_CO2",1.65430989382828,"W/m2"
"4468","Reference",2005,"RF_CO2",1.68462495562822,"W/m2"
"4469","Reference",2006,"RF_CO2",1.71533664333368,"W/m2"
"4470","Reference",2007,"RF_CO2",1.74818042768384,"W/m2"
"4471","Reference",2008,"RF_CO2",1.78124096578135,"W/m2"
"4472","Reference",2009,"RF_CO2",1.81470287503239,"W/m2"
"4473","Reference",2010,"RF_CO2",1.84713757982273,"W/m2"
"4474","Reference",2011,"RF_CO2",1.88319034351057,"W/m2"
"4475","Reference",2012,"RF_CO2",1.92001105388756,"W/m2"
"4476","Reference",2013,"RF_CO2",1.9575238919336,"W/m2"
"4477","Reference",2014,"RF_CO2",1.99472704770585,"W/m2"
"4478","Reference",2015,"RF_CO2",2.03238076375506,"W/m2"
"4479","Reference",2016,"RF_CO2",2.06953462056614,"W/m2"
"4480","Reference",2017,"RF_CO2",2.1043903965211,"W/m2"
"4481","Reference",2018,"RF_CO2",2.13940455463752,"W/m2"
"4482","Reference",2019,"RF_CO2",2.17435695287839,"W/m2"
"4483","Reference",2020,"RF_CO2",2.20867655568178,"W/m2"
"4484","Reference",2021,"RF_CO2",2.23901349863805,"W/m2"
"4485","Reference",2022,"RF_CO2",2.27288780779451,"W/m2"
"4486","Reference",2023,"RF_CO2",2.3065980603984,"W/m2"
"4487","Reference",2024,"RF_CO2",2.34235289137983,"W/m2"
"4488","Reference",2025,"RF_CO2",2.37991960200935,"W/m2"
"4489","Reference",2026,"RF_CO2",2.41922779063852,"W/m2"
"4490","Reference",2027,"RF_CO2",2.45775326119757,"W/m2"
"4491","Reference",2028,"RF_CO2",2.49559707863616,"W/m2"
"4492","Reference",2029,"RF_CO2",2.53279446686784,"W/m2"
"4493","Reference",2030,"RF_CO2",2.56935814596304,"W/m2"
"4494","Reference",2031,"RF_CO2",2.60529204162073,"W/m2"
"4495","Reference",2032,"RF_CO2",2.64106862659893,"W/m2"
"4496","Reference",2033,"RF_CO2",2.67669710854008,"W/m2"
"4497","Reference",2034,"RF_CO2",2.7121969384847,"W/m2"
"4498","Reference",2035,"RF_CO2",2.74758637120473,"W/m2"
"4499","Reference",2036,"RF_CO2",2.78288226641272,"W/m2"
"4500","Reference",2037,"RF_CO2",2.8180057887367,"W/m2"
"4501","Reference",2038,"RF_CO2",2.85298312106716,"W/m2"
"4502","Reference",2039,"RF_CO2",2.88783420122635,"W/m2"
"4503","Reference",2040,"RF_CO2",2.92257616901507,"W/m2"
"4504","Reference",2041,"RF_CO2",2.95722474456776,"W/m2"
"4505","Reference",2042,"RF_CO2",2.99187508169648,"W/m2"
"4506","Reference",2043,"RF_CO2",3.02654037619877,"W/m2"
"4507","Reference",2044,"RF_CO2",3.06123494977346,"W/m2"
"4508","Reference",2045,"RF_CO2",3.09597281040746,"W/m2"
"4509","Reference",2046,"RF_CO2",3.13076734612134,"W/m2"
"4510","Reference",2047,"RF_CO2",3.16545430942496,"W/m2"
"4511","Reference",2048,"RF_CO2",3.20004072742408,"W/m2"
"4512","Reference",2049,"RF_CO2",3.2345312500574,"W/m2"
"4513","Reference",2050,"RF_CO2",3.26892949009635,"W/m2"
"4514","Reference",2051,"RF_CO2",3.30323865419712,"W/m2"
"4515","Reference",2052,"RF_CO2",3.3375840342405,"W/m2"
"4516","Reference",2053,"RF_CO2",3.3719552587544,"W/m2"
"4517","Reference",2054,"RF_CO2",3.40634599840041,"W/m2"
"4518","Reference",2055,"RF_CO2",3.44075116142911,"W/m2"
"4519","Reference",2056,"RF_CO2",3.47516635538256,"W/m2"
"4520","Reference",2057,"RF_CO2",3.50964976597113,"W/m2"
"4521","Reference",2058,"RF_CO2",3.54418878886087,"W/m2"
"4522","Reference",2059,"RF_CO2",3.57877352550115,"W/m2"
"4523","Reference",2060,"RF_CO2",3.61339524372451,"W/m2"
"4524","Reference",2061,"RF_CO2",3.64804560211459,"W/m2"
"4525","Reference",2062,"RF_CO2",3.68271644197073,"W/m2"
"4526","Reference",2063,"RF_CO2",3.71739975318263,"W/m2"
"4527","Reference",2064,"RF_CO2",3.75208779013149,"W/m2"
"4528","Reference",2065,"RF_CO2",3.78677380936359,"W/m2"
"4529","Reference",2066,"RF_CO2",3.82145069035821,"W/m2"
"4530","Reference",2067,"RF_CO2",3.8561519336011,"W/m2"
"4531","Reference",2068,"RF_CO2",3.89086553981512,"W/m2"
"4532","Reference",2069,"RF_CO2",3.92558153246126,"W/m2"
"4533","Reference",2070,"RF_CO2",3.96029076469,"W/m2"
"4534","Reference",2071,"RF_CO2",3.9949846686748,"W/m2"
"4535","Reference",2072,"RF_CO2",4.02966265278491,"W/m2"
"4536","Reference",2073,"RF_CO2",4.0643230933925,"W/m2"
"4537","Reference",2074,"RF_CO2",4.09896363559638,"W/m2"
"4538","Reference",2075,"RF_CO2",4.13358179595433,"W/m2"
"4539","Reference",2076,"RF_CO2",4.16817537871268,"W/m2"
"4540","Reference",2077,"RF_CO2",4.20259409285194,"W/m2"
"4541","Reference",2078,"RF_CO2",4.23684637463236,"W/m2"
"4542","Reference",2079,"RF_CO2",4.27093596567612,"W/m2"
"4543","Reference",2080,"RF_CO2",4.30486556900575,"W/m2"
"4544","Reference",2081,"RF_CO2",4.33863758149344,"W/m2"
"4545","Reference",2082,"RF_CO2",4.37226410977845,"W/m2"
"4546","Reference",2083,"RF_CO2",4.40574611349546,"W/m2"
"4547","Reference",2084,"RF_CO2",4.43908436284027,"W/m2"
"4548","Reference",2085,"RF_CO2",4.47227953914767,"W/m2"
"4549","Reference",2086,"RF_CO2",4.50533279575802,"W/m2"
"4550","Reference",2087,"RF_CO2",4.53825980102548,"W/m2"
"4551","Reference",2088,"RF_CO2",4.57105994783681,"W/m2"
"4552","Reference",2089,"RF_CO2",4.60373237655317,"W/m2"
"4553","Reference",2090,"RF_CO2",4.63627650236899,"W/m2"
"4554","Reference",2091,"RF_CO2",4.66869179884144,"W/m2"
"4555","Reference",2092,"RF_CO2",4.70094239910884,"W/m2"
"4556","Reference",2093,"RF_CO2",4.73303104822998,"W/m2"
"4557","Reference",2094,"RF_CO2",4.76495930613969,"W/m2"
"4558","Reference",2095,"RF_CO2",4.79672824878277,"W/m2"
"4559","Reference",2096,"RF_CO2",4.82833888140226,"W/m2"
"4560","Reference",2097,"RF_CO2",4.85978526813493,"W/m2"
"4561","Reference",2098,"RF_CO2",4.89107183101133,"W/m2"
"4562","Reference",2099,"RF_CO2",4.92220192281085,"W/m2"
"4563","Reference",2100,"RF_CO2",4.95317861659747,"W/m2"
"4564","Reference",1750,"RF_tot",0,"W/m2"
"4565","Reference",1751,"RF_tot",0.191353715645752,"W/m2"
"4566","Reference",1752,"RF_tot",0.196188354107289,"W/m2"
"4567","Reference",1753,"RF_tot",0.193991381929059,"W/m2"
"4568","Reference",1754,"RF_tot",0.187219577064879,"W/m2"
"4569","Reference",1755,"RF_tot",0.169358949403722,"W/m2"
"4570","Reference",1756,"RF_tot",-0.0535282508433028,"W/m2"
"4571","Reference",1757,"RF_tot",0.0696950486506147,"W/m2"
"4572","Reference",1758,"RF_tot",0.151338580525009,"W/m2"
"4573","Reference",1759,"RF_tot",0.177158467536503,"W/m2"
"4574","Reference",1760,"RF_tot",0.180611664751162,"W/m2"
"4575","Reference",1761,"RF_tot",0.188564780863106,"W/m2"
"4576","Reference",1762,"RF_tot",-0.713308591205284,"W/m2"
"4577","Reference",1763,"RF_tot",-0.432367238720197,"W/m2"
"4578","Reference",1764,"RF_tot",-0.0190925606700267,"W/m2"
"4579","Reference",1765,"RF_tot",0.114934437124828,"W/m2"
"4580","Reference",1766,"RF_tot",-0.164931589934402,"W/m2"
"4581","Reference",1767,"RF_tot",-0.216413307465849,"W/m2"
"4582","Reference",1768,"RF_tot",0.0318621258942569,"W/m2"
"4583","Reference",1769,"RF_tot",0.140311028439247,"W/m2"
"4584","Reference",1770,"RF_tot",0.0450670547489658,"W/m2"
"4585","Reference",1771,"RF_tot",0.106347848196757,"W/m2"
"4586","Reference",1772,"RF_tot",0.174278584417694,"W/m2"
"4587","Reference",1773,"RF_tot",0.196140062542083,"W/m2"
"4588","Reference",1774,"RF_tot",0.191658499989882,"W/m2"
"4589","Reference",1775,"RF_tot",0.202363751680896,"W/m2"
"4590","Reference",1776,"RF_tot",0.206722993964563,"W/m2"
"4591","Reference",1777,"RF_tot",0.204715069274824,"W/m2"
"4592","Reference",1778,"RF_tot",0.201653181477891,"W/m2"
"4593","Reference",1779,"RF_tot",0.205925077665013,"W/m2"
"4594","Reference",1780,"RF_tot",0.198393366155206,"W/m2"
"4595","Reference",1781,"RF_tot",0.204774618934308,"W/m2"
"4596","Reference",1782,"RF_tot",0.205657063826626,"W/m2"
"4597","Reference",1783,"RF_tot",-1.58445504249404,"W/m2"
"4598","Reference",1784,"RF_tot",-3.45623694043627,"W/m2"
"4599","Reference",1785,"RF_tot",-1.3062425293432,"W/m2"
"4600","Reference",1786,"RF_tot",-0.468198690271844,"W/m2"
"4601","Reference",1787,"RF_tot",-0.0828104587574479,"W/m2"
"4602","Reference",1788,"RF_tot",0.0915634067190159,"W/m2"
"4603","Reference",1789,"RF_tot",0.162854314063299,"W/m2"
"4604","Reference",1790,"RF_tot",0.186165361093723,"W/m2"
"4605","Reference",1791,"RF_tot",0.203866757774287,"W/m2"
"4606","Reference",1792,"RF_tot",0.212497113398787,"W/m2"
"4607","Reference",1793,"RF_tot",0.21404467420236,"W/m2"
"4608","Reference",1794,"RF_tot",0.203420727992053,"W/m2"
"4609","Reference",1795,"RF_tot",0.212565851017228,"W/m2"
"4610","Reference",1796,"RF_tot",0.0878169574616818,"W/m2"
"4611","Reference",1797,"RF_tot",-0.0121043796589484,"W/m2"
"4612","Reference",1798,"RF_tot",0.0873306843518669,"W/m2"
"4613","Reference",1799,"RF_tot",0.172153909447721,"W/m2"
"4614","Reference",1800,"RF_tot",0.199599687558996,"W/m2"
"4615","Reference",1801,"RF_tot",0.21723158401016,"W/m2"
"4616","Reference",1802,"RF_tot",0.220908850475758,"W/m2"
"4617","Reference",1803,"RF_tot",0.229490712224786,"W/m2"
"4618","Reference",1804,"RF_tot",0.23806861217794,"W/m2"
"4619","Reference",1805,"RF_tot",0.231414318201147,"W/m2"
"4620","Reference",1806,"RF_tot",0.238440521979681,"W/m2"
"4621","Reference",1807,"RF_tot",0.238308284166885,"W/m2"
"4622","Reference",1808,"RF_tot",0.231159933220296,"W/m2"
"4623","Reference",1809,"RF_tot",-3.31336228898542,"W/m2"
"4624","Reference",1810,"RF_tot",-2.26238277146494,"W/m2"
"4625","Reference",1811,"RF_tot",-0.655787364522026,"W/m2"
"4626","Reference",1812,"RF_tot",-0.0572701972094276,"W/m2"
"4627","Reference",1813,"RF_tot",0.143533368460874,"W/m2"
"4628","Reference",1814,"RF_tot",0.202260517533903,"W/m2"
"4629","Reference",1815,"RF_tot",-3.28101828276966,"W/m2"
"4630","Reference",1816,"RF_tot",-4.26663481423037,"W/m2"
"4631","Reference",1817,"RF_tot",-1.45931627576028,"W/m2"
"4632","Reference",1818,"RF_tot",-0.341690701735369,"W/m2"
"4633","Reference",1819,"RF_tot",0.0475637904247972,"W/m2"
"4634","Reference",1820,"RF_tot",0.174643072469901,"W/m2"
"4635","Reference",1821,"RF_tot",0.123565004832117,"W/m2"
"4636","Reference",1822,"RF_tot",0.132693343882943,"W/m2"
"4637","Reference",1823,"RF_tot",-0.192563978085714,"W/m2"
"4638","Reference",1824,"RF_tot",0.0562984752714033,"W/m2"
"4639","Reference",1825,"RF_tot",0.192900447216943,"W/m2"
"4640","Reference",1826,"RF_tot",0.251654626107954,"W/m2"
"4641","Reference",1827,"RF_tot",0.269937783547485,"W/m2"
"4642","Reference",1828,"RF_tot",0.268469278523535,"W/m2"
"4643","Reference",1829,"RF_tot",0.278937066841062,"W/m2"
"4644","Reference",1830,"RF_tot",0.280622615457321,"W/m2"
"4645","Reference",1831,"RF_tot",-2.13684346927607,"W/m2"
"4646","Reference",1832,"RF_tot",-1.38541444619794,"W/m2"
"4647","Reference",1833,"RF_tot",-0.308603481793942,"W/m2"
"4648","Reference",1834,"RF_tot",0.0826560618899419,"W/m2"
"4649","Reference",1835,"RF_tot",-1.55123147812168,"W/m2"
"4650","Reference",1836,"RF_tot",-0.956526991535176,"W/m2"
"4651","Reference",1837,"RF_tot",-0.150909702917093,"W/m2"
"4652","Reference",1838,"RF_tot",0.144493824889484,"W/m2"
"4653","Reference",1839,"RF_tot",0.2503328372683,"W/m2"
"4654","Reference",1840,"RF_tot",0.285955947369065,"W/m2"
"4655","Reference",1841,"RF_tot",0.302058371276262,"W/m2"
"4656","Reference",1842,"RF_tot",0.311613711031558,"W/m2"
"4657","Reference",1843,"RF_tot",0.325147659920814,"W/m2"
"4658","Reference",1844,"RF_tot",0.335017712197138,"W/m2"
"4659","Reference",1845,"RF_tot",0.331703089196672,"W/m2"
"4660","Reference",1846,"RF_tot",0.16072148630648,"W/m2"
"4661","Reference",1847,"RF_tot",0.215380266517692,"W/m2"
"4662","Reference",1848,"RF_tot",0.2908361453312,"W/m2"
"4663","Reference",1849,"RF_tot",0.328312419564415,"W/m2"
"4664","Reference",1850,"RF_tot",0.341029241917286,"W/m2"
"4665","Reference",1851,"RF_tot",0.359128829602289,"W/m2"
"4666","Reference",1852,"RF_tot",0.364650526710482,"W/m2"
"4667","Reference",1853,"RF_tot",0.203796134913744,"W/m2"
"4668","Reference",1854,"RF_tot",0.165564849319896,"W/m2"
"4669","Reference",1855,"RF_tot",0.306321153310706,"W/m2"
"4670","Reference",1856,"RF_tot",0.31873554977188,"W/m2"
"4671","Reference",1857,"RF_tot",0.154271984483504,"W/m2"
"4672","Reference",1858,"RF_tot",0.28852582735192,"W/m2"
"4673","Reference",1859,"RF_tot",0.359128166838807,"W/m2"
"4674","Reference",1860,"RF_tot",0.383966514187936,"W/m2"
"4675","Reference",1861,"RF_tot",0.332208743376077,"W/m2"
"4676","Reference",1862,"RF_tot",-0.40332500963865,"W/m2"
"4677","Reference",1863,"RF_tot",-0.028298203517849,"W/m2"
"4678","Reference",1864,"RF_tot",0.273927354199853,"W/m2"
"4679","Reference",1865,"RF_tot",0.371816992973405,"W/m2"
"4680","Reference",1866,"RF_tot",0.413427351244784,"W/m2"
"4681","Reference",1867,"RF_tot",0.421815753891779,"W/m2"
"4682","Reference",1868,"RF_tot",0.421591986778216,"W/m2"
"4683","Reference",1869,"RF_tot",0.431662377866556,"W/m2"
"4684","Reference",1870,"RF_tot",0.429567785874792,"W/m2"
"4685","Reference",1871,"RF_tot",0.439863402574415,"W/m2"
"4686","Reference",1872,"RF_tot",0.443234413175466,"W/m2"
"4687","Reference",1873,"RF_tot",0.229358183287113,"W/m2"
"4688","Reference",1874,"RF_tot",0.345884706112014,"W/m2"
"4689","Reference",1875,"RF_tot",0.374243393574951,"W/m2"
"4690","Reference",1876,"RF_tot",0.382006829353704,"W/m2"
"4691","Reference",1877,"RF_tot",0.424340356509637,"W/m2"
"4692","Reference",1878,"RF_tot",0.44118396193768,"W/m2"
"4693","Reference",1879,"RF_tot",0.438945763400374,"W/m2"
"4694","Reference",1880,"RF_tot",0.400065920327849,"W/m2"
"4695","Reference",1881,"RF_tot",0.399791088538537,"W/m2"
"4696","Reference",1882,"RF_tot",0.440163198453447,"W/m2"
"4697","Reference",1883,"RF_tot",-0.0651161624332797,"W/m2"
"4698","Reference",1884,"RF_tot",-1.55555272674356,"W/m2"
"4699","Reference",1885,"RF_tot",-0.384173646850298,"W/m2"
"4700","Reference",1886,"RF_tot",0.178294238485738,"W/m2"
"4701","Reference",1887,"RF_tot",0.234134261528163,"W/m2"
"4702","Reference",1888,"RF_tot",0.380680508975869,"W/m2"
"4703","Reference",1889,"RF_tot",0.441136421345592,"W/m2"
"4704","Reference",1890,"RF_tot",0.318056759152487,"W/m2"
"4705","Reference",1891,"RF_tot",0.155829256433591,"W/m2"
"4706","Reference",1892,"RF_tot",0.344879923576295,"W/m2"
"4707","Reference",1893,"RF_tot",0.458165433148233,"W/m2"
"4708","Reference",1894,"RF_tot",0.455824552909586,"W/m2"
"4709","Reference",1895,"RF_tot",0.460902808548551,"W/m2"
"4710","Reference",1896,"RF_tot",0.464320711560299,"W/m2"
"4711","Reference",1897,"RF_tot",0.458784792093158,"W/m2"
"4712","Reference",1898,"RF_tot",0.458275235257789,"W/m2"
"4713","Reference",1899,"RF_tot",0.441393136342096,"W/m2"
"4714","Reference",1900,"RF_tot",0.440354302570314,"W/m2"
"4715","Reference",1901,"RF_tot",0.446244699643434,"W/m2"
"4716","Reference",1902,"RF_tot",0.347452960195215,"W/m2"
"4717","Reference",1903,"RF_tot",-0.45709596312497,"W/m2"
"4718","Reference",1904,"RF_tot",-0.0167221428865079,"W/m2"
"4719","Reference",1905,"RF_tot",0.318402675433555,"W/m2"
"4720","Reference",1906,"RF_tot",0.411949073031841,"W/m2"
"4721","Reference",1907,"RF_tot",0.27519313574235,"W/m2"
"4722","Reference",1908,"RF_tot",0.36038367996315,"W/m2"
"4723","Reference",1909,"RF_tot",0.42670845318474,"W/m2"
"4724","Reference",1910,"RF_tot",0.416390141684706,"W/m2"
"4725","Reference",1911,"RF_tot",0.434014134300441,"W/m2"
"4726","Reference",1912,"RF_tot",-0.00231968787235304,"W/m2"
"4727","Reference",1913,"RF_tot",-0.0727276655211775,"W/m2"
"4728","Reference",1914,"RF_tot",0.286031715280908,"W/m2"
"4729","Reference",1915,"RF_tot",0.447892781063855,"W/m2"
"4730","Reference",1916,"RF_tot",0.456150937029576,"W/m2"
"4731","Reference",1917,"RF_tot",0.451539764802235,"W/m2"
"4732","Reference",1918,"RF_tot",0.463064330667805,"W/m2"
"4733","Reference",1919,"RF_tot",0.526921788415682,"W/m2"
"4734","Reference",1920,"RF_tot",0.503287520203147,"W/m2"
"4735","Reference",1921,"RF_tot",0.575166405190586,"W/m2"
"4736","Reference",1922,"RF_tot",0.475171951280057,"W/m2"
"4737","Reference",1923,"RF_tot",0.480779190249173,"W/m2"
"4738","Reference",1924,"RF_tot",0.561909610913899,"W/m2"
"4739","Reference",1925,"RF_tot",0.567269878069048,"W/m2"
"4740","Reference",1926,"RF_tot",0.563241443012565,"W/m2"
"4741","Reference",1927,"RF_tot",0.547473164028175,"W/m2"
"4742","Reference",1928,"RF_tot",0.527173440626073,"W/m2"
"4743","Reference",1929,"RF_tot",0.350099434253359,"W/m2"
"4744","Reference",1930,"RF_tot",0.552000943391938,"W/m2"
"4745","Reference",1931,"RF_tot",0.625680765520976,"W/m2"
"4746","Reference",1932,"RF_tot",0.524266386386628,"W/m2"
"4747","Reference",1933,"RF_tot",0.621265020854517,"W/m2"
"4748","Reference",1934,"RF_tot",0.625054897149012,"W/m2"
"4749","Reference",1935,"RF_tot",0.608454457652349,"W/m2"
"4750","Reference",1936,"RF_tot",0.585492616907459,"W/m2"
"4751","Reference",1937,"RF_tot",0.568410437930704,"W/m2"
"4752","Reference",1938,"RF_tot",0.614245578772859,"W/m2"
"4753","Reference",1939,"RF_tot",0.589208422755457,"W/m2"
"4754","Reference",1940,"RF_tot",0.561157378721132,"W/m2"
"4755","Reference",1941,"RF_tot",0.55671649486649,"W/m2"
"4756","Reference",1942,"RF_tot",0.551480477801381,"W/m2"
"4757","Reference",1943,"RF_tot",0.562024436482657,"W/m2"
"4758","Reference",1944,"RF_tot",0.587781100605676,"W/m2"
"4759","Reference",1945,"RF_tot",0.667990983118302,"W/m2"
"4760","Reference",1946,"RF_tot",0.693073411838861,"W/m2"
"4761","Reference",1947,"RF_tot",0.662112418070198,"W/m2"
"4762","Reference",1948,"RF_tot",0.654048301687183,"W/m2"
"4763","Reference",1949,"RF_tot",0.662539702277639,"W/m2"
"4764","Reference",1950,"RF_tot",0.63157728732824,"W/m2"
"4765","Reference",1951,"RF_tot",0.63483330819616,"W/m2"
"4766","Reference",1952,"RF_tot",0.62837295700814,"W/m2"
"4767","Reference",1953,"RF_tot",0.624710820685973,"W/m2"
"4768","Reference",1954,"RF_tot",0.630333021533434,"W/m2"
"4769","Reference",1955,"RF_tot",0.608322955875536,"W/m2"
"4770","Reference",1956,"RF_tot",0.582033097284626,"W/m2"
"4771","Reference",1957,"RF_tot",0.580008914610613,"W/m2"
"4772","Reference",1958,"RF_tot",0.611765363887525,"W/m2"
"4773","Reference",1959,"RF_tot",0.606312883340254,"W/m2"
"4774","Reference",1960,"RF_tot",0.593767470206185,"W/m2"
"4775","Reference",1961,"RF_tot",0.576651584576931,"W/m2"
"4776","Reference",1962,"RF_tot",0.437067358488661,"W/m2"
"4777","Reference",1963,"RF_tot",-0.326449709798594,"W/m2"
"4778","Reference",1964,"RF_tot",-0.213233164262379,"W/m2"
"4779","Reference",1965,"RF_tot",0.115386192093213,"W/m2"
"4780","Reference",1966,"RF_tot",0.533530695542027,"W/m2"
"4781","Reference",1967,"RF_tot",0.354635126179188,"W/m2"
"4782","Reference",1968,"RF_tot",0.440394631402069,"W/m2"
"4783","Reference",1969,"RF_tot",0.527700839993235,"W/m2"
"4784","Reference",1970,"RF_tot",0.506959641560432,"W/m2"
"4785","Reference",1971,"RF_tot",0.440830806132272,"W/m2"
"4786","Reference",1972,"RF_tot",0.519662327184822,"W/m2"
"4787","Reference",1973,"RF_tot",0.648489786476665,"W/m2"
"4788","Reference",1974,"RF_tot",0.651628991970207,"W/m2"
"4789","Reference",1975,"RF_tot",0.404588224372614,"W/m2"
"4790","Reference",1976,"RF_tot",0.642397295357893,"W/m2"
"4791","Reference",1977,"RF_tot",0.773650181512572,"W/m2"
"4792","Reference",1978,"RF_tot",0.839778612015201,"W/m2"
"4793","Reference",1979,"RF_tot",0.859743720878948,"W/m2"
"4794","Reference",1980,"RF_tot",0.859145960848421,"W/m2"
"4795","Reference",1981,"RF_tot",0.904098413243207,"W/m2"
"4796","Reference",1982,"RF_tot",0.698725262018263,"W/m2"
"4797","Reference",1983,"RF_tot",0.272353212469547,"W/m2"
"4798","Reference",1984,"RF_tot",0.74559247867305,"W/m2"
"4799","Reference",1985,"RF_tot",0.997370089625578,"W/m2"
"4800","Reference",1986,"RF_tot",1.0613001198464,"W/m2"
"4801","Reference",1987,"RF_tot",1.13856901838791,"W/m2"
"4802","Reference",1988,"RF_tot",1.23638819551471,"W/m2"
"4803","Reference",1989,"RF_tot",1.32322604192742,"W/m2"
"4804","Reference",1990,"RF_tot",1.34996132536335,"W/m2"
"4805","Reference",1991,"RF_tot",0.772601563019701,"W/m2"
"4806","Reference",1992,"RF_tot",-0.338117391662929,"W/m2"
"4807","Reference",1993,"RF_tot",0.562019469526074,"W/m2"
"4808","Reference",1994,"RF_tot",1.29108407532553,"W/m2"
"4809","Reference",1995,"RF_tot",1.56557500861261,"W/m2"
"4810","Reference",1996,"RF_tot",1.68393369551212,"W/m2"
"4811","Reference",1997,"RF_tot",1.61829853086414,"W/m2"
"4812","Reference",1998,"RF_tot",1.67731411146805,"W/m2"
"4813","Reference",1999,"RF_tot",1.83295990614476,"W/m2"
"4814","Reference",2000,"RF_tot",1.8929093770625,"W/m2"
"4815","Reference",2001,"RF_tot",1.91837317897604,"W/m2"
"4816","Reference",2002,"RF_tot",1.87781836302398,"W/m2"
"4817","Reference",2003,"RF_tot",1.8550821952182,"W/m2"
"4818","Reference",2004,"RF_tot",1.91241638997886,"W/m2"
"4819","Reference",2005,"RF_tot",1.88514667763036,"W/m2"
"4820","Reference",2006,"RF_tot",1.86354463357136,"W/m2"
"4821","Reference",2007,"RF_tot",1.94538307815217,"W/m2"
"4822","Reference",2008,"RF_tot",2.04273893501985,"W/m2"
"4823","Reference",2009,"RF_tot",2.12349036364846,"W/m2"
"4824","Reference",2010,"RF_tot",2.19924622186701,"W/m2"
"4825","Reference",2011,"RF_tot",2.21105924467595,"W/m2"
"4826","Reference",2012,"RF_tot",2.26506197047833,"W/m2"
"4827","Reference",2013,"RF_tot",2.39713733074331,"W/m2"
"4828","Reference",2014,"RF_tot",2.41676220196259,"W/m2"
"4829","Reference",2015,"RF_tot",2.459901992916,"W/m2"
"4830","Reference",2016,"RF_tot",2.57783452368517,"W/m2"
"4831","Reference",2017,"RF_tot",2.60670854691968,"W/m2"
"4832","Reference",2018,"RF_tot",2.65936203843049,"W/m2"
"4833","Reference",2019,"RF_tot",2.61125981409744,"W/m2"
"4834","Reference",2020,"RF_tot",2.79753908892774,"W/m2"
"4835","Reference",2021,"RF_tot",2.68380057274888,"W/m2"
"4836","Reference",2022,"RF_tot",2.89101631387616,"W/m2"
"4837","Reference",2023,"RF_tot",2.91994666281371,"W/m2"
"4838","Reference",2024,"RF_tot",2.95295587234806,"W/m2"
"4839","Reference",2025,"RF_tot",3.0035406863996,"W/m2"
"4840","Reference",2026,"RF_tot",3.05803268043937,"W/m2"
"4841","Reference",2027,"RF_tot",3.11171708911945,"W/m2"
"4842","Reference",2028,"RF_tot",3.16470712386386,"W/m2"
"4843","Reference",2029,"RF_tot",3.21704754418334,"W/m2"
"4844","Reference",2030,"RF_tot",3.26875942571845,"W/m2"
"4845","Reference",2031,"RF_tot",3.31637101260477,"W/m2"
"4846","Reference",2032,"RF_tot",3.36387282787207,"W/m2"
"4847","Reference",2033,"RF_tot",3.41127379010143,"W/m2"
"4848","Reference",2034,"RF_tot",3.45859400238707,"W/m2"
"4849","Reference",2035,"RF_tot",3.50585258831267,"W/m2"
"4850","Reference",2036,"RF_tot",3.55345384062153,"W/m2"
"4851","Reference",2037,"RF_tot",3.60065241905474,"W/m2"
"4852","Reference",2038,"RF_tot",3.6474970492488,"W/m2"
"4853","Reference",2039,"RF_tot",3.69402798668858,"W/m2"
"4854","Reference",2040,"RF_tot",3.74028079713545,"W/m2"
"4855","Reference",2041,"RF_tot",3.78626997950267,"W/m2"
"4856","Reference",2042,"RF_tot",3.83244897590122,"W/m2"
"4857","Reference",2043,"RF_tot",3.87882141338874,"W/m2"
"4858","Reference",2044,"RF_tot",3.9253929137735,"W/m2"
"4859","Reference",2045,"RF_tot",3.97216950097285,"W/m2"
"4860","Reference",2046,"RF_tot",4.01847771941351,"W/m2"
"4861","Reference",2047,"RF_tot",4.06474601592426,"W/m2"
"4862","Reference",2048,"RF_tot",4.11098095440001,"W/m2"
"4863","Reference",2049,"RF_tot",4.15718677115642,"W/m2"
"4864","Reference",2050,"RF_tot",4.20336665612889,"W/m2"
"4865","Reference",2051,"RF_tot",4.24944208316427,"W/m2"
"4866","Reference",2052,"RF_tot",4.29564145152978,"W/m2"
"4867","Reference",2053,"RF_tot",4.34195327691024,"W/m2"
"4868","Reference",2054,"RF_tot",4.38836968875971,"W/m2"
"4869","Reference",2055,"RF_tot",4.4348839827763,"W/m2"
"4870","Reference",2056,"RF_tot",4.48138659614328,"W/m2"
"4871","Reference",2057,"RF_tot",4.52802964184564,"W/m2"
"4872","Reference",2058,"RF_tot",4.57479954330666,"W/m2"
"4873","Reference",2059,"RF_tot",4.62168550515658,"W/m2"
"4874","Reference",2060,"RF_tot",4.66867794640961,"W/m2"
"4875","Reference",2061,"RF_tot",4.71586460398464,"W/m2"
"4876","Reference",2062,"RF_tot",4.76297705500931,"W/m2"
"4877","Reference",2063,"RF_tot",4.8100160653327,"W/m2"
"4878","Reference",2064,"RF_tot",4.8569821149707,"W/m2"
"4879","Reference",2065,"RF_tot",4.90387605928272,"W/m2"
"4880","Reference",2066,"RF_tot",4.95043120151895,"W/m2"
"4881","Reference",2067,"RF_tot",4.99692036707286,"W/m2"
"4882","Reference",2068,"RF_tot",5.04333957210617,"W/m2"
"4883","Reference",2069,"RF_tot",5.08968625582484,"W/m2"
"4884","Reference",2070,"RF_tot",5.13595810544567,"W/m2"
"4885","Reference",2071,"RF_tot",5.18248911312632,"W/m2"
"4886","Reference",2072,"RF_tot",5.22892993802695,"W/m2"
"4887","Reference",2073,"RF_tot",5.27528767783661,"W/m2"
"4888","Reference",2074,"RF_tot",5.32156745905959,"W/m2"
"4889","Reference",2075,"RF_tot",5.36777351878045,"W/m2"
"4890","Reference",2076,"RF_tot",5.41476664950843,"W/m2"
"4891","Reference",2077,"RF_tot",5.46148769675329,"W/m2"
"4892","Reference",2078,"RF_tot",5.50795472954471,"W/m2"
"4893","Reference",2079,"RF_tot",5.55418019485404,"W/m2"
"4894","Reference",2080,"RF_tot",5.6001747794928,"W/m2"
"4895","Reference",2081,"RF_tot",5.64647835650938,"W/m2"
"4896","Reference",2082,"RF_tot",5.69253090403909,"W/m2"
"4897","Reference",2083,"RF_tot",5.73834103289365,"W/m2"
"4898","Reference",2084,"RF_tot",5.78391740639448,"W/m2"
"4899","Reference",2085,"RF_tot",5.82926828594947,"W/m2"
"4900","Reference",2086,"RF_tot",5.87498279257786,"W/m2"
"4901","Reference",2087,"RF_tot",5.92039344669245,"W/m2"
"4902","Reference",2088,"RF_tot",5.96551315377081,"W/m2"
"4903","Reference",2089,"RF_tot",6.01035344852693,"W/m2"
"4904","Reference",2090,"RF_tot",6.05492522194893,"W/m2"
"4905","Reference",2091,"RF_tot",6.09954992500281,"W/m2"
"4906","Reference",2092,"RF_tot",6.14380872801684,"W/m2"
"4907","Reference",2093,"RF_tot",6.18771794967575,"W/m2"
"4908","Reference",2094,"RF_tot",6.2312918159373,"W/m2"
"4909","Reference",2095,"RF_tot",6.27454320520749,"W/m2"
"4910","Reference",2096,"RF_tot",6.31807467441962,"W/m2"
"4911","Reference",2097,"RF_tot",6.36124445326886,"W/m2"
"4912","Reference",2098,"RF_tot",6.40406994719353,"W/m2"
"4913","Reference",2099,"RF_tot",6.44656652127218,"W/m2"
"4914","Reference",2100,"RF_tot",6.4887484252695,"W/m2"
"4915","Reference",1750,"gmst",0,"degC"
"4916","Reference",1751,"gmst",0.0174246556514491,"degC"
"4917","Reference",1752,"gmst",0.0333215707560097,"degC"
"4918","Reference",1753,"gmst",0.04467489978716,"degC"
"4919","Reference",1754,"gmst",0.0525930187139007,"degC"
"4920","Reference",1755,"gmst",0.0570840439776315,"degC"
"4921","Reference",1756,"gmst",0.0402895085654961,"degC"
"4922","Reference",1757,"gmst",0.0365355311255901,"degC"
"4923","Reference",1758,"gmst",0.0435420302144358,"degC"
"4924","Reference",1759,"gmst",0.0521376995919893,"degC"
"4925","Reference",1760,"gmst",0.0590646705131098,"degC"
"4926","Reference",1761,"gmst",0.0650357174268994,"degC"
"4927","Reference",1762,"gmst",-0.0123570862247926,"degC"
"4928","Reference",1763,"gmst",-0.0558703601374023,"degC"
"4929","Reference",1764,"gmst",-0.0450935092595162,"degC"
"4930","Reference",1765,"gmst",-0.0202940655359512,"degC"
"4931","Reference",1766,"gmst",-0.0273045466609075,"degC"
"4932","Reference",1767,"gmst",-0.041875346796095,"degC"
"4933","Reference",1768,"gmst",-0.0305821761622594,"degC"
"4934","Reference",1769,"gmst",-0.00914509663028359,"degC"
"4935","Reference",1770,"gmst",-0.00122066823724395,"degC"
"4936","Reference",1771,"gmst",0.0085693661984642,"degC"
"4937","Reference",1772,"gmst",0.0230361574173836,"degC"
"4938","Reference",1773,"gmst",0.0367331942070255,"degC"
"4939","Reference",1774,"gmst",0.0468739288911393,"degC"
"4940","Reference",1775,"gmst",0.0555829254278622,"degC"
"4941","Reference",1776,"gmst",0.0629841460242052,"degC"
"4942","Reference",1777,"gmst",0.0687604541752285,"degC"
"4943","Reference",1778,"gmst",0.073164516532234,"degC"
"4944","Reference",1779,"gmst",0.0772092679518524,"degC"
"4945","Reference",1780,"gmst",0.0799933295901357,"degC"
"4946","Reference",1781,"gmst",0.082913934185893,"degC"
"4947","Reference",1782,"gmst",0.0856125631727721,"degC"
"4948","Reference",1783,"gmst",-0.075063954887353,"degC"
"4949","Reference",1784,"gmst",-0.38807421790708,"degC"
"4950","Reference",1785,"gmst",-0.446125342635791,"degC"
"4951","Reference",1786,"gmst",-0.382604522887115,"degC"
"4952","Reference",1787,"gmst",-0.296971034136911,"degC"
"4953","Reference",1788,"gmst",-0.218711686506212,"degC"
"4954","Reference",1789,"gmst",-0.155503347433596,"degC"
"4955","Reference",1790,"gmst",-0.107139176567957,"degC"
"4956","Reference",1791,"gmst",-0.069602863131428,"degC"
"4957","Reference",1792,"gmst",-0.0402406615750927,"degC"
"4958","Reference",1793,"gmst",-0.0173523001376642,"degC"
"4959","Reference",1794,"gmst",-0.000305147548736291,"degC"
"4960","Reference",1795,"gmst",0.0141020658200103,"degC"
"4961","Reference",1796,"gmst",0.0146199649174853,"degC"
"4962","Reference",1797,"gmst",0.00523204490948111,"degC"
"4963","Reference",1798,"gmst",0.00712007339629267,"degC"
"4964","Reference",1799,"gmst",0.0184766275767373,"degC"
"4965","Reference",1800,"gmst",0.0308636559011593,"degC"
"4966","Reference",1801,"gmst",0.0422665872649297,"degC"
"4967","Reference",1802,"gmst",0.0516872212295055,"degC"
"4968","Reference",1803,"gmst",0.0599922645288267,"degC"
"4969","Reference",1804,"gmst",0.0675982958851744,"degC"
"4970","Reference",1805,"gmst",0.0733007399663274,"degC"
"4971","Reference",1806,"gmst",0.078626791381659,"degC"
"4972","Reference",1807,"gmst",0.0832139483778161,"degC"
"4973","Reference",1808,"gmst",0.0864716639157402,"degC"
"4974","Reference",1809,"gmst",-0.233480579803207,"degC"
"4975","Reference",1810,"gmst",-0.421528626341204,"degC"
"4976","Reference",1811,"gmst",-0.39478508271205,"degC"
"4977","Reference",1812,"gmst",-0.303234667384051,"degC"
"4978","Reference",1813,"gmst",-0.216516152439917,"degC"
"4979","Reference",1814,"gmst",-0.148951958769102,"degC"
"4980","Reference",1815,"gmst",-0.417356768274637,"degC"
"4981","Reference",1816,"gmst",-0.752717323209501,"degC"
"4982","Reference",1817,"gmst",-0.752899342883144,"degC"
"4983","Reference",1818,"gmst",-0.614432300741534,"degC"
"4984","Reference",1819,"gmst",-0.471636509781316,"degC"
"4985","Reference",1820,"gmst",-0.356299695255158,"degC"
"4986","Reference",1821,"gmst",-0.277006458477205,"degC"
"4987","Reference",1822,"gmst",-0.218613858589184,"degC"
"4988","Reference",1823,"gmst",-0.203754010325712,"degC"
"4989","Reference",1824,"gmst",-0.172835397978208,"degC"
"4990","Reference",1825,"gmst",-0.131925959772615,"degC"
"4991","Reference",1826,"gmst",-0.0933262556332595,"degC"
"4992","Reference",1827,"gmst",-0.0611496559666659,"degC"
"4993","Reference",1828,"gmst",-0.0358226476156086,"degC"
"4994","Reference",1829,"gmst",-0.014572173233322,"degC"
"4995","Reference",1830,"gmst",0.00307264291130202,"degC"
"4996","Reference",1831,"gmst",-0.202427150686946,"degC"
"4997","Reference",1832,"gmst",-0.316960277071004,"degC"
"4998","Reference",1833,"gmst",-0.288729291094718,"degC"
"4999","Reference",1834,"gmst",-0.219719509479867,"degC"
"5000","Reference",1835,"gmst",-0.316189778428229,"degC"
"5001","Reference",1836,"gmst",-0.357530843150785,"degC"
"5002","Reference",1837,"gmst",-0.304794356536494,"degC"
"5003","Reference",1838,"gmst",-0.229942624943217,"degC"
"5004","Reference",1839,"gmst",-0.16373684641238,"degC"
"5005","Reference",1840,"gmst",-0.11127383487465,"degC"
"5006","Reference",1841,"gmst",-0.0703309186893034,"degC"
"5007","Reference",1842,"gmst",-0.0379606395980951,"degC"
"5008","Reference",1843,"gmst",-0.0112751523717329,"degC"
"5009","Reference",1844,"gmst",0.0110684410349433,"degC"
"5010","Reference",1845,"gmst",0.0289607088333207,"degC"
"5011","Reference",1846,"gmst",0.0280829184617314,"degC"
"5012","Reference",1847,"gmst",0.0315744897598297,"degC"
"5013","Reference",1848,"gmst",0.0433722489188376,"degC"
"5014","Reference",1849,"gmst",0.0575668976871369,"degC"
"5015","Reference",1850,"gmst",0.0705453026499213,"degC"
"5016","Reference",1851,"gmst",0.0828125456561655,"degC"
"5017","Reference",1852,"gmst",0.0935434598932581,"degC"
"5018","Reference",1853,"gmst",0.0878185053416456,"degC"
"5019","Reference",1854,"gmst",0.0788636577138556,"degC"
"5020","Reference",1855,"gmst",0.0856760189849584,"degC"
"5021","Reference",1856,"gmst",0.0945083363911611,"degC"
"5022","Reference",1857,"gmst",0.0865277819077133,"degC"
"5023","Reference",1858,"gmst",0.0911146301660484,"degC"
"5024","Reference",1859,"gmst",0.103528618139302,"degC"
"5025","Reference",1860,"gmst",0.11615723049653,"degC"
"5026","Reference",1861,"gmst",0.121409761477318,"degC"
"5027","Reference",1862,"gmst",0.0580897380970333,"degC"
"5028","Reference",1863,"gmst",0.0361994904891487,"degC"
"5029","Reference",1864,"gmst",0.0541815125507548,"degC"
"5030","Reference",1865,"gmst",0.0797881926465441,"degC"
"5031","Reference",1866,"gmst",0.102916857052598,"degC"
"5032","Reference",1867,"gmst",0.121070993785479,"degC"
"5033","Reference",1868,"gmst",0.134801287585282,"degC"
"5034","Reference",1869,"gmst",0.146384969871895,"degC"
"5035","Reference",1870,"gmst",0.155549358197818,"degC"
"5036","Reference",1871,"gmst",0.163914163126886,"degC"
"5037","Reference",1872,"gmst",0.17124507469886,"degC"
"5038","Reference",1873,"gmst",0.157901332472716,"degC"
"5039","Reference",1874,"gmst",0.156424008805212,"degC"
"5040","Reference",1875,"gmst",0.160413536043489,"degC"
"5041","Reference",1876,"gmst",0.164698932964524,"degC"
"5042","Reference",1877,"gmst",0.172081410064622,"degC"
"5043","Reference",1878,"gmst",0.17995769113394,"degC"
"5044","Reference",1879,"gmst",0.186096077512068,"degC"
"5045","Reference",1880,"gmst",0.187435824853533,"degC"
"5046","Reference",1881,"gmst",0.188322593728514,"degC"
"5047","Reference",1882,"gmst",0.193159555144838,"degC"
"5048","Reference",1883,"gmst",0.151679153081668,"degC"
"5049","Reference",1884,"gmst",-0.0212007207055171,"degC"
"5050","Reference",1885,"gmst",-0.0613348992613779,"degC"
"5051","Reference",1886,"gmst",-0.0220577794997773,"degC"
"5052","Reference",1887,"gmst",0.0160907679627932,"degC"
"5053","Reference",1888,"gmst",0.0552874939347274,"degC"
"5054","Reference",1889,"gmst",0.0904032652930483,"degC"
"5055","Reference",1890,"gmst",0.105348329757844,"degC"
"5056","Reference",1891,"gmst",0.100010841633983,"degC"
"5057","Reference",1892,"gmst",0.111763490245294,"degC"
"5058","Reference",1893,"gmst",0.134096636764827,"degC"
"5059","Reference",1894,"gmst",0.152014569761352,"degC"
"5060","Reference",1895,"gmst",0.165885566877956,"degC"
"5061","Reference",1896,"gmst",0.177062266600053,"degC"
"5062","Reference",1897,"gmst",0.185515225384194,"degC"
"5063","Reference",1898,"gmst",0.19232179012382,"degC"
"5064","Reference",1899,"gmst",0.196492757929182,"degC"
"5065","Reference",1900,"gmst",0.199898980831418,"degC"
"5066","Reference",1901,"gmst",0.203565593216773,"degC"
"5067","Reference",1902,"gmst",0.197907906588728,"degC"
"5068","Reference",1903,"gmst",0.11961878623298,"degC"
"5069","Reference",1904,"gmst",0.0916089298562439,"degC"
"5070","Reference",1905,"gmst",0.108791631489831,"degC"
"5071","Reference",1906,"gmst",0.133391408528332,"degC"
"5072","Reference",1907,"gmst",0.139038741709887,"degC"
"5073","Reference",1908,"gmst",0.148547942894588,"degC"
"5074","Reference",1909,"gmst",0.162959479196834,"degC"
"5075","Reference",1910,"gmst",0.173576662276489,"degC"
"5076","Reference",1911,"gmst",0.182987193994886,"degC"
"5077","Reference",1912,"gmst",0.150780611154603,"degC"
"5078","Reference",1913,"gmst",0.115053243965902,"degC"
"5079","Reference",1914,"gmst",0.121382678030246,"degC"
"5080","Reference",1915,"gmst",0.145747915539852,"degC"
"5081","Reference",1916,"gmst",0.16575508565164,"degC"
"5082","Reference",1917,"gmst",0.179691990009159,"degC"
"5083","Reference",1918,"gmst",0.191051288665478,"degC"
"5084","Reference",1919,"gmst",0.205765700435968,"degC"
"5085","Reference",1920,"gmst",0.215776240295442,"degC"
"5086","Reference",1921,"gmst",0.229795546872471,"degC"
"5087","Reference",1922,"gmst",0.232600092290357,"degC"
"5088","Reference",1923,"gmst",0.234306396126463,"degC"
"5089","Reference",1924,"gmst",0.243779001608823,"degC"
"5090","Reference",1925,"gmst",0.252905665566789,"degC"
"5091","Reference",1926,"gmst",0.259705573361692,"degC"
"5092","Reference",1927,"gmst",0.263717871720864,"degC"
"5093","Reference",1928,"gmst",0.265152086346209,"degC"
"5094","Reference",1929,"gmst",0.250357339806299,"degC"
"5095","Reference",1930,"gmst",0.255935546415617,"degC"
"5096","Reference",1931,"gmst",0.270156943351773,"degC"
"5097","Reference",1932,"gmst",0.27236218576996,"degC"
"5098","Reference",1933,"gmst",0.28157007982062,"degC"
"5099","Reference",1934,"gmst",0.290547695753102,"degC"
"5100","Reference",1935,"gmst",0.29597396755765,"degC"
"5101","Reference",1936,"gmst",0.298076751218903,"degC"
"5102","Reference",1937,"gmst",0.298255334008908,"degC"
"5103","Reference",1938,"gmst",0.302823782476387,"degC"
"5104","Reference",1939,"gmst",0.304976466797683,"degC"
"5105","Reference",1940,"gmst",0.303968511071723,"degC"
"5106","Reference",1941,"gmst",0.302829054122416,"degC"
"5107","Reference",1942,"gmst",0.301831635856353,"degC"
"5108","Reference",1943,"gmst",0.302279342809771,"degC"
"5109","Reference",1944,"gmst",0.305345110263228,"degC"
"5110","Reference",1945,"gmst",0.315454269925008,"degC"
"5111","Reference",1946,"gmst",0.326450763778765,"degC"
"5112","Reference",1947,"gmst",0.332203766133871,"degC"
"5113","Reference",1948,"gmst",0.335579621396264,"degC"
"5114","Reference",1949,"gmst",0.339187971721554,"degC"
"5115","Reference",1950,"gmst",0.339580761054675,"degC"
"5116","Reference",1951,"gmst",0.340128884752012,"degC"
"5117","Reference",1952,"gmst",0.340402243766898,"degC"
"5118","Reference",1953,"gmst",0.34050612131521,"degC"
"5119","Reference",1954,"gmst",0.341340402756957,"degC"
"5120","Reference",1955,"gmst",0.340290505126599,"degC"
"5121","Reference",1956,"gmst",0.337047701701143,"degC"
"5122","Reference",1957,"gmst",0.334360982203978,"degC"
"5123","Reference",1958,"gmst",0.335466196022197,"degC"
"5124","Reference",1959,"gmst",0.336356208475008,"degC"
"5125","Reference",1960,"gmst",0.335854911228016,"degC"
"5126","Reference",1961,"gmst",0.33387652766195,"degC"
"5127","Reference",1962,"gmst",0.319618545513777,"degC"
"5128","Reference",1963,"gmst",0.237816582103329,"degC"
"5129","Reference",1964,"gmst",0.177661993894441,"degC"
"5130","Reference",1965,"gmst",0.165634175123107,"degC"
"5131","Reference",1966,"gmst",0.198186532365697,"degC"
"5132","Reference",1967,"gmst",0.209620848089612,"degC"
"5133","Reference",1968,"gmst",0.221550114193047,"degC"
"5134","Reference",1969,"gmst",0.239053787887111,"degC"
"5135","Reference",1970,"gmst",0.250867098361769,"degC"
"5136","Reference",1971,"gmst",0.253043858533801,"degC"
"5137","Reference",1972,"gmst",0.261041723657159,"degC"
"5138","Reference",1973,"gmst",0.280024942211075,"degC"
"5139","Reference",1974,"gmst",0.296129475891114,"degC"
"5140","Reference",1975,"gmst",0.285586659108462,"degC"
"5141","Reference",1976,"gmst",0.296465870760934,"degC"
"5142","Reference",1977,"gmst",0.320475718562309,"degC"
"5143","Reference",1978,"gmst",0.345967909330041,"degC"
"5144","Reference",1979,"gmst",0.367621843516565,"degC"
"5145","Reference",1980,"gmst",0.384271317731392,"degC"
"5146","Reference",1981,"gmst",0.401365769200488,"degC"
"5147","Reference",1982,"gmst",0.396750977768899,"degC"
"5148","Reference",1983,"gmst",0.352559417582868,"degC"
"5149","Reference",1984,"gmst",0.358420797860951,"degC"
"5150","Reference",1985,"gmst",0.39333849014316,"degC"
"5151","Reference",1986,"gmst",0.427798912301131,"degC"
"5152","Reference",1987,"gmst",0.46086637857089,"degC"
"5153","Reference",1988,"gmst",0.495676757681875,"degC"
"5154","Reference",1989,"gmst",0.531401370535494,"degC"
"5155","Reference",1990,"gmst",0.562383838724086,"degC"
"5156","Reference",1991,"gmst",0.534250538862494,"degC"
"5157","Reference",1992,"gmst",0.405969050022707,"degC"
"5158","Reference",1993,"gmst",0.380504222216485,"degC"
"5159","Reference",1994,"gmst",0.442726616240633,"degC"
"5160","Reference",1995,"gmst",0.521704036176672,"degC"
"5161","Reference",1996,"gmst",0.592566066631881,"degC"
"5162","Reference",1997,"gmst",0.640220621081666,"degC"
"5163","Reference",1998,"gmst",0.680875216206607,"degC"
"5164","Reference",1999,"gmst",0.727755500345534,"degC"
"5165","Reference",2000,"gmst",0.771881971482753,"degC"
"5166","Reference",2001,"gmst",0.809462749904816,"degC"
"5167","Reference",2002,"gmst",0.835987533694882,"degC"
"5168","Reference",2003,"gmst",0.855233337143845,"degC"
"5169","Reference",2004,"gmst",0.876738782401031,"degC"
"5170","Reference",2005,"gmst",0.893162966962263,"degC"
"5171","Reference",2006,"gmst",0.904932384104204,"degC"
"5172","Reference",2007,"gmst",0.922770407573472,"degC"
"5173","Reference",2008,"gmst",0.947784148426387,"degC"
"5174","Reference",2009,"gmst",0.976512184779398,"degC"
"5175","Reference",2010,"gmst",1.00723218722081,"degC"
"5176","Reference",2011,"gmst",1.03361398799562,"degC"
"5177","Reference",2012,"gmst",1.05987109464417,"degC"
"5178","Reference",2013,"gmst",1.09389589786995,"degC"
"5179","Reference",2014,"gmst",1.1244461472732,"degC"
"5180","Reference",2015,"gmst",1.152955885418,"degC"
"5181","Reference",2016,"gmst",1.18733236712153,"degC"
"5182","Reference",2017,"gmst",1.2189727091114,"degC"
"5183","Reference",2018,"gmst",1.24946355876614,"degC"
"5184","Reference",2019,"gmst",1.27044213969851,"degC"
"5185","Reference",2020,"gmst",1.30439162962752,"degC"
"5186","Reference",2021,"gmst",1.3239171788836,"degC"
"5187","Reference",2022,"gmst",1.35756274088374,"degC"
"5188","Reference",2023,"gmst",1.39018992507571,"degC"
"5189","Reference",2024,"gmst",1.4195364195999,"degC"
"5190","Reference",2025,"gmst",1.44839941652708,"degC"
"5191","Reference",2026,"gmst",1.47757792360933,"degC"
"5192","Reference",2027,"gmst",1.50695555553333,"degC"
"5193","Reference",2028,"gmst",1.53639977302941,"degC"
"5194","Reference",2029,"gmst",1.56583261919815,"degC"
"5195","Reference",2030,"gmst",1.59520329262053,"degC"
"5196","Reference",2031,"gmst",1.62415899389316,"degC"
"5197","Reference",2032,"gmst",1.65275476010584,"degC"
"5198","Reference",2033,"gmst",1.68108925580757,"degC"
"5199","Reference",2034,"gmst",1.70922713068688,"degC"
"5200","Reference",2035,"gmst",1.73721403151003,"degC"
"5201","Reference",2036,"gmst",1.76511911982378,"degC"
"5202","Reference",2037,"gmst",1.79293056404388,"degC"
"5203","Reference",2038,"gmst",1.82063349259393,"degC"
"5204","Reference",2039,"gmst",1.84822290127724,"degC"
"5205","Reference",2040,"gmst",1.87569920081614,"degC"
"5206","Reference",2041,"gmst",1.90306436166771,"degC"
"5207","Reference",2042,"gmst",1.93036105910657,"degC"
"5208","Reference",2043,"gmst",1.95762702507596,"degC"
"5209","Reference",2044,"gmst",1.98488988338179,"degC"
"5210","Reference",2045,"gmst",2.01217090423819,"degC"
"5211","Reference",2046,"gmst",2.03942519899042,"degC"
"5212","Reference",2047,"gmst",2.06665031089058,"degC"
"5213","Reference",2048,"gmst",2.0938525354484,"degC"
"5214","Reference",2049,"gmst",2.12103658383989,"degC"
"5215","Reference",2050,"gmst",2.148206205356,"degC"
"5216","Reference",2051,"gmst",2.17535711002988,"degC"
"5217","Reference",2052,"gmst",2.20250596146222,"degC"
"5218","Reference",2053,"gmst",2.22966732762002,"degC"
"5219","Reference",2054,"gmst",2.25685083061666,"degC"
"5220","Reference",2055,"gmst",2.28406305509799,"degC"
"5221","Reference",2056,"gmst",2.31129914034358,"degC"
"5222","Reference",2057,"gmst",2.3385682422045,"degC"
"5223","Reference",2058,"gmst",2.36587844211627,"degC"
"5224","Reference",2059,"gmst",2.39323456301929,"degC"
"5225","Reference",2060,"gmst",2.4206394131109,"degC"
"5226","Reference",2061,"gmst",2.44810324806107,"degC"
"5227","Reference",2062,"gmst",2.47561069907307,"degC"
"5228","Reference",2063,"gmst",2.50314700797847,"degC"
"5229","Reference",2064,"gmst",2.53070200637102,"degC"
"5230","Reference",2065,"gmst",2.55826838212565,"degC"
"5231","Reference",2066,"gmst",2.58581634583805,"degC"
"5232","Reference",2067,"gmst",2.61334492500185,"degC"
"5233","Reference",2068,"gmst",2.64085683997905,"degC"
"5234","Reference",2069,"gmst",2.66835294712695,"degC"
"5235","Reference",2070,"gmst",2.69583317051032,"degC"
"5236","Reference",2071,"gmst",2.72332753763529,"degC"
"5237","Reference",2072,"gmst",2.75083070772397,"degC"
"5238","Reference",2073,"gmst",2.77833402861962,"degC"
"5239","Reference",2074,"gmst",2.80583229195982,"degC"
"5240","Reference",2075,"gmst",2.83332222316564,"degC"
"5241","Reference",2076,"gmst",2.86087977623055,"degC"
"5242","Reference",2077,"gmst",2.88847610584273,"degC"
"5243","Reference",2078,"gmst",2.91607594506994,"degC"
"5244","Reference",2079,"gmst",2.94365670806891,"degC"
"5245","Reference",2080,"gmst",2.97120324391874,"degC"
"5246","Reference",2081,"gmst",2.99875341563255,"degC"
"5247","Reference",2082,"gmst",3.02629100183545,"degC"
"5248","Reference",2083,"gmst",3.05379597280593,"degC"
"5249","Reference",2084,"gmst",3.08125514955041,"degC"
"5250","Reference",2085,"gmst",3.10865957084584,"degC"
"5251","Reference",2086,"gmst",3.13605598326967,"degC"
"5252","Reference",2087,"gmst",3.16342561150423,"degC"
"5253","Reference",2088,"gmst",3.19074547351657,"degC"
"5254","Reference",2089,"gmst",3.2180008040095,"degC"
"5255","Reference",2090,"gmst",3.24518182193657,"degC"
"5256","Reference",2091,"gmst",3.27231032968581,"degC"
"5257","Reference",2092,"gmst",3.29936812453358,"degC"
"5258","Reference",2093,"gmst",3.32633664265321,"degC"
"5259","Reference",2094,"gmst",3.35320405161417,"degC"
"5260","Reference",2095,"gmst",3.37996266307202,"degC"
"5261","Reference",2096,"gmst",3.40666130159142,"degC"
"5262","Reference",2097,"gmst",3.43328514327055,"degC"
"5263","Reference",2098,"gmst",3.45981479164472,"degC"
"5264","Reference",2099,"gmst",3.48623846197982,"degC"
"5265","Reference",2100,"gmst",3.51254892802394,"degC"
